order_id,date_commande,pays,ville,canal_vente,segment_client,categorie_produit,produit,quantite,prix_unitaire_fcfa,remise_pourcentage,chiffre_affaires_fcfa,cout_fcfa,profit_fcfa,methode_paiement,campagne_marketing,satisfaction_client
CMD-100001,2026-01-21,RCA,Bangui,Instagram,Particulier,Téléphones,iPhone 13,4,497017,15,1689858,976186,713672,Mobile Money,Promo rentrée,3.2
CMD-100002,2025-05-09,Cameroun,Yaoundé,Site web,PME,Alimentation,Riz 25kg,9,22793,15,174367,128919,45448,Mobile Money,Campagne Facebook Ads,3.4
CMD-100003,2025-02-17,Guinée équatoriale,Malabo,Facebook,Grande entreprise,Mode,Chemise homme,5,16899,0,84495,48804,35691,Espèces,Campagne Facebook Ads,3.2
CMD-100004,2025-01-10,Congo,Nkayi,Revendeur,Particulier,Alimentation,Riz 25kg,15,23871,10,322259,202751,119508,Mobile Money,Soldes Ramadan,4.2
CMD-100005,2025-01-17,Cameroun,Garoua,Facebook,Particulier,Téléphones,Tecno Spark 20,14,78646,0,1101044,740364,360680,Espèces,Soldes Ramadan,3.3
CMD-100006,2024-07-06,RCA,Bangui,Revendeur,Grande entreprise,Alimentation,Huile 5L,9,10281,0,92529,62439,30090,Carte bancaire,Soldes Ramadan,5.0
CMD-100007,2026-03-07,Gabon,Libreville,Facebook,Particulier,Électroménager,Réfrigérateur LG,13,411122,0,5344586,3035034,2309552,Virement bancaire,Promo WhatsApp,4.8
CMD-100008,2026-04-12,RCA,Berbérati,Site web,PME,Électroménager,Télévision Hisense 43,3,221181,10,597189,415359,181830,Espèces,Black Friday,3.9
CMD-100009,2025-05-14,Cameroun,Bafoussam,Instagram,PME,Téléphones,Samsung Galaxy A15,14,88104,15,1048438,621928,426510,Virement bancaire,Aucune campagne,4.2
CMD-100010,2024-11-27,Gabon,Franceville,Instagram,Particulier,Téléphones,Samsung Galaxy A15,11,106513,0,1171643,887544,284099,Virement bancaire,Promo rentrée,3.2
CMD-100011,2025-11-05,RCA,Berbérati,WhatsApp Business,PME,Alimentation,Huile 5L,9,10717,15,81986,51698,30288,Carte bancaire,Aucune campagne,4.2
CMD-100012,2024-09-21,Guinée équatoriale,Malabo,WhatsApp Business,Grande entreprise,Alimentation,Boisson gazeuse,8,3167,0,25336,19945,5391,Mobile Money,Promo rentrée,3.5
CMD-100013,2025-12-16,RCA,Berbérati,Instagram,Particulier,Téléphones,Tecno Spark 20,3,90519,10,244402,145317,99085,Carte bancaire,Soldes Ramadan,4.7
CMD-100014,2023-05-12,Gabon,Port-Gentil,Site web,Grande entreprise,Informatique,Clé USB 64GB,15,9264,0,138960,85729,53231,Carte bancaire,Aucune campagne,3.7
CMD-100015,2023-05-26,Cameroun,Douala,Facebook,Grande entreprise,Téléphones,Samsung Galaxy A15,4,87100,0,348400,272484,75916,Virement bancaire,Black Friday,4.0
CMD-100016,2023-07-18,Tchad,N'Djamena,Facebook,PME,Alimentation,Lait en poudre,4,7125,5,27075,16283,10792,Virement bancaire,Promo WhatsApp,4.3
CMD-100017,2024-01-25,Guinée équatoriale,Malabo,WhatsApp Business,PME,Téléphones,Samsung Galaxy A15,7,102795,0,719565,444070,275495,Carte bancaire,Fête de fin d'année,4.1
CMD-100018,2026-01-12,RDC,Lubumbashi,Boutique physique,Particulier,Téléphones,Redmi Note 13,13,156147,10,1826920,1053101,773819,Carte bancaire,Promo WhatsApp,4.7
CMD-100019,2025-03-10,RDC,Matadi,Instagram,PME,Électroménager,Ventilateur Binatone,15,25610,5,364943,200931,164012,Virement bancaire,Soldes Ramadan,3.5
CMD-100020,2026-01-15,RCA,Berbérati,Facebook,Particulier,Électroménager,Mixeur Moulinex,5,33404,0,167020,117979,49041,Mobile Money,Aucune campagne,3.1
CMD-100021,2024-04-26,RDC,Lubumbashi,Site web,Particulier,Téléphones,Samsung Galaxy A15,14,89913,10,1132904,643885,489019,Mobile Money,Aucune campagne,3.8
CMD-100022,2024-05-03,Congo,Nkayi,WhatsApp Business,Grande entreprise,Alimentation,Boisson gazeuse,15,3378,15,43070,32017,11053,Espèces,Promo WhatsApp,3.5
CMD-100023,2024-03-12,Gabon,Libreville,WhatsApp Business,PME,Téléphones,Redmi Note 13,10,160945,0,1609450,917033,692417,Mobile Money,Black Friday,4.0
CMD-100024,2025-12-19,Gabon,Port-Gentil,Site web,PME,Électroménager,Ventilateur Binatone,14,29002,0,406028,290372,115656,Mobile Money,Black Friday,3.0
CMD-100025,2024-02-21,Gabon,Libreville,Facebook,Grande entreprise,Téléphones,Tecno Spark 20,5,82487,0,412435,306750,105685,Virement bancaire,Fête de fin d'année,4.4
CMD-100026,2023-09-25,Guinée équatoriale,Malabo,Facebook,Particulier,Téléphones,Redmi Note 13,14,135683,0,1899562,1215834,683728,Virement bancaire,Aucune campagne,4.3
CMD-100027,2026-01-22,RCA,Berbérati,Facebook,Grande entreprise,Alimentation,Riz 25kg,2,22051,15,37487,29766,7721,Carte bancaire,Promo WhatsApp,3.1
CMD-100028,2024-03-06,Cameroun,Douala,Revendeur,Particulier,Informatique,Imprimante Canon,15,135992,0,2039880,1617032,422848,Espèces,Campagne Facebook Ads,4.4
CMD-100029,2023-12-29,Tchad,Moundou,Boutique physique,Particulier,Alimentation,Huile 5L,15,10758,0,161370,131286,30084,Espèces,Campagne Facebook Ads,4.8
CMD-100030,2025-08-21,RDC,Lubumbashi,Instagram,PME,Informatique,Dell Latitude,13,451634,5,5577680,4381184,1196496,Espèces,Campagne Facebook Ads,3.4
CMD-100031,2023-05-23,Guinée équatoriale,Malabo,Facebook,PME,Électroménager,Réfrigérateur LG,11,398278,0,4381058,2739137,1641921,Virement bancaire,Soldes Ramadan,4.9
CMD-100032,2024-06-27,Guinée équatoriale,Bata,Site web,PME,Téléphones,Samsung Galaxy A15,15,108547,0,1628205,1150748,477457,Espèces,Soldes Ramadan,3.1
CMD-100033,2025-06-12,Guinée équatoriale,Bata,Site web,Grande entreprise,Mode,Chaussures Nike,7,61868,0,433076,267976,165100,Carte bancaire,Fête de fin d'année,3.0
CMD-100034,2025-11-04,RDC,Kinshasa,Instagram,PME,Informatique,Imprimante Canon,11,133440,15,1247664,989413,258251,Virement bancaire,Soldes Ramadan,3.6
CMD-100035,2023-12-23,Gabon,Franceville,Facebook,PME,Électroménager,Mixeur Moulinex,7,37318,5,248165,181874,66291,Mobile Money,Fête de fin d'année,4.2
CMD-100036,2025-08-27,Gabon,Libreville,Revendeur,Particulier,Mode,Chemise homme,8,18188,15,123679,75159,48520,Mobile Money,Fête de fin d'année,4.6
CMD-100037,2024-04-05,Tchad,Sarh,WhatsApp Business,Particulier,Alimentation,Boisson gazeuse,2,3866,0,7732,5657,2075,Mobile Money,Black Friday,4.6
CMD-100038,2025-02-25,RDC,Kinshasa,WhatsApp Business,Particulier,Mode,Montre connectée,15,50757,0,761355,566412,194943,Mobile Money,Campagne Facebook Ads,4.0
CMD-100039,2023-04-13,Guinée équatoriale,Malabo,Boutique physique,PME,Mode,Sac à main,3,35232,15,89842,61977,27865,Carte bancaire,Campagne Facebook Ads,4.1
CMD-100040,2025-08-30,RDC,Goma,WhatsApp Business,Grande entreprise,Mode,Montre connectée,14,54082,5,719291,569855,149436,Espèces,Campagne Facebook Ads,3.9
CMD-100041,2024-11-18,Guinée équatoriale,Bata,Site web,Particulier,Électroménager,Télévision Hisense 43,8,211455,0,1691640,1037505,654135,Carte bancaire,Black Friday,3.6
CMD-100042,2025-05-01,Cameroun,Bafoussam,Instagram,PME,Électroménager,Mixeur Moulinex,2,35130,0,70260,48936,21324,Mobile Money,Campagne Facebook Ads,3.1
CMD-100043,2025-05-08,Guinée équatoriale,Bata,Revendeur,Grande entreprise,Mode,Chaussures Nike,6,53605,5,305549,238459,67090,Carte bancaire,Promo WhatsApp,4.1
CMD-100044,2025-04-08,Cameroun,Garoua,Instagram,Particulier,Mode,Montre connectée,1,47866,15,40687,29838,10849,Mobile Money,Promo WhatsApp,4.4
CMD-100045,2024-06-16,Tchad,Sarh,WhatsApp Business,PME,Téléphones,Samsung Galaxy A15,11,95679,5,999846,598974,400872,Espèces,Fête de fin d'année,3.8
CMD-100046,2026-01-09,Guinée équatoriale,Bata,Facebook,Particulier,Informatique,Clé USB 64GB,5,9978,5,47396,26315,21081,Mobile Money,Campagne Facebook Ads,3.1
CMD-100047,2023-09-16,RCA,Bangui,Boutique physique,Grande entreprise,Téléphones,Tecno Spark 20,4,94333,10,339599,200751,138848,Carte bancaire,Promo WhatsApp,3.9
CMD-100048,2023-12-02,RCA,Berbérati,Boutique physique,Grande entreprise,Informatique,Dell Latitude,10,441760,15,3754960,2793526,961434,Mobile Money,Fête de fin d'année,4.9
CMD-100049,2024-05-12,Tchad,Sarh,Facebook,Grande entreprise,Mode,Montre connectée,12,45579,10,492254,362528,129726,Mobile Money,Campagne Facebook Ads,3.2
CMD-100050,2023-01-26,Tchad,N'Djamena,Instagram,Particulier,Informatique,Clé USB 64GB,11,8933,10,88437,64102,24335,Virement bancaire,Fête de fin d'année,4.7
CMD-100051,2026-01-07,RCA,Berbérati,Instagram,PME,Électroménager,Ventilateur Binatone,3,30336,15,77357,48187,29170,Espèces,Fête de fin d'année,4.5
CMD-100052,2025-02-15,Guinée équatoriale,Malabo,Instagram,PME,Téléphones,iPhone 13,15,526604,5,7504107,5281836,2222271,Carte bancaire,Promo WhatsApp,3.7
CMD-100053,2026-02-12,Cameroun,Garoua,WhatsApp Business,Particulier,Informatique,Imprimante Canon,5,134409,15,571239,449924,121315,Carte bancaire,Soldes Ramadan,3.0
CMD-100054,2023-02-05,RDC,Matadi,WhatsApp Business,PME,Alimentation,Huile 5L,12,9680,15,98736,67389,31347,Carte bancaire,Fête de fin d'année,3.2
CMD-100055,2025-07-18,RCA,Berbérati,Facebook,Particulier,Mode,Chemise homme,7,20684,10,130310,83308,47002,Mobile Money,Soldes Ramadan,3.5
CMD-100056,2026-04-22,Cameroun,Garoua,Site web,Grande entreprise,Téléphones,Tecno Spark 20,4,81098,5,308173,192501,115672,Espèces,Promo rentrée,5.0
CMD-100057,2023-09-17,Guinée équatoriale,Malabo,Boutique physique,Grande entreprise,Informatique,Dell Latitude,6,396841,0,2381046,1764747,616299,Espèces,Soldes Ramadan,3.5
CMD-100058,2024-01-13,Cameroun,Bafoussam,Facebook,PME,Téléphones,Samsung Galaxy A15,10,92253,5,876404,586249,290155,Mobile Money,Campagne Facebook Ads,4.9
CMD-100059,2026-02-26,Congo,Nkayi,Boutique physique,Particulier,Mode,Chaussures Nike,10,58154,0,581540,343670,237870,Mobile Money,Aucune campagne,4.9
CMD-100060,2024-08-31,Guinée équatoriale,Bata,Instagram,PME,Alimentation,Huile 5L,13,9791,5,120919,96166,24753,Mobile Money,Aucune campagne,4.7
CMD-100061,2026-02-04,RCA,Bangui,Boutique physique,PME,Électroménager,Mixeur Moulinex,5,37278,0,186390,114585,71805,Virement bancaire,Soldes Ramadan,3.2
CMD-100062,2025-07-18,Tchad,Moundou,WhatsApp Business,PME,Informatique,HP EliteBook,4,369369,0,1477476,1093046,384430,Carte bancaire,Promo WhatsApp,3.1
CMD-100063,2024-09-21,Congo,Brazzaville,Site web,PME,Électroménager,Télévision Hisense 43,14,215178,0,3012492,1791827,1220665,Virement bancaire,Promo rentrée,4.2
CMD-100064,2023-03-23,RDC,Goma,Revendeur,PME,Mode,Chemise homme,9,18629,5,159278,91062,68216,Espèces,Promo rentrée,4.8
CMD-100065,2023-12-25,Congo,Brazzaville,Revendeur,PME,Alimentation,Riz 25kg,13,25633,0,333229,235121,98108,Espèces,Black Friday,3.9
CMD-100066,2023-08-03,Tchad,Moundou,Facebook,PME,Mode,Chaussures Nike,8,54284,0,434272,276494,157778,Virement bancaire,Fête de fin d'année,4.7
CMD-100067,2025-04-07,RCA,Berbérati,Boutique physique,Grande entreprise,Alimentation,Riz 25kg,8,22128,0,177024,112814,64210,Virement bancaire,Promo WhatsApp,4.7
CMD-100068,2023-04-16,Congo,Brazzaville,Site web,Particulier,Alimentation,Boisson gazeuse,10,3811,15,32394,21682,10712,Espèces,Promo WhatsApp,3.4
CMD-100069,2024-09-28,RCA,Berbérati,Site web,PME,Téléphones,Samsung Galaxy A15,11,99960,0,1099560,815479,284081,Mobile Money,Black Friday,4.1
CMD-100070,2024-08-20,Guinée équatoriale,Malabo,Facebook,PME,Mode,Chaussures Nike,11,60941,5,636834,510623,126211,Virement bancaire,Promo WhatsApp,4.0
CMD-100071,2023-10-07,Cameroun,Bafoussam,Facebook,PME,Alimentation,Huile 5L,7,9002,10,56713,38974,17739,Espèces,Campagne Facebook Ads,4.7
CMD-100072,2025-09-29,Tchad,Moundou,Instagram,Grande entreprise,Téléphones,iPhone 13,12,506812,10,5473570,3867511,1606059,Virement bancaire,Fête de fin d'année,4.7
CMD-100073,2024-05-04,Gabon,Franceville,WhatsApp Business,PME,Alimentation,Lait en poudre,8,7365,0,58920,48008,10912,Mobile Money,Fête de fin d'année,4.1
CMD-100074,2025-10-11,RCA,Berbérati,WhatsApp Business,Grande entreprise,Mode,Montre connectée,11,52708,15,492820,401560,91260,Espèces,Campagne Facebook Ads,4.9
CMD-100075,2023-11-13,Congo,Nkayi,Facebook,PME,Téléphones,Redmi Note 13,1,151285,5,143721,112842,30879,Virement bancaire,Soldes Ramadan,3.1
CMD-100076,2023-03-15,Congo,Dolisie,WhatsApp Business,Grande entreprise,Alimentation,Lait en poudre,6,6868,5,39148,30752,8396,Espèces,Black Friday,4.2
CMD-100077,2024-09-05,RCA,Bangui,Boutique physique,PME,Mode,Chaussures Nike,13,58214,0,756782,506887,249895,Mobile Money,Fête de fin d'année,4.8
CMD-100078,2024-01-04,Gabon,Port-Gentil,Boutique physique,Grande entreprise,Mode,Sac à main,4,33049,10,118977,87339,31638,Virement bancaire,Aucune campagne,3.3
CMD-100079,2023-01-20,RCA,Bangui,Instagram,PME,Mode,Sac à main,4,32489,0,129956,87601,42355,Carte bancaire,Promo rentrée,4.8
CMD-100080,2024-09-10,RDC,Goma,Instagram,PME,Alimentation,Boisson gazeuse,11,3991,15,37316,23043,14273,Mobile Money,Black Friday,3.4
CMD-100081,2023-01-17,RDC,Goma,Revendeur,Grande entreprise,Alimentation,Boisson gazeuse,12,3408,15,34762,22834,11928,Mobile Money,Aucune campagne,4.1
CMD-100082,2024-05-28,RCA,Berbérati,Revendeur,Grande entreprise,Informatique,Dell Latitude,10,462202,0,4622020,3336575,1285445,Carte bancaire,Soldes Ramadan,4.4
CMD-100083,2024-08-27,Congo,Pointe-Noire,Instagram,Particulier,Informatique,Clé USB 64GB,1,9404,15,7994,4680,3314,Carte bancaire,Black Friday,3.7
CMD-100084,2024-08-27,Guinée équatoriale,Bata,Facebook,Particulier,Alimentation,Boisson gazeuse,14,3293,5,43797,35527,8270,Virement bancaire,Promo rentrée,4.5
CMD-100085,2023-09-11,Cameroun,Yaoundé,Revendeur,Grande entreprise,Mode,Chemise homme,2,19758,0,39516,24555,14961,Espèces,Aucune campagne,3.9
CMD-100086,2024-03-29,RDC,Goma,Revendeur,PME,Téléphones,Tecno Spark 20,8,77031,10,554624,354161,200463,Espèces,Soldes Ramadan,4.3
CMD-100087,2024-04-25,RDC,Kinshasa,WhatsApp Business,PME,Électroménager,Réfrigérateur LG,1,409958,5,389461,226414,163047,Virement bancaire,Fête de fin d'année,4.8
CMD-100088,2025-04-15,RCA,Berbérati,Facebook,Particulier,Alimentation,Huile 5L,15,9535,0,143025,110858,32167,Espèces,Black Friday,4.9
CMD-100089,2025-01-04,RDC,Matadi,Facebook,Particulier,Électroménager,Télévision Hisense 43,2,263403,0,526806,367186,159620,Mobile Money,Campagne Facebook Ads,3.1
CMD-100090,2024-11-14,Guinée équatoriale,Bata,WhatsApp Business,Grande entreprise,Téléphones,Tecno Spark 20,11,90089,0,990979,558571,432408,Carte bancaire,Promo rentrée,3.5
CMD-100091,2023-01-06,Guinée équatoriale,Malabo,WhatsApp Business,Particulier,Alimentation,Huile 5L,14,10615,0,148610,112806,35804,Espèces,Campagne Facebook Ads,3.6
CMD-100092,2023-02-02,Cameroun,Douala,Boutique physique,Particulier,Téléphones,Tecno Spark 20,1,84112,0,84112,59634,24478,Virement bancaire,Aucune campagne,3.3
CMD-100093,2025-10-28,Congo,Pointe-Noire,Site web,Particulier,Mode,Montre connectée,13,47544,10,556265,322324,233941,Espèces,Promo WhatsApp,3.4
CMD-100094,2025-06-27,RCA,Bangui,Boutique physique,PME,Téléphones,Redmi Note 13,14,140056,15,1666667,965249,701418,Carte bancaire,Promo rentrée,3.1
CMD-100095,2025-11-01,Cameroun,Garoua,Boutique physique,Grande entreprise,Alimentation,Boisson gazeuse,7,4020,10,25326,15945,9381,Mobile Money,Campagne Facebook Ads,4.2
CMD-100096,2025-03-27,RCA,Bangui,Boutique physique,PME,Mode,Montre connectée,15,45941,0,689115,532963,156152,Virement bancaire,Fête de fin d'année,3.8
CMD-100097,2023-06-24,RCA,Berbérati,Boutique physique,Grande entreprise,Informatique,Dell Latitude,11,474913,0,5224043,3001895,2222148,Espèces,Campagne Facebook Ads,3.2
CMD-100098,2025-05-16,Cameroun,Douala,Revendeur,Particulier,Alimentation,Boisson gazeuse,11,3256,0,35816,28146,7670,Espèces,Aucune campagne,4.7
CMD-100099,2024-12-18,Gabon,Port-Gentil,Facebook,Particulier,Téléphones,Tecno Spark 20,3,90455,0,271365,211329,60036,Espèces,Aucune campagne,4.7
CMD-100100,2024-01-05,Cameroun,Bafoussam,Facebook,PME,Alimentation,Riz 25kg,10,27174,15,230979,143717,87262,Espèces,Promo rentrée,3.5
CMD-100101,2023-07-07,Cameroun,Yaoundé,WhatsApp Business,PME,Alimentation,Lait en poudre,2,6080,15,10336,8396,1940,Virement bancaire,Promo WhatsApp,4.5
CMD-100102,2023-04-18,Gabon,Libreville,Site web,Particulier,Informatique,Imprimante Canon,12,117731,10,1271495,904008,367487,Mobile Money,Fête de fin d'année,3.3
CMD-100103,2025-05-30,RDC,Matadi,Revendeur,Grande entreprise,Mode,Montre connectée,7,46478,10,292812,170044,122768,Virement bancaire,Aucune campagne,3.2
CMD-100104,2024-09-09,RCA,Berbérati,WhatsApp Business,PME,Téléphones,Tecno Spark 20,7,97419,0,681933,376478,305455,Espèces,Fête de fin d'année,4.9
CMD-100105,2025-10-21,Congo,Pointe-Noire,Revendeur,PME,Mode,Montre connectée,3,44750,10,120825,89409,31416,Mobile Money,Promo WhatsApp,4.1
CMD-100106,2026-03-20,Guinée équatoriale,Malabo,Revendeur,PME,Mode,Chaussures Nike,8,62165,0,497320,350836,146484,Espèces,Promo rentrée,3.8
CMD-100107,2025-01-11,RDC,Kinshasa,Boutique physique,Particulier,Informatique,Dell Latitude,13,477499,5,5897113,4568180,1328933,Virement bancaire,Aucune campagne,3.2
CMD-100108,2023-06-06,RDC,Kinshasa,Boutique physique,Grande entreprise,Mode,Chemise homme,12,17727,0,212724,161747,50977,Carte bancaire,Campagne Facebook Ads,4.0
CMD-100109,2023-11-10,Gabon,Port-Gentil,Revendeur,Particulier,Électroménager,Mixeur Moulinex,2,32781,0,65562,39130,26432,Carte bancaire,Campagne Facebook Ads,4.5
CMD-100110,2024-10-23,RCA,Berbérati,Revendeur,PME,Mode,Montre connectée,11,54289,10,537462,388911,148551,Carte bancaire,Promo WhatsApp,4.7
CMD-100111,2023-06-01,Congo,Nkayi,Instagram,Particulier,Mode,Chemise homme,13,17436,0,226668,146206,80462,Mobile Money,Fête de fin d'année,3.6
CMD-100112,2026-02-09,Guinée équatoriale,Bata,Revendeur,Particulier,Téléphones,Samsung Galaxy A15,10,99609,5,946286,638678,307608,Virement bancaire,Campagne Facebook Ads,4.9
CMD-100113,2025-07-11,Tchad,Sarh,Facebook,Grande entreprise,Électroménager,Télévision Hisense 43,10,234348,0,2343480,1894902,448578,Mobile Money,Aucune campagne,3.2
CMD-100114,2023-11-22,RCA,Bangui,Facebook,PME,Téléphones,Tecno Spark 20,12,85802,5,978143,676384,301759,Virement bancaire,Campagne Facebook Ads,3.7
CMD-100115,2023-07-13,Gabon,Franceville,Instagram,PME,Alimentation,Riz 25kg,13,25385,0,330005,187375,142630,Espèces,Soldes Ramadan,4.1
CMD-100116,2025-03-13,Guinée équatoriale,Malabo,Revendeur,Particulier,Informatique,HP EliteBook,10,405043,0,4050430,2567010,1483420,Espèces,Aucune campagne,3.3
CMD-100117,2025-01-12,RDC,Goma,WhatsApp Business,PME,Électroménager,Réfrigérateur LG,11,448397,10,4439131,2875196,1563935,Virement bancaire,Black Friday,3.6
CMD-100118,2026-01-10,Cameroun,Yaoundé,Site web,Particulier,Électroménager,Réfrigérateur LG,5,466664,0,2333320,1603168,730152,Espèces,Campagne Facebook Ads,4.7
CMD-100119,2023-12-06,Tchad,N'Djamena,Boutique physique,PME,Alimentation,Lait en poudre,3,6113,15,15589,11819,3770,Espèces,Soldes Ramadan,4.4
CMD-100120,2024-05-04,RCA,Bangui,Instagram,Particulier,Mode,Chemise homme,13,19568,5,241665,148184,93481,Espèces,Soldes Ramadan,3.6
CMD-100121,2023-11-28,Tchad,Moundou,Site web,Particulier,Mode,Chemise homme,13,17918,10,209641,139000,70641,Espèces,Promo rentrée,4.6
CMD-100122,2023-11-25,RCA,Berbérati,Site web,Particulier,Informatique,HP EliteBook,12,422359,0,5068308,3177661,1890647,Virement bancaire,Promo rentrée,3.5
CMD-100123,2025-03-01,Cameroun,Bafoussam,Facebook,Particulier,Informatique,HP EliteBook,7,347059,10,2186472,1423326,763146,Mobile Money,Fête de fin d'année,5.0
CMD-100124,2023-10-12,Congo,Dolisie,Instagram,PME,Électroménager,Mixeur Moulinex,1,34010,5,32310,23842,8468,Mobile Money,Promo rentrée,4.5
CMD-100125,2023-08-16,Congo,Dolisie,WhatsApp Business,PME,Électroménager,Mixeur Moulinex,9,39726,10,321781,222832,98949,Mobile Money,Promo rentrée,4.6
CMD-100126,2023-02-03,Cameroun,Bafoussam,Site web,Particulier,Alimentation,Lait en poudre,2,6030,5,11457,8147,3310,Carte bancaire,Fête de fin d'année,4.3
CMD-100127,2023-06-25,RDC,Kinshasa,Facebook,Particulier,Alimentation,Boisson gazeuse,4,3649,0,14596,10646,3950,Mobile Money,Promo WhatsApp,4.0
CMD-100128,2023-05-19,Guinée équatoriale,Bata,Revendeur,Grande entreprise,Téléphones,Redmi Note 13,6,134877,0,809262,523119,286143,Mobile Money,Campagne Facebook Ads,3.7
CMD-100129,2023-12-25,Tchad,Sarh,Revendeur,PME,Informatique,Dell Latitude,1,414991,0,414991,319396,95595,Virement bancaire,Soldes Ramadan,4.7
CMD-100130,2023-03-27,Cameroun,Yaoundé,Facebook,Grande entreprise,Téléphones,Redmi Note 13,1,136270,0,136270,104055,32215,Virement bancaire,Campagne Facebook Ads,3.6
CMD-100131,2023-04-08,Tchad,Moundou,Facebook,PME,Informatique,HP EliteBook,13,403455,0,5244915,3390224,1854691,Mobile Money,Campagne Facebook Ads,4.7
CMD-100132,2025-10-13,Gabon,Port-Gentil,Facebook,Grande entreprise,Mode,Montre connectée,15,54677,0,820155,666708,153447,Espèces,Campagne Facebook Ads,4.4
CMD-100133,2024-10-19,Congo,Nkayi,Facebook,Grande entreprise,Téléphones,Redmi Note 13,10,160828,0,1608280,1121418,486862,Espèces,Fête de fin d'année,3.2
CMD-100134,2024-12-23,RDC,Matadi,Instagram,PME,Électroménager,Ventilateur Binatone,6,28329,15,144478,113402,31076,Mobile Money,Promo rentrée,4.2
CMD-100135,2025-06-16,RCA,Berbérati,Boutique physique,Particulier,Informatique,Dell Latitude,1,392991,10,353692,259285,94407,Espèces,Fête de fin d'année,3.1
CMD-100136,2023-06-07,RDC,Kinshasa,Site web,PME,Alimentation,Huile 5L,11,9618,0,105798,68815,36983,Virement bancaire,Fête de fin d'année,4.1
CMD-100137,2026-02-24,RCA,Berbérati,Facebook,Grande entreprise,Électroménager,Réfrigérateur LG,1,455245,5,432483,298322,134161,Virement bancaire,Black Friday,3.2
CMD-100138,2025-06-30,Tchad,Moundou,Revendeur,PME,Mode,Sac à main,2,29885,0,59770,40168,19602,Espèces,Soldes Ramadan,5.0
CMD-100139,2025-01-10,Congo,Dolisie,Boutique physique,Particulier,Informatique,Dell Latitude,12,452504,15,4615541,3333246,1282295,Carte bancaire,Black Friday,4.0
CMD-100140,2026-02-03,Guinée équatoriale,Bata,Boutique physique,Particulier,Téléphones,iPhone 13,9,542396,5,4637486,3556899,1080587,Espèces,Promo WhatsApp,3.3
CMD-100141,2024-10-11,RCA,Berbérati,Instagram,PME,Alimentation,Lait en poudre,13,6515,10,76226,43442,32784,Espèces,Black Friday,4.3
CMD-100142,2025-11-27,Guinée équatoriale,Malabo,WhatsApp Business,Particulier,Électroménager,Ventilateur Binatone,9,31574,0,284166,220079,64087,Espèces,Soldes Ramadan,3.3
CMD-100143,2026-02-02,Cameroun,Garoua,Revendeur,PME,Alimentation,Boisson gazeuse,14,3219,0,45066,32513,12553,Mobile Money,Aucune campagne,3.5
CMD-100144,2024-11-22,RCA,Bangui,Site web,Particulier,Alimentation,Huile 5L,3,10114,15,25791,20466,5325,Mobile Money,Promo rentrée,4.7
CMD-100145,2026-01-22,Congo,Dolisie,Facebook,PME,Électroménager,Ventilateur Binatone,10,29672,5,281884,222696,59188,Carte bancaire,Campagne Facebook Ads,3.6
CMD-100146,2025-09-18,Guinée équatoriale,Bata,Facebook,Grande entreprise,Informatique,Clé USB 64GB,2,9649,0,19298,12904,6394,Carte bancaire,Fête de fin d'année,3.9
CMD-100147,2024-10-15,Guinée équatoriale,Bata,Boutique physique,PME,Informatique,Clé USB 64GB,3,9811,10,26490,18586,7904,Virement bancaire,Black Friday,3.5
CMD-100148,2023-11-24,Cameroun,Douala,Site web,Grande entreprise,Téléphones,iPhone 13,7,580341,5,3859268,2381295,1477973,Espèces,Black Friday,4.6
CMD-100149,2025-03-16,Guinée équatoriale,Malabo,WhatsApp Business,Particulier,Mode,Montre connectée,8,53748,5,408485,227222,181263,Espèces,Promo rentrée,4.0
CMD-100150,2024-06-25,Congo,Dolisie,Instagram,PME,Mode,Montre connectée,5,49640,0,248200,165388,82812,Mobile Money,Promo WhatsApp,4.5
CMD-100151,2024-07-26,Congo,Brazzaville,Site web,Grande entreprise,Informatique,Imprimante Canon,2,119590,5,227221,171867,55354,Mobile Money,Black Friday,4.7
CMD-100152,2025-11-08,Congo,Nkayi,Boutique physique,Particulier,Informatique,Imprimante Canon,9,136168,0,1225512,739897,485615,Mobile Money,Black Friday,3.8
CMD-100153,2024-10-14,RCA,Berbérati,Site web,Grande entreprise,Mode,Montre connectée,3,50475,10,136283,80099,56184,Espèces,Aucune campagne,3.3
CMD-100154,2025-01-24,Gabon,Franceville,Boutique physique,PME,Alimentation,Lait en poudre,12,6764,5,77110,59394,17716,Espèces,Campagne Facebook Ads,3.7
CMD-100155,2023-04-16,RCA,Bangui,WhatsApp Business,Grande entreprise,Alimentation,Lait en poudre,5,7421,10,33395,23575,9820,Virement bancaire,Black Friday,4.2
CMD-100156,2025-04-25,Guinée équatoriale,Malabo,Instagram,Grande entreprise,Téléphones,Samsung Galaxy A15,4,85949,0,343796,227961,115835,Virement bancaire,Campagne Facebook Ads,4.4
CMD-100157,2025-02-10,Guinée équatoriale,Malabo,WhatsApp Business,PME,Électroménager,Mixeur Moulinex,9,34344,15,262732,178437,84295,Espèces,Aucune campagne,3.6
CMD-100158,2024-04-05,Gabon,Franceville,Facebook,PME,Informatique,Clé USB 64GB,4,10254,0,41016,28739,12277,Carte bancaire,Soldes Ramadan,4.9
CMD-100159,2023-09-07,RCA,Berbérati,Site web,PME,Informatique,Clé USB 64GB,6,9361,15,47742,29783,17959,Virement bancaire,Campagne Facebook Ads,4.1
CMD-100160,2025-06-24,Gabon,Libreville,Revendeur,PME,Informatique,HP EliteBook,5,432754,0,2163770,1392425,771345,Carte bancaire,Black Friday,4.3
CMD-100161,2024-05-11,Guinée équatoriale,Bata,Site web,Particulier,Alimentation,Boisson gazeuse,3,3245,15,8275,5862,2413,Carte bancaire,Promo rentrée,3.1
CMD-100162,2026-02-01,Congo,Nkayi,WhatsApp Business,PME,Informatique,Clé USB 64GB,2,9632,0,19264,10622,8642,Virement bancaire,Promo WhatsApp,5.0
CMD-100163,2024-04-20,RCA,Bangui,Revendeur,Particulier,Informatique,Imprimante Canon,5,127376,0,636880,462451,174429,Carte bancaire,Promo WhatsApp,4.1
CMD-100164,2024-08-15,Guinée équatoriale,Malabo,Boutique physique,PME,Téléphones,Redmi Note 13,13,143338,15,1583885,1282591,301294,Mobile Money,Fête de fin d'année,4.8
CMD-100165,2024-01-30,Gabon,Port-Gentil,Facebook,Particulier,Alimentation,Lait en poudre,15,7375,10,99563,67340,32223,Virement bancaire,Soldes Ramadan,4.6
CMD-100166,2024-01-31,Gabon,Franceville,Revendeur,PME,Électroménager,Réfrigérateur LG,12,413396,0,4960752,3488901,1471851,Virement bancaire,Aucune campagne,3.4
CMD-100167,2024-05-23,Gabon,Libreville,Instagram,Particulier,Mode,Chaussures Nike,3,62998,5,179545,114437,65108,Virement bancaire,Campagne Facebook Ads,3.0
CMD-100168,2023-08-31,Gabon,Port-Gentil,WhatsApp Business,PME,Informatique,HP EliteBook,5,404099,15,1717421,1054155,663266,Espèces,Soldes Ramadan,3.9
CMD-100169,2025-02-04,Congo,Dolisie,Site web,PME,Informatique,Dell Latitude,4,478522,5,1818384,1075319,743065,Carte bancaire,Campagne Facebook Ads,3.8
CMD-100170,2023-08-18,Cameroun,Douala,Site web,Grande entreprise,Alimentation,Lait en poudre,9,6993,0,62937,50202,12735,Carte bancaire,Aucune campagne,3.1
CMD-100171,2026-04-09,Tchad,N'Djamena,Site web,PME,Électroménager,Télévision Hisense 43,14,236919,0,3316866,2433517,883349,Mobile Money,Promo WhatsApp,4.0
CMD-100172,2025-03-21,Cameroun,Bafoussam,Boutique physique,Grande entreprise,Mode,Chaussures Nike,9,55857,0,502713,374664,128049,Carte bancaire,Aucune campagne,3.5
CMD-100173,2023-05-22,Congo,Pointe-Noire,Instagram,Particulier,Mode,Chemise homme,12,16486,0,197832,158728,39104,Espèces,Promo WhatsApp,5.0
CMD-100174,2026-01-09,Cameroun,Yaoundé,Facebook,Particulier,Mode,Chemise homme,15,17921,5,255375,166357,89018,Carte bancaire,Aucune campagne,3.3
CMD-100175,2026-01-20,RDC,Lubumbashi,Instagram,Particulier,Électroménager,Réfrigérateur LG,13,380387,0,4945031,3337950,1607081,Carte bancaire,Promo WhatsApp,3.8
CMD-100176,2025-05-08,Gabon,Libreville,Boutique physique,Particulier,Informatique,Dell Latitude,15,469896,0,7048440,3937954,3110486,Carte bancaire,Promo rentrée,4.2
CMD-100177,2026-01-10,Congo,Pointe-Noire,Boutique physique,Particulier,Mode,Chaussures Nike,4,59682,5,226792,151614,75178,Espèces,Black Friday,3.4
CMD-100178,2025-12-03,Guinée équatoriale,Bata,Facebook,PME,Alimentation,Boisson gazeuse,4,3414,0,13656,11145,2511,Mobile Money,Aucune campagne,3.4
CMD-100179,2025-02-19,Tchad,Sarh,Facebook,Grande entreprise,Électroménager,Ventilateur Binatone,9,28669,0,258021,207507,50514,Virement bancaire,Promo WhatsApp,4.6
CMD-100180,2024-09-07,Cameroun,Garoua,WhatsApp Business,PME,Mode,Sac à main,13,33103,0,430339,335372,94967,Mobile Money,Aucune campagne,4.7
CMD-100181,2023-06-11,RDC,Matadi,Facebook,Particulier,Alimentation,Huile 5L,7,9126,0,63882,40831,23051,Carte bancaire,Promo rentrée,4.8
CMD-100182,2026-02-18,Gabon,Port-Gentil,WhatsApp Business,PME,Alimentation,Riz 25kg,14,22036,10,277654,207008,70646,Espèces,Promo rentrée,3.4
CMD-100183,2025-03-23,Cameroun,Yaoundé,Site web,PME,Téléphones,Redmi Note 13,15,134490,10,1815615,1343586,472029,Espèces,Promo WhatsApp,4.8
CMD-100184,2025-08-19,RDC,Goma,Facebook,Particulier,Informatique,Imprimante Canon,6,123384,5,703289,475297,227992,Espèces,Fête de fin d'année,4.5
CMD-100185,2026-04-11,RDC,Kinshasa,Instagram,PME,Alimentation,Huile 5L,12,8896,0,106752,74661,32091,Carte bancaire,Black Friday,4.2
CMD-100186,2025-09-27,Gabon,Libreville,Revendeur,Grande entreprise,Mode,Sac à main,8,33205,15,225794,144766,81028,Virement bancaire,Promo WhatsApp,4.9
CMD-100187,2026-01-15,Cameroun,Garoua,Boutique physique,Grande entreprise,Électroménager,Mixeur Moulinex,12,36282,0,435384,347246,88138,Mobile Money,Campagne Facebook Ads,5.0
CMD-100188,2023-11-06,Guinée équatoriale,Malabo,Site web,PME,Téléphones,Samsung Galaxy A15,7,88765,15,528152,323486,204666,Espèces,Promo rentrée,3.0
CMD-100189,2025-04-22,Tchad,Sarh,Site web,Grande entreprise,Alimentation,Lait en poudre,11,6642,0,73062,50682,22380,Espèces,Aucune campagne,3.0
CMD-100190,2023-07-17,Gabon,Libreville,WhatsApp Business,Particulier,Alimentation,Lait en poudre,13,7377,0,95901,55516,40385,Espèces,Campagne Facebook Ads,4.0
CMD-100191,2024-04-07,Gabon,Port-Gentil,Boutique physique,Grande entreprise,Mode,Chaussures Nike,6,62690,5,357333,251044,106289,Mobile Money,Promo rentrée,3.6
CMD-100192,2025-10-20,RDC,Matadi,Revendeur,PME,Mode,Montre connectée,1,50840,15,43214,25767,17447,Mobile Money,Aucune campagne,4.7
CMD-100193,2024-07-28,Congo,Brazzaville,Site web,Grande entreprise,Électroménager,Ventilateur Binatone,5,25525,0,127625,93778,33847,Mobile Money,Black Friday,4.8
CMD-100194,2023-06-07,Guinée équatoriale,Bata,Site web,Particulier,Téléphones,Tecno Spark 20,10,79564,15,676294,521857,154437,Virement bancaire,Soldes Ramadan,3.6
CMD-100195,2024-12-09,Tchad,Moundou,Instagram,Particulier,Mode,Sac à main,13,36707,15,405613,231676,173937,Mobile Money,Fête de fin d'année,3.1
CMD-100196,2025-07-11,Tchad,Sarh,Facebook,Grande entreprise,Alimentation,Lait en poudre,13,6380,15,70499,43977,26522,Virement bancaire,Promo WhatsApp,4.0
CMD-100197,2023-11-12,Cameroun,Bafoussam,Revendeur,Particulier,Téléphones,iPhone 13,13,500038,0,6500494,3719259,2781235,Virement bancaire,Fête de fin d'année,3.8
CMD-100198,2023-06-28,Gabon,Libreville,Instagram,Grande entreprise,Téléphones,Samsung Galaxy A15,5,96062,0,480310,277428,202882,Virement bancaire,Promo rentrée,3.4
CMD-100199,2023-01-26,Congo,Pointe-Noire,Instagram,Particulier,Informatique,HP EliteBook,10,398814,0,3988140,3123526,864614,Carte bancaire,Aucune campagne,3.6
CMD-100200,2023-05-10,Tchad,N'Djamena,Facebook,PME,Mode,Sac à main,3,30951,0,92853,63431,29422,Espèces,Promo WhatsApp,3.3
CMD-100201,2024-02-05,Guinée équatoriale,Malabo,WhatsApp Business,PME,Informatique,Imprimante Canon,4,129626,5,492579,349892,142687,Mobile Money,Promo WhatsApp,3.9
CMD-100202,2023-10-06,Gabon,Franceville,Site web,Grande entreprise,Mode,Chemise homme,8,17706,15,120401,97890,22511,Carte bancaire,Promo WhatsApp,3.6
CMD-100203,2026-03-25,Gabon,Libreville,Facebook,PME,Mode,Chemise homme,5,19506,15,82901,56585,26316,Espèces,Campagne Facebook Ads,4.6
CMD-100204,2024-01-04,Guinée équatoriale,Bata,Site web,Particulier,Informatique,HP EliteBook,15,395565,10,5340128,4374961,965167,Virement bancaire,Soldes Ramadan,4.4
CMD-100205,2023-10-13,Cameroun,Bafoussam,WhatsApp Business,PME,Informatique,HP EliteBook,14,422539,5,5619769,4112007,1507762,Carte bancaire,Soldes Ramadan,4.3
CMD-100206,2025-05-06,RDC,Matadi,Facebook,Grande entreprise,Téléphones,Redmi Note 13,10,142773,5,1356344,941681,414663,Mobile Money,Promo rentrée,4.1
CMD-100207,2025-03-29,Guinée équatoriale,Malabo,Facebook,PME,Informatique,Dell Latitude,11,442331,10,4379077,3571462,807615,Mobile Money,Promo rentrée,4.9
CMD-100208,2026-04-20,Congo,Dolisie,WhatsApp Business,PME,Électroménager,Mixeur Moulinex,8,34773,5,264275,200461,63814,Mobile Money,Promo WhatsApp,4.4
CMD-100209,2024-09-30,Congo,Dolisie,WhatsApp Business,Grande entreprise,Mode,Chaussures Nike,2,60930,15,103581,60931,42650,Virement bancaire,Fête de fin d'année,3.7
CMD-100210,2023-08-24,RDC,Kinshasa,Facebook,Grande entreprise,Mode,Montre connectée,6,44006,0,264036,202977,61059,Mobile Money,Soldes Ramadan,3.0
CMD-100211,2025-08-04,Guinée équatoriale,Malabo,Instagram,Grande entreprise,Électroménager,Mixeur Moulinex,9,32901,10,266499,177253,89246,Carte bancaire,Black Friday,3.5
CMD-100212,2025-05-29,RCA,Berbérati,Revendeur,Particulier,Mode,Chaussures Nike,12,57943,0,695316,466824,228492,Carte bancaire,Fête de fin d'année,3.8
CMD-100213,2024-02-08,Guinée équatoriale,Malabo,Facebook,Grande entreprise,Alimentation,Riz 25kg,13,26831,0,348803,226290,122513,Virement bancaire,Aucune campagne,3.9
CMD-100214,2025-07-26,RCA,Berbérati,Revendeur,Grande entreprise,Alimentation,Lait en poudre,10,6487,0,64870,41772,23098,Espèces,Aucune campagne,4.2
CMD-100215,2023-10-17,Tchad,N'Djamena,Instagram,Grande entreprise,Électroménager,Télévision Hisense 43,2,220717,0,441434,264605,176829,Carte bancaire,Aucune campagne,4.0
CMD-100216,2023-12-21,RDC,Matadi,Instagram,PME,Électroménager,Ventilateur Binatone,11,28961,15,270786,216977,53809,Carte bancaire,Black Friday,4.1
CMD-100217,2024-02-04,Gabon,Port-Gentil,Site web,Grande entreprise,Alimentation,Riz 25kg,14,23754,0,332556,226418,106138,Virement bancaire,Promo WhatsApp,4.6
CMD-100218,2024-03-27,RCA,Berbérati,Facebook,Particulier,Mode,Montre connectée,8,45207,10,325491,181732,143759,Espèces,Black Friday,3.6
CMD-100219,2026-01-17,Guinée équatoriale,Bata,Facebook,Grande entreprise,Alimentation,Lait en poudre,9,6680,10,54108,31427,22681,Mobile Money,Campagne Facebook Ads,4.6
CMD-100220,2024-09-01,RCA,Berbérati,Boutique physique,PME,Alimentation,Huile 5L,7,8793,15,52319,39389,12930,Espèces,Fête de fin d'année,4.7
CMD-100221,2026-04-19,Guinée équatoriale,Malabo,Revendeur,Grande entreprise,Mode,Chaussures Nike,13,60663,0,788619,606361,182258,Virement bancaire,Black Friday,4.4
CMD-100222,2026-01-08,Tchad,N'Djamena,Revendeur,PME,Électroménager,Mixeur Moulinex,13,32019,0,416247,288757,127490,Espèces,Aucune campagne,3.3
CMD-100223,2023-09-17,Gabon,Franceville,WhatsApp Business,Particulier,Téléphones,Tecno Spark 20,13,93195,0,1211535,991000,220535,Carte bancaire,Soldes Ramadan,4.4
CMD-100224,2025-02-07,Gabon,Libreville,Revendeur,Particulier,Mode,Montre connectée,3,50129,0,150387,108204,42183,Virement bancaire,Aucune campagne,3.9
CMD-100225,2023-07-10,RCA,Berbérati,Instagram,Grande entreprise,Informatique,Clé USB 64GB,8,8836,0,70688,55462,15226,Espèces,Campagne Facebook Ads,4.5
CMD-100226,2024-08-03,Congo,Nkayi,Site web,Particulier,Électroménager,Ventilateur Binatone,14,26682,0,373548,238014,135534,Virement bancaire,Campagne Facebook Ads,3.7
CMD-100227,2023-11-20,Gabon,Franceville,Boutique physique,PME,Téléphones,Samsung Galaxy A15,2,100371,5,190705,105726,84979,Carte bancaire,Soldes Ramadan,3.9
CMD-100228,2023-12-05,Cameroun,Garoua,Revendeur,PME,Électroménager,Télévision Hisense 43,2,244638,0,489276,279989,209287,Carte bancaire,Promo WhatsApp,3.1
CMD-100229,2025-11-29,RCA,Bangui,Boutique physique,Particulier,Téléphones,Samsung Galaxy A15,4,96824,0,387296,275093,112203,Espèces,Campagne Facebook Ads,4.4
CMD-100230,2023-07-29,Congo,Nkayi,Facebook,PME,Électroménager,Ventilateur Binatone,2,26802,0,53604,40058,13546,Carte bancaire,Promo WhatsApp,3.2
CMD-100231,2025-06-20,Guinée équatoriale,Malabo,WhatsApp Business,Grande entreprise,Électroménager,Réfrigérateur LG,9,437145,10,3540875,2568924,971951,Carte bancaire,Promo WhatsApp,3.7
CMD-100232,2026-04-22,Tchad,Sarh,Facebook,PME,Mode,Sac à main,2,35972,0,71944,54185,17759,Espèces,Campagne Facebook Ads,4.5
CMD-100233,2024-08-06,Cameroun,Yaoundé,Revendeur,Particulier,Informatique,HP EliteBook,4,394572,10,1420460,1057842,362618,Espèces,Black Friday,4.6
CMD-100234,2024-05-05,Tchad,Sarh,Boutique physique,Particulier,Alimentation,Huile 5L,12,9480,15,96696,54607,42089,Virement bancaire,Soldes Ramadan,4.0
CMD-100235,2026-03-10,Tchad,N'Djamena,Site web,Grande entreprise,Alimentation,Riz 25kg,6,27203,0,163218,106817,56401,Carte bancaire,Campagne Facebook Ads,3.8
CMD-100236,2025-03-26,RDC,Kinshasa,Revendeur,Grande entreprise,Téléphones,Samsung Galaxy A15,1,91726,0,91726,73297,18429,Virement bancaire,Promo WhatsApp,4.0
CMD-100237,2024-02-21,RCA,Berbérati,WhatsApp Business,Grande entreprise,Téléphones,Tecno Spark 20,5,78276,0,391380,269289,122091,Espèces,Promo WhatsApp,4.9
CMD-100238,2023-06-26,Tchad,Sarh,Boutique physique,PME,Téléphones,iPhone 13,12,524873,0,6298476,3562635,2735841,Mobile Money,Fête de fin d'année,4.8
CMD-100239,2024-12-11,RCA,Bangui,Revendeur,PME,Téléphones,Samsung Galaxy A15,12,88758,0,1065096,632917,432179,Carte bancaire,Fête de fin d'année,4.0
CMD-100240,2024-06-22,Cameroun,Garoua,Site web,Grande entreprise,Téléphones,Samsung Galaxy A15,6,104668,0,628008,434230,193778,Mobile Money,Promo WhatsApp,4.4
CMD-100241,2023-07-30,RDC,Goma,Revendeur,Grande entreprise,Téléphones,Redmi Note 13,14,145841,0,2041774,1209697,832077,Mobile Money,Black Friday,4.8
CMD-100242,2023-11-04,RCA,Bangui,Boutique physique,Grande entreprise,Téléphones,Samsung Galaxy A15,4,86592,0,346368,226318,120050,Virement bancaire,Black Friday,3.4
CMD-100243,2025-10-25,Gabon,Libreville,Boutique physique,Particulier,Mode,Chemise homme,5,19916,10,89622,58313,31309,Carte bancaire,Campagne Facebook Ads,4.3
CMD-100244,2024-09-28,Tchad,N'Djamena,Site web,PME,Mode,Chaussures Nike,15,55895,0,838425,636240,202185,Mobile Money,Fête de fin d'année,3.7
CMD-100245,2025-10-07,Cameroun,Garoua,WhatsApp Business,Grande entreprise,Alimentation,Boisson gazeuse,12,3694,5,42112,27348,14764,Carte bancaire,Black Friday,5.0
CMD-100246,2024-11-17,Congo,Nkayi,Revendeur,PME,Téléphones,Tecno Spark 20,9,83861,15,641537,504789,136748,Espèces,Promo rentrée,3.0
CMD-100247,2023-07-10,Cameroun,Yaoundé,WhatsApp Business,Grande entreprise,Mode,Montre connectée,1,54870,0,54870,40721,14149,Virement bancaire,Soldes Ramadan,3.1
CMD-100248,2026-03-08,Gabon,Port-Gentil,Revendeur,Particulier,Téléphones,Samsung Galaxy A15,9,88670,5,758129,432288,325841,Carte bancaire,Fête de fin d'année,3.1
CMD-100249,2024-02-20,Gabon,Port-Gentil,Site web,Particulier,Mode,Chemise homme,6,18237,0,109422,62388,47034,Carte bancaire,Promo rentrée,3.3
CMD-100250,2024-03-01,Cameroun,Bafoussam,Instagram,PME,Mode,Chemise homme,7,16743,0,117201,94985,22216,Mobile Money,Promo rentrée,3.9
CMD-100251,2024-05-23,Cameroun,Garoua,Instagram,Grande entreprise,Alimentation,Riz 25kg,4,26615,0,106460,62816,43644,Mobile Money,Soldes Ramadan,4.9
CMD-100252,2024-05-26,Gabon,Port-Gentil,Boutique physique,Particulier,Électroménager,Réfrigérateur LG,7,467733,10,2946718,2215876,730842,Mobile Money,Promo rentrée,3.2
CMD-100253,2023-06-22,Congo,Brazzaville,Facebook,Particulier,Électroménager,Mixeur Moulinex,14,35005,15,416560,299998,116562,Mobile Money,Promo rentrée,4.2
CMD-100254,2025-08-02,Cameroun,Bafoussam,Site web,PME,Électroménager,Réfrigérateur LG,15,466963,0,7004445,4084169,2920276,Virement bancaire,Promo WhatsApp,3.1
CMD-100255,2025-07-02,Congo,Nkayi,Boutique physique,Grande entreprise,Mode,Sac à main,6,30517,0,183102,114300,68802,Carte bancaire,Soldes Ramadan,4.8
CMD-100256,2024-02-13,Gabon,Port-Gentil,Site web,Particulier,Mode,Montre connectée,1,44252,5,42040,24679,17361,Mobile Money,Promo WhatsApp,4.3
CMD-100257,2024-07-07,Guinée équatoriale,Bata,Facebook,Grande entreprise,Mode,Montre connectée,6,54152,10,292421,186223,106198,Carte bancaire,Promo rentrée,3.4
CMD-100258,2023-11-23,Guinée équatoriale,Bata,Revendeur,Particulier,Téléphones,Redmi Note 13,9,138510,10,1121931,919863,202068,Espèces,Aucune campagne,3.2
CMD-100259,2026-04-28,Guinée équatoriale,Malabo,Revendeur,Grande entreprise,Électroménager,Ventilateur Binatone,6,31746,0,190476,113818,76658,Espèces,Aucune campagne,3.6
CMD-100260,2023-12-26,Congo,Dolisie,Boutique physique,Particulier,Alimentation,Huile 5L,10,10802,5,102619,71461,31158,Carte bancaire,Aucune campagne,4.0
CMD-100261,2023-09-25,Cameroun,Douala,WhatsApp Business,PME,Alimentation,Lait en poudre,1,6389,10,5751,3475,2276,Mobile Money,Promo rentrée,3.7
CMD-100262,2023-07-26,Cameroun,Yaoundé,Facebook,Particulier,Téléphones,iPhone 13,2,516566,15,878163,576786,301377,Carte bancaire,Soldes Ramadan,3.7
CMD-100263,2024-12-31,RDC,Matadi,Site web,Particulier,Informatique,Dell Latitude,12,479718,15,4893124,3866507,1026617,Virement bancaire,Fête de fin d'année,3.4
CMD-100264,2025-03-12,RCA,Berbérati,Site web,Particulier,Électroménager,Mixeur Moulinex,12,31515,15,321453,259138,62315,Carte bancaire,Aucune campagne,4.7
CMD-100265,2024-05-02,Gabon,Franceville,Facebook,Particulier,Électroménager,Réfrigérateur LG,15,430099,0,6451485,4846631,1604854,Mobile Money,Campagne Facebook Ads,3.7
CMD-100266,2024-06-09,RCA,Berbérati,Revendeur,Particulier,Mode,Chaussures Nike,5,52383,15,222628,126520,96108,Mobile Money,Promo WhatsApp,4.6
CMD-100267,2023-07-27,RDC,Matadi,Site web,Grande entreprise,Électroménager,Ventilateur Binatone,8,31372,0,250976,175037,75939,Carte bancaire,Black Friday,4.7
CMD-100268,2023-12-15,RDC,Kinshasa,WhatsApp Business,Grande entreprise,Téléphones,iPhone 13,1,509433,0,509433,290394,219039,Mobile Money,Aucune campagne,4.8
CMD-100269,2025-06-08,Congo,Dolisie,Boutique physique,PME,Alimentation,Lait en poudre,12,5900,15,60180,35779,24401,Carte bancaire,Black Friday,3.3
CMD-100270,2025-10-02,RDC,Goma,Facebook,Particulier,Informatique,Imprimante Canon,4,110877,5,421333,296777,124556,Virement bancaire,Promo rentrée,3.3
CMD-100271,2024-08-20,Gabon,Franceville,Instagram,Particulier,Alimentation,Lait en poudre,4,6007,0,24028,14323,9705,Espèces,Campagne Facebook Ads,5.0
CMD-100272,2025-02-20,RDC,Matadi,Instagram,Particulier,Mode,Chemise homme,2,19088,5,36268,21757,14511,Espèces,Promo WhatsApp,3.7
CMD-100273,2023-06-25,RDC,Goma,Site web,PME,Électroménager,Télévision Hisense 43,10,210544,15,1789624,1306812,482812,Carte bancaire,Aucune campagne,4.3
CMD-100274,2024-04-27,Congo,Nkayi,Boutique physique,PME,Alimentation,Lait en poudre,9,6966,5,59560,41967,17593,Mobile Money,Aucune campagne,4.0
CMD-100275,2023-12-09,Tchad,Sarh,WhatsApp Business,Particulier,Alimentation,Huile 5L,2,10804,5,20528,12248,8280,Mobile Money,Promo WhatsApp,4.9
CMD-100276,2023-05-18,Congo,Nkayi,Site web,PME,Électroménager,Mixeur Moulinex,14,36706,0,513884,409009,104875,Espèces,Campagne Facebook Ads,3.2
CMD-100277,2025-05-09,Gabon,Franceville,WhatsApp Business,Particulier,Mode,Chaussures Nike,13,59130,10,691821,478111,213710,Mobile Money,Promo rentrée,3.2
CMD-100278,2026-03-17,Tchad,N'Djamena,Boutique physique,Particulier,Informatique,Imprimante Canon,15,120326,5,1714646,1246192,468454,Espèces,Promo WhatsApp,4.2
CMD-100279,2025-08-31,Cameroun,Bafoussam,Facebook,Particulier,Téléphones,Redmi Note 13,15,156763,15,1998729,1227512,771217,Espèces,Campagne Facebook Ads,4.8
CMD-100280,2024-04-11,Guinée équatoriale,Bata,Revendeur,PME,Informatique,Imprimante Canon,14,122748,15,1460702,1073484,387218,Espèces,Fête de fin d'année,3.3
CMD-100281,2025-11-23,RCA,Berbérati,Boutique physique,Grande entreprise,Alimentation,Riz 25kg,4,24250,5,92150,69117,23033,Carte bancaire,Promo rentrée,4.7
CMD-100282,2023-03-01,Gabon,Franceville,WhatsApp Business,Particulier,Alimentation,Lait en poudre,3,7118,10,19219,15133,4086,Carte bancaire,Promo rentrée,3.3
CMD-100283,2023-09-11,RDC,Kinshasa,WhatsApp Business,PME,Informatique,Dell Latitude,5,416676,5,1979211,1358499,620712,Virement bancaire,Aucune campagne,4.4
CMD-100284,2023-07-05,RDC,Lubumbashi,Instagram,Particulier,Mode,Chemise homme,6,16935,0,101610,76433,25177,Carte bancaire,Campagne Facebook Ads,3.6
CMD-100285,2023-02-11,Tchad,N'Djamena,Revendeur,Particulier,Électroménager,Mixeur Moulinex,11,33308,15,311430,205720,105710,Virement bancaire,Black Friday,4.7
CMD-100286,2024-07-17,RCA,Bangui,Instagram,PME,Alimentation,Riz 25kg,4,23114,0,92456,68643,23813,Virement bancaire,Fête de fin d'année,3.8
CMD-100287,2025-02-05,Cameroun,Bafoussam,Site web,Grande entreprise,Informatique,Clé USB 64GB,10,8330,10,74970,61463,13507,Espèces,Fête de fin d'année,4.1
CMD-100288,2024-07-21,RCA,Bangui,Revendeur,Grande entreprise,Mode,Chaussures Nike,6,63089,15,321754,205210,116544,Espèces,Black Friday,3.5
CMD-100289,2025-10-15,Cameroun,Yaoundé,Facebook,PME,Téléphones,Redmi Note 13,11,137185,0,1509035,1123848,385187,Virement bancaire,Promo WhatsApp,5.0
CMD-100290,2025-09-01,RCA,Bangui,Revendeur,PME,Alimentation,Huile 5L,6,10275,0,61650,45331,16319,Espèces,Campagne Facebook Ads,4.8
CMD-100291,2026-02-18,Cameroun,Yaoundé,WhatsApp Business,Grande entreprise,Informatique,HP EliteBook,8,354154,0,2833232,2113025,720207,Espèces,Soldes Ramadan,4.5
CMD-100292,2024-11-09,Congo,Brazzaville,Site web,PME,Informatique,Dell Latitude,12,469500,5,5352300,4082651,1269649,Virement bancaire,Campagne Facebook Ads,3.7
CMD-100293,2025-02-20,Congo,Nkayi,Instagram,Particulier,Téléphones,Samsung Galaxy A15,8,106623,10,767686,447062,320624,Carte bancaire,Black Friday,4.1
CMD-100294,2023-06-15,Cameroun,Garoua,Revendeur,Particulier,Mode,Montre connectée,3,46996,15,119840,71747,48093,Espèces,Soldes Ramadan,4.0
CMD-100295,2023-11-21,Congo,Pointe-Noire,Boutique physique,Particulier,Mode,Chemise homme,4,19625,0,78500,55389,23111,Virement bancaire,Soldes Ramadan,4.0
CMD-100296,2025-02-03,RDC,Matadi,Facebook,Grande entreprise,Mode,Montre connectée,7,43256,10,272513,164554,107959,Carte bancaire,Promo rentrée,4.9
CMD-100297,2025-02-24,RCA,Bangui,Facebook,Particulier,Électroménager,Mixeur Moulinex,12,39173,0,470076,274905,195171,Mobile Money,Campagne Facebook Ads,4.0
CMD-100298,2023-10-02,Congo,Dolisie,Instagram,PME,Informatique,Clé USB 64GB,12,9270,10,100116,64195,35921,Carte bancaire,Black Friday,3.7
CMD-100299,2023-02-14,Guinée équatoriale,Bata,WhatsApp Business,Particulier,Téléphones,Tecno Spark 20,4,91952,0,367808,223267,144541,Espèces,Soldes Ramadan,4.2
CMD-100300,2023-04-09,RCA,Bangui,Revendeur,Particulier,Mode,Chemise homme,13,18606,0,241878,171820,70058,Mobile Money,Soldes Ramadan,4.3
CMD-100301,2024-02-25,Congo,Nkayi,Revendeur,Particulier,Mode,Montre connectée,2,49767,5,94558,69926,24632,Espèces,Promo WhatsApp,4.4
CMD-100302,2023-08-03,RCA,Bangui,Site web,Particulier,Alimentation,Boisson gazeuse,10,3679,0,36790,24394,12396,Espèces,Promo rentrée,4.0
CMD-100303,2024-02-18,Guinée équatoriale,Malabo,Instagram,PME,Mode,Sac à main,10,30397,0,303970,235426,68544,Carte bancaire,Promo rentrée,3.7
CMD-100304,2023-08-15,Tchad,Moundou,Revendeur,PME,Électroménager,Ventilateur Binatone,6,26841,0,161046,117779,43267,Carte bancaire,Promo rentrée,4.7
CMD-100305,2023-04-13,Guinée équatoriale,Malabo,WhatsApp Business,Particulier,Téléphones,iPhone 13,11,498050,0,5478550,3403898,2074652,Espèces,Fête de fin d'année,3.2
CMD-100306,2023-10-11,Guinée équatoriale,Bata,WhatsApp Business,PME,Mode,Chaussures Nike,2,61204,0,122408,67644,54764,Espèces,Promo WhatsApp,4.3
CMD-100307,2025-07-23,Tchad,Moundou,Instagram,Grande entreprise,Téléphones,iPhone 13,14,512553,0,7175742,4723144,2452598,Virement bancaire,Campagne Facebook Ads,3.5
CMD-100308,2026-04-24,RDC,Lubumbashi,Site web,Grande entreprise,Téléphones,Tecno Spark 20,12,91936,0,1103232,637670,465562,Virement bancaire,Black Friday,4.0
CMD-100309,2023-09-25,Tchad,Moundou,Instagram,Particulier,Informatique,HP EliteBook,14,407024,15,4843586,3937012,906574,Virement bancaire,Promo WhatsApp,4.0
CMD-100310,2026-03-26,Congo,Pointe-Noire,WhatsApp Business,Grande entreprise,Informatique,Imprimante Canon,1,129137,15,109767,75925,33842,Espèces,Aucune campagne,4.4
CMD-100311,2025-02-27,Tchad,Sarh,Site web,Grande entreprise,Alimentation,Riz 25kg,7,25570,0,178990,121734,57256,Mobile Money,Promo rentrée,3.3
CMD-100312,2025-10-03,RCA,Bangui,Facebook,PME,Alimentation,Lait en poudre,14,6655,0,93170,53126,40044,Mobile Money,Aucune campagne,3.6
CMD-100313,2025-10-17,Cameroun,Bafoussam,Boutique physique,PME,Mode,Sac à main,2,32472,10,58450,39219,19231,Mobile Money,Promo rentrée,3.9
CMD-100314,2024-09-15,RDC,Matadi,Site web,Particulier,Téléphones,Samsung Galaxy A15,14,87658,10,1104491,894699,209792,Virement bancaire,Fête de fin d'année,4.8
CMD-100315,2025-01-14,Gabon,Libreville,Boutique physique,Particulier,Électroménager,Ventilateur Binatone,6,29121,10,157254,111962,45292,Carte bancaire,Promo rentrée,4.4
CMD-100316,2025-04-18,Gabon,Port-Gentil,Site web,Particulier,Informatique,Imprimante Canon,12,111189,0,1334268,911243,423025,Carte bancaire,Promo rentrée,3.2
CMD-100317,2025-04-28,Guinée équatoriale,Bata,Revendeur,Grande entreprise,Électroménager,Ventilateur Binatone,14,30669,15,364962,234028,130934,Mobile Money,Campagne Facebook Ads,3.1
CMD-100318,2025-06-05,RDC,Matadi,Instagram,Grande entreprise,Alimentation,Huile 5L,8,8560,15,58208,32777,25431,Carte bancaire,Soldes Ramadan,4.7
CMD-100319,2025-10-29,Tchad,N'Djamena,Instagram,Grande entreprise,Électroménager,Réfrigérateur LG,7,447039,10,2816346,2220204,596142,Carte bancaire,Fête de fin d'année,4.8
CMD-100320,2025-11-15,RDC,Goma,Revendeur,Grande entreprise,Informatique,Clé USB 64GB,13,8400,5,103740,73933,29807,Espèces,Soldes Ramadan,3.6
CMD-100321,2023-09-29,RCA,Bangui,Revendeur,Particulier,Électroménager,Mixeur Moulinex,10,37750,15,320875,206396,114479,Espèces,Soldes Ramadan,5.0
CMD-100322,2025-12-29,Congo,Dolisie,Instagram,Particulier,Alimentation,Lait en poudre,10,6777,15,57605,42727,14878,Mobile Money,Promo rentrée,3.6
CMD-100323,2024-05-28,RDC,Lubumbashi,Boutique physique,Grande entreprise,Téléphones,Samsung Galaxy A15,4,91840,0,367360,299601,67759,Espèces,Black Friday,3.3
CMD-100324,2024-04-04,Guinée équatoriale,Malabo,Site web,PME,Informatique,Clé USB 64GB,2,9486,15,16127,12089,4038,Carte bancaire,Aucune campagne,4.5
CMD-100325,2026-02-04,Guinée équatoriale,Bata,Revendeur,PME,Téléphones,Redmi Note 13,7,140579,15,836446,530655,305791,Carte bancaire,Aucune campagne,3.1
CMD-100326,2024-02-01,Guinée équatoriale,Bata,WhatsApp Business,Grande entreprise,Électroménager,Télévision Hisense 43,13,240832,15,2661194,1897203,763991,Mobile Money,Black Friday,3.6
CMD-100327,2026-04-11,Cameroun,Douala,Boutique physique,PME,Mode,Chaussures Nike,7,53337,0,373359,218459,154900,Virement bancaire,Soldes Ramadan,4.7
CMD-100328,2024-09-08,Cameroun,Douala,Site web,Grande entreprise,Électroménager,Télévision Hisense 43,10,209924,15,1784354,1277979,506375,Espèces,Promo rentrée,4.0
CMD-100329,2026-01-17,Guinée équatoriale,Bata,Boutique physique,PME,Alimentation,Huile 5L,3,9786,10,26423,15669,10754,Carte bancaire,Black Friday,4.1
CMD-100330,2026-02-23,RCA,Berbérati,Revendeur,Particulier,Informatique,Imprimante Canon,5,114553,10,515489,357354,158135,Mobile Money,Soldes Ramadan,4.6
CMD-100331,2023-08-21,Gabon,Port-Gentil,Site web,Grande entreprise,Électroménager,Mixeur Moulinex,1,37472,0,37472,24468,13004,Espèces,Promo rentrée,3.8
CMD-100332,2025-11-18,Tchad,Moundou,Boutique physique,Particulier,Alimentation,Lait en poudre,8,5921,15,40263,24237,16026,Mobile Money,Soldes Ramadan,3.2
CMD-100333,2025-06-10,Congo,Brazzaville,Boutique physique,Grande entreprise,Électroménager,Ventilateur Binatone,14,25927,10,326681,252773,73908,Carte bancaire,Promo rentrée,4.3
CMD-100334,2026-03-23,RDC,Goma,Facebook,PME,Téléphones,Samsung Galaxy A15,2,86788,0,173576,121621,51955,Virement bancaire,Promo WhatsApp,4.6
CMD-100335,2023-05-10,RCA,Berbérati,Site web,Particulier,Mode,Chemise homme,1,17952,0,17952,12465,5487,Mobile Money,Fête de fin d'année,4.5
CMD-100336,2023-03-05,Tchad,N'Djamena,Site web,Particulier,Informatique,Imprimante Canon,10,110595,5,1050653,686057,364596,Carte bancaire,Soldes Ramadan,3.9
CMD-100337,2023-01-23,RDC,Goma,Site web,Particulier,Électroménager,Télévision Hisense 43,11,258001,15,2412310,1748789,663521,Mobile Money,Promo rentrée,4.1
CMD-100338,2024-12-05,Congo,Nkayi,Revendeur,Grande entreprise,Alimentation,Riz 25kg,5,22860,15,97155,77136,20019,Carte bancaire,Black Friday,3.4
CMD-100339,2023-04-22,Cameroun,Yaoundé,Site web,PME,Alimentation,Boisson gazeuse,4,3250,15,11050,8463,2587,Mobile Money,Fête de fin d'année,4.7
CMD-100340,2025-01-01,RCA,Bangui,Revendeur,Particulier,Informatique,HP EliteBook,4,410930,5,1561534,1260026,301508,Mobile Money,Fête de fin d'année,3.3
CMD-100341,2026-04-11,Tchad,N'Djamena,Site web,PME,Électroménager,Télévision Hisense 43,8,232912,10,1676967,1220905,456062,Espèces,Promo WhatsApp,3.3
CMD-100342,2024-07-20,Cameroun,Douala,WhatsApp Business,Grande entreprise,Informatique,Dell Latitude,13,401260,15,4433923,3205843,1228080,Espèces,Promo WhatsApp,4.7
CMD-100343,2023-06-17,RDC,Matadi,WhatsApp Business,Grande entreprise,Informatique,Imprimante Canon,8,124550,0,996400,721691,274709,Carte bancaire,Fête de fin d'année,4.7
CMD-100344,2026-03-31,RCA,Bangui,Site web,Particulier,Téléphones,Samsung Galaxy A15,14,97545,0,1365630,1050734,314896,Mobile Money,Aucune campagne,3.8
CMD-100345,2026-04-22,Gabon,Franceville,Facebook,Particulier,Alimentation,Lait en poudre,11,7109,0,78199,51296,26903,Virement bancaire,Aucune campagne,4.5
CMD-100346,2023-12-06,Tchad,N'Djamena,WhatsApp Business,PME,Mode,Chemise homme,9,16247,0,146223,113901,32322,Carte bancaire,Black Friday,4.5
CMD-100347,2024-06-25,Tchad,Sarh,Boutique physique,Grande entreprise,Électroménager,Ventilateur Binatone,6,25482,5,145248,88974,56274,Carte bancaire,Aucune campagne,3.7
CMD-100348,2024-10-25,Guinée équatoriale,Bata,Site web,Grande entreprise,Mode,Montre connectée,15,48655,0,729825,409267,320558,Espèces,Campagne Facebook Ads,3.2
CMD-100349,2023-06-09,RCA,Berbérati,Instagram,Particulier,Alimentation,Huile 5L,7,10102,0,70714,50113,20601,Virement bancaire,Fête de fin d'année,4.0
CMD-100350,2025-06-19,Guinée équatoriale,Bata,Boutique physique,Grande entreprise,Mode,Montre connectée,15,50450,10,681075,536788,144287,Espèces,Black Friday,3.3
CMD-100351,2025-04-29,Cameroun,Yaoundé,Revendeur,Particulier,Électroménager,Télévision Hisense 43,10,248244,0,2482440,1808456,673984,Virement bancaire,Soldes Ramadan,4.6
CMD-100352,2023-09-19,RDC,Matadi,WhatsApp Business,Particulier,Électroménager,Mixeur Moulinex,11,38791,0,426701,262758,163943,Mobile Money,Aucune campagne,4.1
CMD-100353,2026-02-28,Cameroun,Douala,Revendeur,Grande entreprise,Électroménager,Télévision Hisense 43,15,217352,5,3097266,2204716,892550,Espèces,Promo rentrée,4.3
CMD-100354,2023-10-20,Cameroun,Bafoussam,WhatsApp Business,Grande entreprise,Alimentation,Lait en poudre,14,6632,0,92848,71882,20966,Espèces,Black Friday,4.6
CMD-100355,2024-02-19,RCA,Berbérati,Site web,Grande entreprise,Mode,Chaussures Nike,4,54700,0,218800,126753,92047,Virement bancaire,Campagne Facebook Ads,4.0
CMD-100356,2025-12-24,Cameroun,Douala,Boutique physique,Particulier,Électroménager,Ventilateur Binatone,15,29503,0,442545,348279,94266,Virement bancaire,Soldes Ramadan,4.0
CMD-100357,2024-04-14,Cameroun,Douala,Instagram,PME,Mode,Montre connectée,6,53697,15,273855,189795,84060,Espèces,Aucune campagne,4.9
CMD-100358,2023-06-21,Guinée équatoriale,Malabo,Site web,PME,Mode,Sac à main,5,32617,0,163085,129770,33315,Espèces,Black Friday,3.6
CMD-100359,2024-10-08,Congo,Pointe-Noire,Boutique physique,Particulier,Alimentation,Riz 25kg,9,21643,15,165569,100245,65324,Virement bancaire,Soldes Ramadan,3.8
CMD-100360,2025-03-24,Tchad,Moundou,Instagram,Grande entreprise,Informatique,Clé USB 64GB,10,8922,0,89220,72962,16258,Virement bancaire,Black Friday,4.5
CMD-100361,2025-03-26,Gabon,Franceville,Revendeur,Particulier,Alimentation,Lait en poudre,5,7456,10,33552,21573,11979,Carte bancaire,Promo WhatsApp,4.5
CMD-100362,2023-04-17,Guinée équatoriale,Malabo,Revendeur,Particulier,Téléphones,Tecno Spark 20,9,85011,0,765099,586242,178857,Mobile Money,Campagne Facebook Ads,3.3
CMD-100363,2023-03-19,Cameroun,Bafoussam,Instagram,Grande entreprise,Alimentation,Lait en poudre,2,5954,0,11908,7741,4167,Espèces,Soldes Ramadan,4.4
CMD-100364,2025-11-27,Tchad,N'Djamena,Boutique physique,Grande entreprise,Électroménager,Ventilateur Binatone,8,25274,15,171864,137715,34149,Carte bancaire,Aucune campagne,3.6
CMD-100365,2024-07-19,Cameroun,Douala,Facebook,Grande entreprise,Informatique,Dell Latitude,11,378030,0,4158330,2384584,1773746,Virement bancaire,Promo WhatsApp,4.6
CMD-100366,2026-02-19,Tchad,N'Djamena,Facebook,PME,Alimentation,Riz 25kg,12,25821,0,309852,216397,93455,Espèces,Black Friday,4.8
CMD-100367,2023-08-07,Tchad,N'Djamena,Site web,PME,Mode,Montre connectée,10,43255,0,432550,285451,147099,Espèces,Promo rentrée,4.1
CMD-100368,2024-05-13,Guinée équatoriale,Bata,Instagram,Grande entreprise,Alimentation,Boisson gazeuse,12,3537,5,40322,28308,12014,Virement bancaire,Aucune campagne,4.5
CMD-100369,2024-03-27,Guinée équatoriale,Malabo,WhatsApp Business,PME,Mode,Chaussures Nike,5,50428,15,214319,163511,50808,Virement bancaire,Fête de fin d'année,4.4
CMD-100370,2024-12-01,Tchad,Sarh,WhatsApp Business,PME,Téléphones,iPhone 13,4,505347,5,1920319,1405478,514841,Espèces,Fête de fin d'année,3.2
CMD-100371,2024-06-27,Cameroun,Garoua,WhatsApp Business,Particulier,Électroménager,Mixeur Moulinex,8,37949,0,303592,227258,76334,Espèces,Black Friday,3.4
CMD-100372,2026-01-13,Guinée équatoriale,Malabo,Instagram,PME,Téléphones,Samsung Galaxy A15,11,108199,5,1130680,809265,321415,Espèces,Promo WhatsApp,4.9
CMD-100373,2026-03-27,Tchad,Moundou,Site web,PME,Mode,Sac à main,13,36128,0,469664,308770,160894,Virement bancaire,Aucune campagne,3.3
CMD-100374,2024-10-08,Congo,Dolisie,Boutique physique,Grande entreprise,Mode,Sac à main,8,36612,15,248962,171762,77200,Carte bancaire,Promo WhatsApp,4.4
CMD-100375,2024-04-30,Tchad,N'Djamena,Site web,PME,Informatique,Imprimante Canon,10,133855,0,1338550,934457,404093,Espèces,Black Friday,3.5
CMD-100376,2024-07-26,RDC,Matadi,Site web,Particulier,Électroménager,Ventilateur Binatone,12,30465,0,365580,285396,80184,Carte bancaire,Campagne Facebook Ads,3.9
CMD-100377,2023-11-03,Congo,Dolisie,Boutique physique,Particulier,Électroménager,Ventilateur Binatone,14,27866,0,390124,298838,91286,Virement bancaire,Promo WhatsApp,3.9
CMD-100378,2023-07-22,Cameroun,Garoua,Boutique physique,Particulier,Mode,Chemise homme,5,18729,10,84281,47440,36841,Espèces,Promo WhatsApp,4.4
CMD-100379,2024-06-11,Guinée équatoriale,Malabo,Instagram,Particulier,Mode,Chemise homme,5,17824,10,80208,56187,24021,Espèces,Campagne Facebook Ads,3.7
CMD-100380,2025-09-25,RCA,Bangui,Instagram,Particulier,Alimentation,Huile 5L,13,9225,0,119925,87756,32169,Virement bancaire,Aucune campagne,4.5
CMD-100381,2026-03-16,Gabon,Port-Gentil,Boutique physique,Particulier,Électroménager,Mixeur Moulinex,11,38567,0,424237,281646,142591,Carte bancaire,Fête de fin d'année,3.8
CMD-100382,2025-06-30,Cameroun,Garoua,Facebook,Grande entreprise,Informatique,Imprimante Canon,12,116024,15,1183445,777254,406191,Virement bancaire,Promo WhatsApp,4.6
CMD-100383,2023-06-13,Cameroun,Yaoundé,Instagram,Particulier,Téléphones,Tecno Spark 20,12,81485,0,977820,786087,191733,Mobile Money,Promo rentrée,3.4
CMD-100384,2023-11-15,RDC,Kinshasa,Instagram,PME,Téléphones,Redmi Note 13,9,152774,0,1374966,794813,580153,Carte bancaire,Black Friday,3.2
CMD-100385,2024-12-31,RCA,Berbérati,Facebook,PME,Mode,Sac à main,3,33013,0,99039,55235,43804,Virement bancaire,Campagne Facebook Ads,4.7
CMD-100386,2026-04-25,Tchad,Moundou,Revendeur,Grande entreprise,Alimentation,Lait en poudre,3,7425,15,18934,13170,5764,Virement bancaire,Aucune campagne,4.2
CMD-100387,2025-01-19,RCA,Berbérati,WhatsApp Business,PME,Informatique,Clé USB 64GB,9,8611,0,77499,51870,25629,Mobile Money,Promo rentrée,3.8
CMD-100388,2025-09-04,Tchad,N'Djamena,Instagram,PME,Informatique,Imprimante Canon,8,124052,15,843554,673969,169585,Carte bancaire,Campagne Facebook Ads,3.6
CMD-100389,2025-03-09,Congo,Dolisie,WhatsApp Business,PME,Électroménager,Ventilateur Binatone,15,29123,5,415003,256252,158751,Mobile Money,Promo WhatsApp,4.7
CMD-100390,2025-04-25,RCA,Bangui,Boutique physique,Particulier,Alimentation,Boisson gazeuse,5,3717,10,16727,12852,3875,Carte bancaire,Fête de fin d'année,3.4
CMD-100391,2023-02-09,Congo,Nkayi,Site web,Particulier,Alimentation,Lait en poudre,5,6988,5,33193,19939,13254,Carte bancaire,Promo rentrée,3.3
CMD-100392,2025-10-07,Gabon,Port-Gentil,Instagram,PME,Électroménager,Ventilateur Binatone,12,25257,0,303084,179027,124057,Virement bancaire,Fête de fin d'année,3.4
CMD-100393,2025-03-14,RDC,Kinshasa,Instagram,Particulier,Informatique,HP EliteBook,14,413304,0,5786256,3269988,2516268,Carte bancaire,Campagne Facebook Ads,3.1
CMD-100394,2025-06-26,Gabon,Port-Gentil,Boutique physique,Particulier,Téléphones,Samsung Galaxy A15,13,102473,5,1265542,959572,305970,Virement bancaire,Soldes Ramadan,3.5
CMD-100395,2023-11-21,Guinée équatoriale,Malabo,Boutique physique,Grande entreprise,Alimentation,Huile 5L,8,9474,0,75792,60844,14948,Mobile Money,Fête de fin d'année,4.3
CMD-100396,2023-08-20,RDC,Goma,Instagram,PME,Électroménager,Télévision Hisense 43,15,209995,15,2677437,1630031,1047406,Mobile Money,Black Friday,3.5
CMD-100397,2026-04-05,Guinée équatoriale,Bata,Instagram,Grande entreprise,Alimentation,Riz 25kg,7,26334,0,184338,149606,34732,Carte bancaire,Fête de fin d'année,4.6
CMD-100398,2023-05-03,Guinée équatoriale,Malabo,Revendeur,Particulier,Électroménager,Mixeur Moulinex,8,32299,10,232553,149153,83400,Mobile Money,Black Friday,3.1
CMD-100399,2025-02-12,RDC,Lubumbashi,WhatsApp Business,PME,Informatique,Imprimante Canon,13,134753,15,1489021,896540,592481,Mobile Money,Promo WhatsApp,3.7
CMD-100400,2026-01-18,RCA,Berbérati,Revendeur,PME,Alimentation,Boisson gazeuse,9,3759,0,33831,23783,10048,Espèces,Campagne Facebook Ads,3.7
CMD-100401,2025-07-18,Guinée équatoriale,Malabo,Revendeur,Grande entreprise,Téléphones,Tecno Spark 20,8,82783,0,662264,461090,201174,Virement bancaire,Soldes Ramadan,3.0
CMD-100402,2026-01-08,Cameroun,Douala,WhatsApp Business,Grande entreprise,Alimentation,Boisson gazeuse,13,3692,0,47996,35741,12255,Virement bancaire,Campagne Facebook Ads,4.6
CMD-100403,2025-12-07,Tchad,N'Djamena,Boutique physique,Particulier,Alimentation,Boisson gazeuse,6,3508,0,21048,12204,8844,Carte bancaire,Campagne Facebook Ads,4.3
CMD-100404,2025-03-06,Congo,Brazzaville,Site web,Grande entreprise,Téléphones,Redmi Note 13,4,129456,10,466042,337075,128967,Espèces,Promo rentrée,4.3
CMD-100405,2023-06-13,Gabon,Libreville,Revendeur,Particulier,Alimentation,Riz 25kg,1,27181,0,27181,19762,7419,Espèces,Aucune campagne,3.9
CMD-100406,2023-05-25,RCA,Berbérati,Boutique physique,Particulier,Informatique,HP EliteBook,14,400608,10,5047661,2831618,2216043,Mobile Money,Promo rentrée,4.7
CMD-100407,2024-01-02,RCA,Bangui,Site web,PME,Alimentation,Lait en poudre,4,6163,15,20955,12932,8023,Mobile Money,Campagne Facebook Ads,4.1
CMD-100408,2025-10-30,RCA,Berbérati,WhatsApp Business,Grande entreprise,Mode,Montre connectée,15,44449,0,666735,465708,201027,Virement bancaire,Fête de fin d'année,3.7
CMD-100409,2024-10-24,Gabon,Franceville,Site web,Grande entreprise,Informatique,Imprimante Canon,7,130925,5,870652,673067,197585,Carte bancaire,Promo WhatsApp,4.2
CMD-100410,2024-08-05,Guinée équatoriale,Bata,Site web,Particulier,Informatique,Clé USB 64GB,8,10259,0,82072,61234,20838,Espèces,Promo rentrée,4.2
CMD-100411,2026-02-07,Gabon,Libreville,Site web,Grande entreprise,Électroménager,Télévision Hisense 43,1,251362,15,213658,164950,48708,Carte bancaire,Promo rentrée,4.0
CMD-100412,2024-06-08,Congo,Nkayi,Boutique physique,Grande entreprise,Informatique,Dell Latitude,3,405823,10,1095723,676566,419157,Virement bancaire,Aucune campagne,4.6
CMD-100413,2023-07-15,Cameroun,Douala,Facebook,Particulier,Informatique,Clé USB 64GB,3,9198,15,23455,17351,6104,Virement bancaire,Promo rentrée,4.2
CMD-100414,2023-09-04,Guinée équatoriale,Malabo,WhatsApp Business,Grande entreprise,Informatique,Imprimante Canon,15,132514,5,1888325,1512862,375463,Mobile Money,Soldes Ramadan,4.7
CMD-100415,2024-10-31,Guinée équatoriale,Bata,WhatsApp Business,Particulier,Téléphones,iPhone 13,9,473353,10,3834160,2693598,1140562,Mobile Money,Soldes Ramadan,4.0
CMD-100416,2024-11-19,RCA,Berbérati,Site web,Grande entreprise,Mode,Chaussures Nike,4,55439,5,210669,124286,86383,Mobile Money,Aucune campagne,3.2
CMD-100417,2023-10-04,RDC,Goma,WhatsApp Business,PME,Téléphones,Redmi Note 13,9,141207,15,1080234,632154,448080,Virement bancaire,Soldes Ramadan,4.0
CMD-100418,2026-03-25,Tchad,N'Djamena,Revendeur,PME,Alimentation,Huile 5L,4,8720,5,33136,21118,12018,Virement bancaire,Fête de fin d'année,3.2
CMD-100419,2024-12-17,Gabon,Libreville,Instagram,Grande entreprise,Informatique,Imprimante Canon,10,127662,0,1276620,760481,516139,Carte bancaire,Promo WhatsApp,4.2
CMD-100420,2023-04-22,Congo,Brazzaville,Site web,Particulier,Électroménager,Télévision Hisense 43,3,250569,0,751707,436245,315462,Espèces,Promo rentrée,3.5
CMD-100421,2026-01-06,Gabon,Franceville,Site web,Grande entreprise,Téléphones,iPhone 13,8,529254,0,4234032,2567654,1666378,Espèces,Aucune campagne,3.4
CMD-100422,2023-12-15,RDC,Lubumbashi,WhatsApp Business,Grande entreprise,Téléphones,Redmi Note 13,10,157711,10,1419399,797333,622066,Espèces,Promo rentrée,3.1
CMD-100423,2023-08-09,RDC,Kinshasa,Revendeur,PME,Téléphones,Redmi Note 13,11,135495,15,1266879,819999,446880,Carte bancaire,Promo WhatsApp,3.0
CMD-100424,2024-02-12,Tchad,Sarh,Instagram,Grande entreprise,Téléphones,iPhone 13,8,580680,10,4180896,2398854,1782042,Mobile Money,Promo rentrée,4.0
CMD-100425,2024-12-21,Cameroun,Garoua,Facebook,Particulier,Informatique,Clé USB 64GB,7,9774,0,68418,44035,24383,Espèces,Campagne Facebook Ads,3.7
CMD-100426,2025-03-15,Congo,Dolisie,Boutique physique,Grande entreprise,Mode,Chaussures Nike,9,62550,0,562950,332681,230269,Virement bancaire,Aucune campagne,4.3
CMD-100427,2024-11-05,RCA,Bangui,WhatsApp Business,Particulier,Mode,Sac à main,10,30021,0,300210,238855,61355,Carte bancaire,Aucune campagne,3.9
CMD-100428,2025-05-30,Tchad,Sarh,WhatsApp Business,Grande entreprise,Électroménager,Mixeur Moulinex,5,37524,10,168858,134340,34518,Carte bancaire,Fête de fin d'année,5.0
CMD-100429,2024-10-14,Congo,Pointe-Noire,Instagram,PME,Électroménager,Télévision Hisense 43,14,257579,15,3065191,1710255,1354936,Espèces,Promo WhatsApp,4.8
CMD-100430,2024-06-30,RCA,Berbérati,Site web,Particulier,Électroménager,Mixeur Moulinex,2,32651,0,65302,49359,15943,Carte bancaire,Black Friday,4.2
CMD-100431,2025-08-18,RCA,Bangui,Facebook,Particulier,Informatique,HP EliteBook,12,416083,0,4992996,3423336,1569660,Virement bancaire,Promo WhatsApp,4.4
CMD-100432,2025-04-25,RDC,Lubumbashi,Revendeur,Particulier,Électroménager,Mixeur Moulinex,4,31782,0,127128,101685,25443,Carte bancaire,Promo rentrée,3.4
CMD-100433,2025-05-25,Cameroun,Bafoussam,Boutique physique,Grande entreprise,Alimentation,Lait en poudre,12,6377,5,72698,57405,15293,Virement bancaire,Soldes Ramadan,3.8
CMD-100434,2023-03-28,Gabon,Port-Gentil,WhatsApp Business,Grande entreprise,Alimentation,Riz 25kg,9,22255,5,190281,147142,43139,Virement bancaire,Soldes Ramadan,4.8
CMD-100435,2024-08-08,Congo,Nkayi,Instagram,PME,Alimentation,Riz 25kg,4,23347,5,88719,69980,18739,Mobile Money,Soldes Ramadan,3.9
CMD-100436,2026-04-13,Tchad,N'Djamena,Revendeur,Grande entreprise,Mode,Montre connectée,2,51871,0,103742,62093,41649,Carte bancaire,Promo WhatsApp,4.9
CMD-100437,2025-07-20,RDC,Goma,Facebook,Grande entreprise,Mode,Chaussures Nike,3,55738,15,142132,112549,29583,Carte bancaire,Soldes Ramadan,3.2
CMD-100438,2025-02-25,RCA,Bangui,Site web,Grande entreprise,Téléphones,Samsung Galaxy A15,12,96173,0,1154076,661323,492753,Carte bancaire,Promo WhatsApp,4.5
CMD-100439,2023-11-29,Tchad,Moundou,WhatsApp Business,Grande entreprise,Téléphones,Tecno Spark 20,15,83622,15,1066181,834736,231445,Mobile Money,Promo WhatsApp,4.7
CMD-100440,2023-01-08,Gabon,Port-Gentil,Facebook,Particulier,Mode,Chemise homme,11,17013,0,187143,151458,35685,Virement bancaire,Promo WhatsApp,4.2
CMD-100441,2025-09-01,Guinée équatoriale,Bata,Instagram,Particulier,Alimentation,Riz 25kg,10,26896,0,268960,163677,105283,Mobile Money,Black Friday,3.9
CMD-100442,2023-03-17,Tchad,Moundou,Boutique physique,Grande entreprise,Alimentation,Huile 5L,1,8988,0,8988,6528,2460,Espèces,Fête de fin d'année,3.3
CMD-100443,2026-03-18,Congo,Pointe-Noire,WhatsApp Business,PME,Téléphones,Redmi Note 13,3,131646,0,394938,282378,112560,Espèces,Promo rentrée,4.6
CMD-100444,2026-02-01,Congo,Dolisie,Instagram,Particulier,Informatique,Imprimante Canon,15,119368,0,1790520,1351447,439073,Mobile Money,Soldes Ramadan,3.1
CMD-100445,2023-08-12,Guinée équatoriale,Bata,Revendeur,Grande entreprise,Informatique,Clé USB 64GB,9,8572,0,77148,55180,21968,Mobile Money,Promo WhatsApp,4.1
CMD-100446,2023-09-23,RCA,Berbérati,Instagram,Grande entreprise,Mode,Chemise homme,5,18564,10,83538,53927,29611,Virement bancaire,Promo WhatsApp,4.2
CMD-100447,2023-02-19,Guinée équatoriale,Malabo,Boutique physique,Grande entreprise,Alimentation,Huile 5L,12,9239,0,110868,61024,49844,Carte bancaire,Campagne Facebook Ads,3.9
CMD-100448,2024-02-17,Tchad,Moundou,Facebook,Particulier,Mode,Chaussures Nike,6,54307,15,276966,168210,108756,Espèces,Fête de fin d'année,4.4
CMD-100449,2026-03-11,Tchad,Sarh,Boutique physique,Particulier,Informatique,HP EliteBook,2,407154,0,814308,534946,279362,Carte bancaire,Fête de fin d'année,4.2
CMD-100450,2025-08-01,Guinée équatoriale,Bata,Site web,PME,Mode,Montre connectée,13,43626,0,567138,385655,181483,Virement bancaire,Campagne Facebook Ads,4.8
CMD-100451,2023-02-08,Guinée équatoriale,Bata,Revendeur,PME,Téléphones,iPhone 13,10,562245,0,5622450,3935140,1687310,Espèces,Promo rentrée,3.4
CMD-100452,2025-03-08,Cameroun,Garoua,Boutique physique,PME,Téléphones,iPhone 13,7,549446,0,3846122,2708304,1137818,Espèces,Soldes Ramadan,3.4
CMD-100453,2024-09-11,Congo,Dolisie,Facebook,Particulier,Mode,Chaussures Nike,8,61559,0,492472,330948,161524,Mobile Money,Fête de fin d'année,3.4
CMD-100454,2023-11-12,Guinée équatoriale,Malabo,Instagram,Grande entreprise,Électroménager,Réfrigérateur LG,8,431129,5,3276581,2602713,673868,Espèces,Campagne Facebook Ads,3.4
CMD-100455,2025-12-05,Gabon,Libreville,Facebook,Particulier,Téléphones,Tecno Spark 20,4,91897,5,349209,228609,120600,Mobile Money,Fête de fin d'année,3.2
CMD-100456,2024-03-05,RDC,Kinshasa,WhatsApp Business,PME,Téléphones,iPhone 13,1,543082,0,543082,392371,150711,Espèces,Aucune campagne,3.6
CMD-100457,2026-02-20,Gabon,Port-Gentil,WhatsApp Business,Grande entreprise,Téléphones,iPhone 13,3,488474,0,1465422,812018,653404,Espèces,Aucune campagne,4.0
CMD-100458,2024-11-24,Gabon,Port-Gentil,Boutique physique,Particulier,Électroménager,Télévision Hisense 43,10,221077,0,2210770,1401787,808983,Mobile Money,Promo WhatsApp,4.1
CMD-100459,2026-04-28,RCA,Bangui,Revendeur,Grande entreprise,Téléphones,Redmi Note 13,1,129014,5,122564,73333,49231,Virement bancaire,Aucune campagne,4.3
CMD-100460,2025-08-11,Gabon,Port-Gentil,Boutique physique,Grande entreprise,Informatique,Dell Latitude,12,457632,10,4942426,2823149,2119277,Virement bancaire,Promo rentrée,4.1
CMD-100461,2024-06-12,RDC,Goma,Instagram,Particulier,Mode,Montre connectée,4,54569,0,218276,170800,47476,Espèces,Campagne Facebook Ads,4.8
CMD-100462,2025-08-02,Guinée équatoriale,Bata,Facebook,PME,Mode,Montre connectée,1,43984,0,43984,28364,15620,Carte bancaire,Aucune campagne,4.7
CMD-100463,2025-03-31,Congo,Nkayi,WhatsApp Business,Grande entreprise,Téléphones,iPhone 13,9,552428,0,4971852,3449676,1522176,Carte bancaire,Aucune campagne,4.2
CMD-100464,2025-06-10,Cameroun,Bafoussam,Facebook,Grande entreprise,Mode,Chaussures Nike,6,52363,15,267052,189489,77563,Carte bancaire,Black Friday,4.1
CMD-100465,2023-07-19,RCA,Bangui,WhatsApp Business,PME,Alimentation,Lait en poudre,2,6812,5,12943,8255,4688,Virement bancaire,Promo rentrée,4.6
CMD-100466,2024-03-21,Tchad,N'Djamena,Site web,Grande entreprise,Alimentation,Lait en poudre,6,6653,15,33931,19225,14706,Mobile Money,Campagne Facebook Ads,4.6
CMD-100467,2024-10-10,Cameroun,Yaoundé,Revendeur,PME,Mode,Chemise homme,7,18970,5,126151,76047,50104,Virement bancaire,Soldes Ramadan,3.6
CMD-100468,2024-08-25,Gabon,Libreville,Site web,Particulier,Alimentation,Riz 25kg,10,27518,5,261421,203610,57811,Mobile Money,Soldes Ramadan,3.1
CMD-100469,2025-03-18,Tchad,Moundou,Revendeur,PME,Téléphones,iPhone 13,14,472054,5,6278319,4643444,1634875,Virement bancaire,Promo WhatsApp,4.3
CMD-100470,2025-01-07,RDC,Lubumbashi,WhatsApp Business,PME,Électroménager,Ventilateur Binatone,3,26517,5,75574,58773,16801,Carte bancaire,Black Friday,4.7
CMD-100471,2023-10-06,Congo,Pointe-Noire,Revendeur,PME,Téléphones,Tecno Spark 20,12,95303,15,972091,649277,322814,Virement bancaire,Campagne Facebook Ads,3.2
CMD-100472,2025-02-26,RCA,Berbérati,WhatsApp Business,PME,Alimentation,Huile 5L,8,9759,10,70265,54203,16062,Mobile Money,Aucune campagne,3.7
CMD-100473,2023-03-19,RDC,Lubumbashi,Revendeur,PME,Alimentation,Boisson gazeuse,7,3960,10,24948,16193,8755,Mobile Money,Aucune campagne,4.1
CMD-100474,2023-07-01,RDC,Kinshasa,Revendeur,Grande entreprise,Électroménager,Télévision Hisense 43,8,236724,10,1704413,1346958,357455,Mobile Money,Soldes Ramadan,3.5
CMD-100475,2025-11-15,RCA,Berbérati,Site web,Grande entreprise,Alimentation,Riz 25kg,15,23661,0,354915,240133,114782,Espèces,Promo WhatsApp,4.8
CMD-100476,2026-02-28,Gabon,Port-Gentil,Revendeur,PME,Informatique,Dell Latitude,1,450980,10,405882,305363,100519,Carte bancaire,Aucune campagne,3.5
CMD-100477,2024-07-23,Congo,Dolisie,Site web,PME,Alimentation,Riz 25kg,5,24508,0,122540,84125,38415,Espèces,Campagne Facebook Ads,3.5
CMD-100478,2025-01-27,Gabon,Libreville,Facebook,Grande entreprise,Téléphones,Tecno Spark 20,15,89075,0,1336125,972661,363464,Carte bancaire,Promo WhatsApp,4.6
CMD-100479,2025-04-25,Cameroun,Douala,WhatsApp Business,Grande entreprise,Informatique,HP EliteBook,3,398576,0,1195728,928071,267657,Virement bancaire,Soldes Ramadan,4.5
CMD-100480,2025-08-08,RCA,Bangui,Facebook,PME,Électroménager,Télévision Hisense 43,1,243930,0,243930,137620,106310,Carte bancaire,Promo WhatsApp,3.8
CMD-100481,2025-07-08,RCA,Berbérati,Facebook,Grande entreprise,Mode,Chemise homme,3,18586,5,52971,29303,23668,Mobile Money,Promo rentrée,3.8
CMD-100482,2024-06-30,Tchad,Sarh,Facebook,Grande entreprise,Informatique,Clé USB 64GB,10,10165,0,101650,65100,36550,Virement bancaire,Promo WhatsApp,4.6
CMD-100483,2024-10-03,Guinée équatoriale,Malabo,Revendeur,Particulier,Alimentation,Huile 5L,9,9351,15,71536,58528,13008,Mobile Money,Promo rentrée,4.1
CMD-100484,2024-05-30,RDC,Kinshasa,Boutique physique,Grande entreprise,Alimentation,Riz 25kg,11,24275,0,267025,199151,67874,Mobile Money,Promo rentrée,3.4
CMD-100485,2023-09-24,Tchad,Sarh,Revendeur,Grande entreprise,Électroménager,Réfrigérateur LG,12,478568,0,5742816,4486511,1256305,Carte bancaire,Promo rentrée,3.8
CMD-100486,2024-07-20,RCA,Bangui,Revendeur,Grande entreprise,Informatique,Imprimante Canon,8,127814,0,1022512,738734,283778,Espèces,Fête de fin d'année,4.5
CMD-100487,2024-06-26,Cameroun,Douala,Boutique physique,PME,Informatique,HP EliteBook,7,378916,0,2652412,1643764,1008648,Carte bancaire,Aucune campagne,3.4
CMD-100488,2023-08-06,RDC,Lubumbashi,Revendeur,PME,Mode,Chaussures Nike,3,56933,5,162260,98810,63450,Mobile Money,Promo rentrée,4.8
CMD-100489,2023-01-02,Congo,Pointe-Noire,Revendeur,PME,Alimentation,Boisson gazeuse,13,3540,5,43719,25802,17917,Espèces,Black Friday,4.9
CMD-100490,2025-04-07,RCA,Berbérati,Boutique physique,Grande entreprise,Mode,Chaussures Nike,9,59229,5,506408,343900,162508,Carte bancaire,Promo rentrée,4.7
CMD-100491,2023-07-05,RDC,Matadi,Facebook,Particulier,Téléphones,iPhone 13,6,556638,5,3172837,1792343,1380494,Virement bancaire,Campagne Facebook Ads,3.7
CMD-100492,2024-09-04,Guinée équatoriale,Bata,Boutique physique,Grande entreprise,Électroménager,Mixeur Moulinex,9,31844,5,272267,198318,73949,Espèces,Promo WhatsApp,4.4
CMD-100493,2024-05-03,Congo,Nkayi,Boutique physique,Grande entreprise,Électroménager,Mixeur Moulinex,1,33189,15,28211,23105,5106,Espèces,Promo WhatsApp,4.0
CMD-100494,2023-08-31,Tchad,Moundou,Revendeur,Grande entreprise,Téléphones,Samsung Galaxy A15,6,86831,15,442839,248680,194159,Virement bancaire,Soldes Ramadan,3.4
CMD-100495,2023-02-09,Guinée équatoriale,Malabo,Site web,Particulier,Alimentation,Huile 5L,15,8721,15,111193,65406,45787,Carte bancaire,Soldes Ramadan,3.9
CMD-100496,2023-07-19,RCA,Bangui,WhatsApp Business,Grande entreprise,Téléphones,Tecno Spark 20,11,77561,0,853171,658306,194865,Mobile Money,Campagne Facebook Ads,3.9
CMD-100497,2024-02-20,Guinée équatoriale,Malabo,Revendeur,Grande entreprise,Téléphones,Redmi Note 13,10,153971,0,1539710,873076,666634,Virement bancaire,Fête de fin d'année,3.9
CMD-100498,2023-09-05,Congo,Brazzaville,Instagram,Particulier,Informatique,Dell Latitude,13,382786,0,4976218,3187695,1788523,Espèces,Aucune campagne,3.5
CMD-100499,2023-11-20,Cameroun,Bafoussam,Instagram,Particulier,Électroménager,Réfrigérateur LG,3,388496,15,990665,708681,281984,Mobile Money,Promo rentrée,3.0
CMD-100500,2024-02-27,Cameroun,Douala,Facebook,Grande entreprise,Alimentation,Boisson gazeuse,7,3756,5,24978,18407,6571,Virement bancaire,Promo WhatsApp,3.3
CMD-100501,2023-06-30,Cameroun,Yaoundé,Facebook,PME,Alimentation,Riz 25kg,10,22680,5,215460,154108,61352,Virement bancaire,Promo rentrée,4.3
CMD-100502,2026-01-10,Tchad,N'Djamena,Instagram,Grande entreprise,Électroménager,Réfrigérateur LG,9,480563,10,3892561,2521263,1371298,Carte bancaire,Fête de fin d'année,4.0
CMD-100503,2023-11-24,Congo,Brazzaville,Boutique physique,Particulier,Téléphones,Tecno Spark 20,11,94430,5,986794,675291,311503,Espèces,Fête de fin d'année,4.3
CMD-100504,2023-04-18,Cameroun,Bafoussam,WhatsApp Business,Particulier,Informatique,Imprimante Canon,10,132154,5,1255463,705188,550275,Mobile Money,Promo WhatsApp,4.8
CMD-100505,2024-02-12,Tchad,N'Djamena,Facebook,Particulier,Téléphones,Tecno Spark 20,12,85952,10,928282,592255,336027,Mobile Money,Fête de fin d'année,4.5
CMD-100506,2026-04-13,Cameroun,Douala,Instagram,Particulier,Électroménager,Ventilateur Binatone,14,26599,0,372386,212205,160181,Carte bancaire,Aucune campagne,4.0
CMD-100507,2024-07-06,RDC,Lubumbashi,WhatsApp Business,Particulier,Mode,Chemise homme,3,18259,0,54777,39474,15303,Mobile Money,Fête de fin d'année,3.4
CMD-100508,2024-08-27,Cameroun,Douala,Revendeur,Grande entreprise,Mode,Montre connectée,7,45254,0,316778,193031,123747,Carte bancaire,Aucune campagne,4.2
CMD-100509,2025-08-05,Tchad,N'Djamena,Revendeur,PME,Téléphones,Redmi Note 13,14,144261,0,2019654,1433402,586252,Carte bancaire,Black Friday,3.6
CMD-100510,2023-01-11,Gabon,Port-Gentil,Boutique physique,Particulier,Alimentation,Huile 5L,15,10752,0,161280,128493,32787,Virement bancaire,Soldes Ramadan,3.8
CMD-100511,2025-07-15,Guinée équatoriale,Malabo,Boutique physique,Grande entreprise,Mode,Montre connectée,8,52916,15,359829,277697,82132,Mobile Money,Soldes Ramadan,4.0
CMD-100512,2023-02-02,RCA,Berbérati,Facebook,Particulier,Électroménager,Mixeur Moulinex,6,34088,15,173849,142506,31343,Virement bancaire,Campagne Facebook Ads,4.0
CMD-100513,2025-04-10,Tchad,Sarh,Facebook,Grande entreprise,Alimentation,Riz 25kg,8,24382,0,195056,153320,41736,Virement bancaire,Soldes Ramadan,3.4
CMD-100514,2025-05-22,RCA,Bangui,Revendeur,Grande entreprise,Téléphones,Redmi Note 13,15,150176,10,2027376,1132964,894412,Carte bancaire,Campagne Facebook Ads,4.5
CMD-100515,2025-01-15,RCA,Bangui,Boutique physique,PME,Alimentation,Boisson gazeuse,12,3965,10,42822,34481,8341,Espèces,Promo WhatsApp,4.8
CMD-100516,2024-02-24,Tchad,N'Djamena,Facebook,Particulier,Informatique,Imprimante Canon,3,127445,15,324985,184621,140364,Mobile Money,Soldes Ramadan,3.3
CMD-100517,2024-07-21,RDC,Lubumbashi,Facebook,PME,Électroménager,Télévision Hisense 43,6,258631,10,1396608,1024637,371971,Virement bancaire,Promo WhatsApp,3.1
CMD-100518,2025-07-14,Tchad,Sarh,Revendeur,Grande entreprise,Téléphones,Redmi Note 13,12,144616,10,1561853,1238317,323536,Mobile Money,Black Friday,4.2
CMD-100519,2024-07-19,RDC,Kinshasa,WhatsApp Business,PME,Téléphones,Redmi Note 13,15,132258,0,1983870,1149709,834161,Carte bancaire,Campagne Facebook Ads,3.2
CMD-100520,2025-05-10,Cameroun,Douala,Revendeur,Particulier,Informatique,Clé USB 64GB,11,9318,0,102498,69488,33010,Espèces,Black Friday,3.9
CMD-100521,2024-10-30,Congo,Pointe-Noire,Revendeur,Grande entreprise,Électroménager,Télévision Hisense 43,7,240275,15,1429637,1035677,393960,Virement bancaire,Promo WhatsApp,4.0
CMD-100522,2024-08-13,Gabon,Franceville,Boutique physique,Particulier,Électroménager,Télévision Hisense 43,3,252382,0,757146,515423,241723,Espèces,Fête de fin d'année,4.5
CMD-100523,2023-11-11,RDC,Lubumbashi,Boutique physique,Particulier,Alimentation,Huile 5L,12,9821,0,117852,95786,22066,Espèces,Aucune campagne,3.3
CMD-100524,2024-10-11,Cameroun,Bafoussam,WhatsApp Business,PME,Informatique,Imprimante Canon,3,114154,15,291093,162827,128266,Virement bancaire,Aucune campagne,5.0
CMD-100525,2024-10-17,Cameroun,Garoua,Revendeur,Grande entreprise,Téléphones,Samsung Galaxy A15,7,107612,0,753284,607073,146211,Espèces,Soldes Ramadan,3.3
CMD-100526,2026-03-03,RCA,Berbérati,Instagram,PME,Mode,Chemise homme,13,20613,10,241173,176070,65103,Mobile Money,Soldes Ramadan,4.5
CMD-100527,2025-07-02,RDC,Kinshasa,Facebook,Particulier,Électroménager,Réfrigérateur LG,5,380603,10,1712714,1330841,381873,Carte bancaire,Aucune campagne,3.7
CMD-100528,2023-06-28,Tchad,N'Djamena,Instagram,Particulier,Informatique,Dell Latitude,1,386776,5,367438,269261,98177,Virement bancaire,Fête de fin d'année,5.0
CMD-100529,2025-05-25,Tchad,Sarh,Facebook,Particulier,Alimentation,Riz 25kg,15,25600,5,364800,215212,149588,Espèces,Fête de fin d'année,3.7
CMD-100530,2025-05-01,Gabon,Port-Gentil,Facebook,Particulier,Mode,Chaussures Nike,4,59507,5,226127,169643,56484,Virement bancaire,Soldes Ramadan,4.6
CMD-100531,2025-12-11,RDC,Lubumbashi,Boutique physique,Grande entreprise,Alimentation,Riz 25kg,3,22846,5,65112,53187,11925,Virement bancaire,Promo rentrée,5.0
CMD-100532,2023-10-08,Congo,Nkayi,Instagram,PME,Informatique,Clé USB 64GB,3,9350,15,23843,16769,7074,Virement bancaire,Promo rentrée,3.4
CMD-100533,2023-01-06,Guinée équatoriale,Bata,Facebook,Grande entreprise,Alimentation,Boisson gazeuse,8,3639,5,27657,16887,10770,Virement bancaire,Promo rentrée,3.3
CMD-100534,2023-09-02,RCA,Berbérati,Instagram,Particulier,Mode,Sac à main,8,36054,15,245168,151043,94125,Espèces,Aucune campagne,4.5
CMD-100535,2026-03-24,RDC,Matadi,Facebook,Particulier,Informatique,Clé USB 64GB,12,9941,0,119292,82118,37174,Mobile Money,Black Friday,3.0
CMD-100536,2024-12-30,Gabon,Port-Gentil,Facebook,Grande entreprise,Électroménager,Télévision Hisense 43,3,210041,0,630123,417940,212183,Mobile Money,Aucune campagne,3.1
CMD-100537,2024-09-08,Cameroun,Yaoundé,Revendeur,Grande entreprise,Téléphones,Tecno Spark 20,9,83355,0,750195,580082,170113,Espèces,Promo rentrée,3.5
CMD-100538,2025-09-20,Tchad,Sarh,WhatsApp Business,Particulier,Informatique,Dell Latitude,1,392379,0,392379,255326,137053,Carte bancaire,Black Friday,3.8
CMD-100539,2023-09-26,Tchad,N'Djamena,Instagram,PME,Électroménager,Réfrigérateur LG,7,426351,0,2984457,1735380,1249077,Espèces,Soldes Ramadan,4.8
CMD-100540,2023-08-31,Gabon,Libreville,Revendeur,Particulier,Mode,Chemise homme,3,19394,0,58182,43694,14488,Carte bancaire,Fête de fin d'année,3.4
CMD-100541,2025-09-18,Cameroun,Yaoundé,Boutique physique,Particulier,Électroménager,Réfrigérateur LG,7,450535,0,3153745,1800752,1352993,Mobile Money,Promo rentrée,4.5
CMD-100542,2023-01-22,Guinée équatoriale,Malabo,Boutique physique,Grande entreprise,Mode,Chaussures Nike,15,52978,0,794670,501789,292881,Carte bancaire,Aucune campagne,4.5
CMD-100543,2026-04-02,Cameroun,Yaoundé,WhatsApp Business,Grande entreprise,Informatique,HP EliteBook,2,355827,15,604906,486524,118382,Carte bancaire,Aucune campagne,3.7
CMD-100544,2023-12-18,Tchad,N'Djamena,Site web,Particulier,Téléphones,Samsung Galaxy A15,9,90653,0,815877,661146,154731,Mobile Money,Black Friday,4.8
CMD-100545,2023-08-08,Tchad,Sarh,Facebook,PME,Mode,Chemise homme,12,18852,5,214913,157284,57629,Virement bancaire,Black Friday,3.4
CMD-100546,2025-11-30,Tchad,N'Djamena,Facebook,Grande entreprise,Mode,Chaussures Nike,13,63038,0,819494,553808,265686,Espèces,Aucune campagne,3.3
CMD-100547,2024-09-30,RCA,Bangui,Instagram,Particulier,Téléphones,iPhone 13,8,483043,0,3864344,2602154,1262190,Virement bancaire,Fête de fin d'année,4.4
CMD-100548,2025-01-22,Guinée équatoriale,Bata,Revendeur,PME,Électroménager,Réfrigérateur LG,15,466311,5,6644932,5339549,1305383,Mobile Money,Promo WhatsApp,3.4
CMD-100549,2023-12-12,RDC,Kinshasa,WhatsApp Business,PME,Téléphones,Tecno Spark 20,7,85013,10,535582,435933,99649,Carte bancaire,Aucune campagne,3.1
CMD-100550,2026-04-06,Guinée équatoriale,Bata,Revendeur,PME,Téléphones,Tecno Spark 20,14,85524,5,1137470,711146,426324,Espèces,Promo WhatsApp,4.2
CMD-100551,2025-09-29,RCA,Berbérati,Revendeur,Particulier,Mode,Chemise homme,3,19655,0,58965,34376,24589,Mobile Money,Promo rentrée,4.0
CMD-100552,2024-10-31,RCA,Bangui,Site web,Grande entreprise,Téléphones,Redmi Note 13,11,126936,0,1396296,912215,484081,Mobile Money,Campagne Facebook Ads,3.3
CMD-100553,2026-01-15,Congo,Nkayi,Site web,Grande entreprise,Mode,Sac à main,5,34096,5,161956,111149,50807,Mobile Money,Campagne Facebook Ads,3.7
CMD-100554,2023-03-15,Congo,Nkayi,Site web,Grande entreprise,Téléphones,Redmi Note 13,8,137009,5,1041269,697119,344150,Espèces,Soldes Ramadan,3.1
CMD-100555,2026-03-11,Cameroun,Bafoussam,Revendeur,Grande entreprise,Mode,Sac à main,5,34525,5,163994,124025,39969,Virement bancaire,Promo WhatsApp,4.4
CMD-100556,2024-12-23,Tchad,N'Djamena,Facebook,PME,Alimentation,Riz 25kg,7,23180,10,146034,118599,27435,Mobile Money,Promo rentrée,4.5
CMD-100557,2024-11-29,Tchad,N'Djamena,Instagram,PME,Électroménager,Télévision Hisense 43,6,253549,10,1369165,762984,606181,Espèces,Promo WhatsApp,3.8
CMD-100558,2023-05-15,Gabon,Libreville,Boutique physique,PME,Électroménager,Mixeur Moulinex,4,37170,10,133812,76665,57147,Carte bancaire,Promo rentrée,4.7
CMD-100559,2025-05-12,Tchad,Moundou,Revendeur,PME,Téléphones,Redmi Note 13,11,156217,10,1546549,1065549,481000,Mobile Money,Fête de fin d'année,3.5
CMD-100560,2024-11-19,RDC,Matadi,Revendeur,PME,Informatique,HP EliteBook,13,388394,15,4291754,3142765,1148989,Carte bancaire,Aucune campagne,4.0
CMD-100561,2026-01-02,Gabon,Port-Gentil,Facebook,Particulier,Mode,Sac à main,8,33883,0,271064,210590,60474,Espèces,Aucune campagne,3.4
CMD-100562,2024-07-13,RDC,Lubumbashi,Site web,PME,Alimentation,Riz 25kg,12,26665,0,319980,227122,92858,Virement bancaire,Black Friday,3.1
CMD-100563,2025-04-03,Gabon,Libreville,Site web,PME,Informatique,Imprimante Canon,7,127903,0,895321,540792,354529,Carte bancaire,Promo rentrée,3.5
CMD-100564,2024-07-02,RCA,Bangui,Site web,Grande entreprise,Alimentation,Lait en poudre,4,6923,15,23539,18908,4631,Virement bancaire,Aucune campagne,4.9
CMD-100565,2024-09-06,RCA,Bangui,Instagram,PME,Alimentation,Huile 5L,6,9648,0,57888,34190,23698,Mobile Money,Soldes Ramadan,4.7
CMD-100566,2025-04-11,Cameroun,Bafoussam,WhatsApp Business,Particulier,Informatique,Imprimante Canon,11,112817,15,1054839,751396,303443,Mobile Money,Black Friday,3.5
CMD-100567,2023-03-17,Guinée équatoriale,Bata,Facebook,Particulier,Mode,Montre connectée,9,55095,5,471063,341364,129699,Mobile Money,Fête de fin d'année,3.4
CMD-100568,2023-02-10,Guinée équatoriale,Bata,Boutique physique,PME,Alimentation,Huile 5L,11,10574,15,98867,67345,31522,Espèces,Campagne Facebook Ads,3.1
CMD-100569,2024-04-28,Congo,Nkayi,Revendeur,Grande entreprise,Informatique,HP EliteBook,7,431600,15,2568020,1996744,571276,Mobile Money,Aucune campagne,3.2
CMD-100570,2026-04-11,RCA,Berbérati,Revendeur,Grande entreprise,Mode,Chaussures Nike,4,57747,0,230988,147579,83409,Carte bancaire,Promo WhatsApp,4.5
CMD-100571,2026-04-22,Cameroun,Yaoundé,Site web,PME,Téléphones,Tecno Spark 20,4,97110,5,369018,243648,125370,Mobile Money,Fête de fin d'année,3.1
CMD-100572,2025-01-23,Tchad,Moundou,Boutique physique,Grande entreprise,Mode,Sac à main,5,35835,0,179175,116107,63068,Mobile Money,Campagne Facebook Ads,4.6
CMD-100573,2025-01-13,RCA,Bangui,Revendeur,Particulier,Électroménager,Télévision Hisense 43,9,229119,15,1752761,1417616,335145,Carte bancaire,Campagne Facebook Ads,4.8
CMD-100574,2024-04-27,RDC,Matadi,WhatsApp Business,PME,Téléphones,Redmi Note 13,15,160229,0,2403435,1517143,886292,Espèces,Campagne Facebook Ads,3.6
CMD-100575,2025-04-25,Guinée équatoriale,Bata,Facebook,Grande entreprise,Téléphones,iPhone 13,14,478412,5,6362880,4308908,2053972,Virement bancaire,Campagne Facebook Ads,4.9
CMD-100576,2024-10-31,Congo,Brazzaville,Boutique physique,Particulier,Informatique,HP EliteBook,6,381982,15,1948109,1499314,448795,Carte bancaire,Soldes Ramadan,3.9
CMD-100577,2023-08-15,RDC,Lubumbashi,Site web,Grande entreprise,Téléphones,Redmi Note 13,4,147990,0,591960,417609,174351,Carte bancaire,Campagne Facebook Ads,3.3
CMD-100578,2023-12-22,Tchad,Sarh,Facebook,PME,Mode,Chemise homme,8,18352,15,124794,73135,51659,Carte bancaire,Promo rentrée,4.4
CMD-100579,2023-02-17,RDC,Goma,Revendeur,Grande entreprise,Électroménager,Ventilateur Binatone,15,27841,10,375854,229500,146354,Carte bancaire,Promo rentrée,4.8
CMD-100580,2023-11-02,RDC,Lubumbashi,Facebook,Particulier,Informatique,Dell Latitude,1,420108,5,399103,284203,114900,Mobile Money,Promo rentrée,3.2
CMD-100581,2024-06-29,RCA,Berbérati,Instagram,PME,Mode,Montre connectée,2,45893,0,91786,55204,36582,Carte bancaire,Promo WhatsApp,3.6
CMD-100582,2024-01-05,Guinée équatoriale,Malabo,WhatsApp Business,Particulier,Alimentation,Huile 5L,14,9222,15,109742,65968,43774,Espèces,Fête de fin d'année,3.8
CMD-100583,2025-08-18,Cameroun,Bafoussam,Facebook,Grande entreprise,Électroménager,Télévision Hisense 43,10,246345,5,2340278,1341329,998949,Virement bancaire,Soldes Ramadan,3.3
CMD-100584,2024-04-25,Cameroun,Bafoussam,Facebook,Grande entreprise,Mode,Chemise homme,2,16628,0,33256,18758,14498,Mobile Money,Promo rentrée,3.9
CMD-100585,2026-02-19,Gabon,Franceville,WhatsApp Business,PME,Alimentation,Lait en poudre,5,7438,15,31612,20552,11060,Carte bancaire,Aucune campagne,3.1
CMD-100586,2024-06-17,RDC,Goma,Boutique physique,Particulier,Mode,Sac à main,2,31338,10,56409,37618,18791,Virement bancaire,Campagne Facebook Ads,3.2
CMD-100587,2024-06-24,Guinée équatoriale,Bata,Instagram,Particulier,Informatique,Clé USB 64GB,5,10131,0,50655,36243,14412,Espèces,Soldes Ramadan,4.0
CMD-100588,2023-03-15,RDC,Lubumbashi,WhatsApp Business,Grande entreprise,Alimentation,Lait en poudre,1,6156,0,6156,3767,2389,Virement bancaire,Promo WhatsApp,3.9
CMD-100589,2025-10-06,Congo,Nkayi,Revendeur,Particulier,Téléphones,Redmi Note 13,6,160608,10,867284,590623,276661,Mobile Money,Fête de fin d'année,3.2
CMD-100590,2026-02-27,Congo,Brazzaville,Site web,Particulier,Informatique,Dell Latitude,14,395670,10,4985442,3849231,1136211,Mobile Money,Aucune campagne,4.8
CMD-100591,2024-11-04,Guinée équatoriale,Malabo,Revendeur,Grande entreprise,Mode,Chaussures Nike,4,60063,15,204215,117518,86697,Mobile Money,Promo WhatsApp,3.1
CMD-100592,2025-09-09,Gabon,Franceville,Facebook,Grande entreprise,Téléphones,iPhone 13,3,471753,5,1344497,1041028,303469,Mobile Money,Fête de fin d'année,3.9
CMD-100593,2023-04-24,Congo,Nkayi,Site web,Grande entreprise,Informatique,Dell Latitude,4,468644,15,1593390,998095,595295,Virement bancaire,Promo rentrée,4.5
CMD-100594,2024-03-02,RDC,Goma,Instagram,PME,Électroménager,Mixeur Moulinex,13,39073,0,507949,282185,225764,Carte bancaire,Promo rentrée,3.3
CMD-100595,2023-07-16,Gabon,Port-Gentil,Site web,Particulier,Mode,Chemise homme,15,19282,0,289230,187115,102115,Virement bancaire,Promo WhatsApp,4.7
CMD-100596,2025-06-08,RDC,Matadi,Boutique physique,Particulier,Informatique,Clé USB 64GB,2,9802,0,19604,14031,5573,Espèces,Promo WhatsApp,4.3
CMD-100597,2025-08-16,RCA,Bangui,Instagram,PME,Électroménager,Ventilateur Binatone,9,29606,10,239809,137331,102478,Carte bancaire,Black Friday,3.9
CMD-100598,2023-04-03,RCA,Berbérati,Site web,PME,Électroménager,Ventilateur Binatone,5,29179,10,131306,74931,56375,Virement bancaire,Promo rentrée,4.0
CMD-100599,2025-08-05,RDC,Goma,WhatsApp Business,PME,Informatique,Imprimante Canon,10,110453,10,994077,551108,442969,Mobile Money,Promo rentrée,3.4
CMD-100600,2024-11-30,RDC,Goma,WhatsApp Business,Particulier,Informatique,Clé USB 64GB,13,9608,10,112414,86346,26068,Carte bancaire,Promo rentrée,4.9
CMD-100601,2023-12-18,RCA,Berbérati,Instagram,Grande entreprise,Téléphones,Redmi Note 13,9,126627,5,1082661,629570,453091,Virement bancaire,Campagne Facebook Ads,4.3
CMD-100602,2024-09-11,RCA,Berbérati,WhatsApp Business,Particulier,Informatique,Imprimante Canon,12,128214,15,1307783,957660,350123,Carte bancaire,Promo rentrée,3.2
CMD-100603,2025-06-11,Guinée équatoriale,Malabo,Site web,Particulier,Électroménager,Réfrigérateur LG,4,428517,0,1714068,1243435,470633,Mobile Money,Fête de fin d'année,4.7
CMD-100604,2025-06-30,Guinée équatoriale,Bata,Instagram,Particulier,Électroménager,Ventilateur Binatone,7,25352,0,177464,140844,36620,Virement bancaire,Aucune campagne,4.9
CMD-100605,2025-06-03,Cameroun,Yaoundé,Instagram,Grande entreprise,Informatique,Clé USB 64GB,1,8851,0,8851,6374,2477,Espèces,Promo rentrée,5.0
CMD-100606,2026-03-26,RDC,Matadi,Boutique physique,PME,Mode,Montre connectée,4,51771,10,186376,103463,82913,Virement bancaire,Promo WhatsApp,3.6
CMD-100607,2024-01-29,Congo,Nkayi,Instagram,Particulier,Alimentation,Boisson gazeuse,8,3760,0,30080,17854,12226,Carte bancaire,Aucune campagne,3.9
CMD-100608,2025-05-03,RCA,Berbérati,Revendeur,Grande entreprise,Alimentation,Lait en poudre,3,7285,15,18577,13785,4792,Espèces,Campagne Facebook Ads,4.7
CMD-100609,2023-09-22,RDC,Lubumbashi,WhatsApp Business,Grande entreprise,Alimentation,Huile 5L,5,10190,0,50950,37198,13752,Virement bancaire,Promo rentrée,3.3
CMD-100610,2025-01-04,Guinée équatoriale,Bata,Facebook,Grande entreprise,Mode,Chemise homme,4,17142,0,68568,56212,12356,Carte bancaire,Black Friday,4.8
CMD-100611,2024-04-03,Guinée équatoriale,Malabo,Facebook,PME,Téléphones,iPhone 13,7,482816,0,3379712,1968972,1410740,Mobile Money,Campagne Facebook Ads,4.0
CMD-100612,2023-08-16,Tchad,Moundou,Site web,Grande entreprise,Électroménager,Réfrigérateur LG,12,383294,5,4369552,3345881,1023671,Mobile Money,Campagne Facebook Ads,4.9
CMD-100613,2023-11-18,Tchad,N'Djamena,Revendeur,PME,Alimentation,Riz 25kg,3,25379,0,76137,60602,15535,Virement bancaire,Soldes Ramadan,4.5
CMD-100614,2025-06-18,Guinée équatoriale,Malabo,Boutique physique,Particulier,Électroménager,Télévision Hisense 43,6,254101,0,1524606,1187852,336754,Virement bancaire,Fête de fin d'année,4.9
CMD-100615,2024-05-17,Gabon,Franceville,Site web,PME,Électroménager,Réfrigérateur LG,5,417105,5,1981249,1282608,698641,Carte bancaire,Black Friday,3.3
CMD-100616,2025-01-10,Guinée équatoriale,Bata,Instagram,Particulier,Mode,Montre connectée,15,48705,10,657518,502701,154817,Mobile Money,Soldes Ramadan,4.9
CMD-100617,2025-03-16,Guinée équatoriale,Malabo,Revendeur,Grande entreprise,Téléphones,iPhone 13,6,520214,0,3121284,2082519,1038765,Carte bancaire,Aucune campagne,4.5
CMD-100618,2024-10-04,Congo,Dolisie,Boutique physique,PME,Mode,Montre connectée,15,51370,10,693495,544988,148507,Carte bancaire,Soldes Ramadan,4.8
CMD-100619,2024-02-09,RDC,Matadi,Boutique physique,Particulier,Électroménager,Ventilateur Binatone,12,27616,15,281684,185690,95994,Espèces,Promo WhatsApp,4.8
CMD-100620,2024-11-28,RCA,Bangui,WhatsApp Business,Particulier,Alimentation,Boisson gazeuse,4,3231,10,11632,7378,4254,Mobile Money,Campagne Facebook Ads,4.5
CMD-100621,2025-10-31,Tchad,Sarh,Boutique physique,PME,Informatique,Dell Latitude,14,459286,15,5465504,3629867,1835637,Espèces,Soldes Ramadan,3.2
CMD-100622,2026-03-18,Tchad,Moundou,Instagram,PME,Téléphones,Samsung Galaxy A15,13,100960,0,1312480,880882,431598,Carte bancaire,Campagne Facebook Ads,4.5
CMD-100623,2023-10-14,RCA,Bangui,Site web,Grande entreprise,Informatique,Imprimante Canon,5,128007,15,544030,383348,160682,Carte bancaire,Promo rentrée,4.4
CMD-100624,2025-05-21,Gabon,Franceville,Boutique physique,Particulier,Alimentation,Huile 5L,14,10399,5,138307,79727,58580,Mobile Money,Promo WhatsApp,4.7
CMD-100625,2026-02-18,Cameroun,Bafoussam,Instagram,PME,Électroménager,Ventilateur Binatone,2,27785,10,50013,32945,17068,Virement bancaire,Soldes Ramadan,4.0
CMD-100626,2025-07-26,RDC,Matadi,Revendeur,Grande entreprise,Mode,Montre connectée,14,45154,10,568941,332445,236496,Mobile Money,Soldes Ramadan,3.3
CMD-100627,2023-09-01,Cameroun,Bafoussam,Instagram,Particulier,Mode,Chaussures Nike,12,51656,10,557885,362468,195417,Mobile Money,Fête de fin d'année,4.2
CMD-100628,2025-09-22,Tchad,Moundou,WhatsApp Business,Particulier,Téléphones,Tecno Spark 20,2,84393,0,168786,106652,62134,Virement bancaire,Promo rentrée,3.1
CMD-100629,2024-12-15,Gabon,Port-Gentil,Boutique physique,PME,Électroménager,Mixeur Moulinex,14,37972,0,531608,309942,221666,Virement bancaire,Aucune campagne,3.1
CMD-100630,2023-09-29,Gabon,Franceville,Site web,Grande entreprise,Mode,Chemise homme,13,17897,15,197762,153284,44478,Virement bancaire,Campagne Facebook Ads,4.5
CMD-100631,2025-03-04,RDC,Matadi,Instagram,PME,Électroménager,Télévision Hisense 43,2,252989,15,430082,308957,121125,Mobile Money,Soldes Ramadan,3.5
CMD-100632,2024-09-24,RDC,Goma,Boutique physique,Grande entreprise,Téléphones,Tecno Spark 20,12,77027,15,785676,601012,184664,Mobile Money,Black Friday,4.1
CMD-100633,2023-02-08,Tchad,Sarh,Site web,Particulier,Alimentation,Riz 25kg,10,24730,5,234935,161097,73838,Mobile Money,Fête de fin d'année,3.2
CMD-100634,2026-04-21,Guinée équatoriale,Malabo,Boutique physique,PME,Électroménager,Ventilateur Binatone,2,30848,10,55527,35343,20184,Virement bancaire,Black Friday,3.1
CMD-100635,2026-01-14,RDC,Kinshasa,WhatsApp Business,Particulier,Alimentation,Boisson gazeuse,7,3375,0,23625,19243,4382,Espèces,Campagne Facebook Ads,3.3
CMD-100636,2024-01-07,Congo,Brazzaville,Boutique physique,PME,Informatique,Clé USB 64GB,11,8480,10,83952,67959,15993,Virement bancaire,Promo rentrée,3.1
CMD-100637,2024-05-05,Gabon,Libreville,Site web,Particulier,Mode,Chemise homme,5,17889,0,89445,50447,38998,Virement bancaire,Aucune campagne,4.5
CMD-100638,2025-09-18,Guinée équatoriale,Bata,Revendeur,Particulier,Téléphones,iPhone 13,1,509383,10,458445,302532,155913,Mobile Money,Fête de fin d'année,3.1
CMD-100639,2025-04-13,Tchad,Sarh,Revendeur,Grande entreprise,Téléphones,Tecno Spark 20,13,88287,0,1147731,725647,422084,Carte bancaire,Campagne Facebook Ads,3.9
CMD-100640,2026-02-10,Cameroun,Garoua,Boutique physique,PME,Alimentation,Huile 5L,13,9132,5,112781,91303,21478,Espèces,Soldes Ramadan,3.9
CMD-100641,2024-12-20,Cameroun,Douala,WhatsApp Business,Grande entreprise,Téléphones,Redmi Note 13,5,146925,15,624432,407530,216902,Espèces,Promo rentrée,4.7
CMD-100642,2024-07-26,Cameroun,Douala,WhatsApp Business,Grande entreprise,Informatique,HP EliteBook,7,408350,0,2858450,2131746,726704,Espèces,Soldes Ramadan,4.8
CMD-100643,2025-07-30,Gabon,Franceville,Facebook,Particulier,Informatique,Clé USB 64GB,5,8653,0,43265,27786,15479,Carte bancaire,Soldes Ramadan,4.9
CMD-100644,2025-09-28,Congo,Nkayi,Site web,Particulier,Téléphones,Samsung Galaxy A15,11,89621,10,887248,702454,184794,Mobile Money,Aucune campagne,4.5
CMD-100645,2023-12-29,Congo,Nkayi,Revendeur,Particulier,Téléphones,iPhone 13,14,516928,10,6513293,4211825,2301468,Mobile Money,Promo WhatsApp,4.7
CMD-100646,2025-01-02,Gabon,Libreville,Site web,Grande entreprise,Mode,Chaussures Nike,4,59718,0,238872,175272,63600,Espèces,Campagne Facebook Ads,3.4
CMD-100647,2024-03-04,RCA,Bangui,Revendeur,PME,Électroménager,Ventilateur Binatone,6,25457,5,145105,115244,29861,Mobile Money,Campagne Facebook Ads,3.0
CMD-100648,2026-03-03,Gabon,Franceville,Site web,Particulier,Alimentation,Lait en poudre,3,6746,15,17203,12893,4310,Mobile Money,Black Friday,3.4
CMD-100649,2025-12-27,Gabon,Franceville,Revendeur,Grande entreprise,Électroménager,Télévision Hisense 43,4,255740,0,1022960,836604,186356,Virement bancaire,Promo rentrée,4.2
CMD-100650,2025-11-27,RDC,Kinshasa,Facebook,Grande entreprise,Informatique,Clé USB 64GB,14,10338,0,144732,84359,60373,Mobile Money,Soldes Ramadan,3.9
CMD-100651,2024-11-16,Cameroun,Douala,Site web,Particulier,Informatique,Clé USB 64GB,9,9109,0,81981,53763,28218,Carte bancaire,Soldes Ramadan,3.2
CMD-100652,2023-07-18,RDC,Kinshasa,Instagram,Particulier,Électroménager,Mixeur Moulinex,3,34380,0,103140,74159,28981,Espèces,Campagne Facebook Ads,3.1
CMD-100653,2025-11-30,Gabon,Libreville,Boutique physique,Grande entreprise,Téléphones,Redmi Note 13,4,159558,0,638232,492613,145619,Virement bancaire,Campagne Facebook Ads,4.6
CMD-100654,2023-05-14,Congo,Nkayi,Boutique physique,PME,Alimentation,Riz 25kg,2,27447,0,54894,35785,19109,Mobile Money,Fête de fin d'année,4.6
CMD-100655,2025-02-20,Tchad,Sarh,Site web,PME,Mode,Chaussures Nike,2,58816,10,105869,59720,46149,Carte bancaire,Campagne Facebook Ads,3.8
CMD-100656,2023-07-27,Tchad,Sarh,Revendeur,Particulier,Alimentation,Riz 25kg,8,23903,5,181663,143074,38589,Virement bancaire,Aucune campagne,3.7
CMD-100657,2024-02-01,Gabon,Franceville,WhatsApp Business,Grande entreprise,Électroménager,Réfrigérateur LG,2,379290,15,644793,366395,278398,Espèces,Fête de fin d'année,4.8
CMD-100658,2024-09-30,RDC,Matadi,Site web,Grande entreprise,Alimentation,Lait en poudre,3,6245,0,18735,10610,8125,Espèces,Fête de fin d'année,4.2
CMD-100659,2023-01-17,Tchad,Sarh,Revendeur,Grande entreprise,Électroménager,Mixeur Moulinex,8,34200,0,273600,171981,101619,Carte bancaire,Promo rentrée,4.0
CMD-100660,2023-05-21,Cameroun,Douala,Revendeur,PME,Mode,Chemise homme,4,20594,15,70020,55686,14334,Virement bancaire,Aucune campagne,3.7
CMD-100661,2025-07-19,RCA,Berbérati,Boutique physique,PME,Alimentation,Boisson gazeuse,10,3412,0,34120,20260,13860,Carte bancaire,Promo rentrée,4.8
CMD-100662,2024-11-09,RCA,Bangui,Instagram,Particulier,Électroménager,Ventilateur Binatone,10,26691,5,253565,189752,63813,Virement bancaire,Black Friday,4.6
CMD-100663,2024-08-18,Guinée équatoriale,Malabo,Revendeur,Grande entreprise,Informatique,HP EliteBook,2,375999,10,676799,393288,283511,Espèces,Promo rentrée,3.9
CMD-100664,2024-11-26,Congo,Brazzaville,WhatsApp Business,Particulier,Électroménager,Télévision Hisense 43,3,219589,0,658767,490179,168588,Carte bancaire,Promo rentrée,4.7
CMD-100665,2023-08-16,Cameroun,Garoua,WhatsApp Business,PME,Téléphones,Samsung Galaxy A15,14,101589,5,1351134,982024,369110,Virement bancaire,Black Friday,3.7
CMD-100666,2023-09-25,Gabon,Port-Gentil,WhatsApp Business,Grande entreprise,Électroménager,Ventilateur Binatone,15,30176,0,452640,266603,186037,Virement bancaire,Soldes Ramadan,4.6
CMD-100667,2026-04-17,Gabon,Port-Gentil,Site web,PME,Alimentation,Lait en poudre,11,6247,0,68717,51952,16765,Carte bancaire,Fête de fin d'année,3.4
CMD-100668,2024-03-04,Cameroun,Douala,Instagram,Grande entreprise,Informatique,Dell Latitude,14,431368,10,5435237,4289354,1145883,Mobile Money,Black Friday,4.5
CMD-100669,2025-02-04,Tchad,Moundou,Instagram,Grande entreprise,Alimentation,Boisson gazeuse,8,3604,0,28832,18362,10470,Virement bancaire,Promo WhatsApp,4.1
CMD-100670,2024-04-25,Gabon,Franceville,Facebook,PME,Mode,Chaussures Nike,4,52518,0,210072,141181,68891,Virement bancaire,Aucune campagne,3.8
CMD-100671,2024-12-21,Cameroun,Garoua,Boutique physique,PME,Informatique,HP EliteBook,3,413404,0,1240212,830962,409250,Espèces,Promo WhatsApp,3.5
CMD-100672,2023-02-20,RDC,Matadi,WhatsApp Business,PME,Mode,Montre connectée,6,52854,0,317124,197795,119329,Mobile Money,Fête de fin d'année,3.4
CMD-100673,2023-05-27,Congo,Dolisie,Site web,Particulier,Alimentation,Riz 25kg,13,23258,0,302354,174328,128026,Espèces,Black Friday,3.7
CMD-100674,2024-01-26,RCA,Berbérati,WhatsApp Business,Grande entreprise,Informatique,Imprimante Canon,12,132466,15,1351154,1051564,299590,Espèces,Promo rentrée,4.4
CMD-100675,2023-01-25,Guinée équatoriale,Bata,Site web,Particulier,Informatique,Imprimante Canon,13,137905,5,1703127,1314648,388479,Virement bancaire,Black Friday,3.9
CMD-100676,2025-08-02,Cameroun,Yaoundé,Boutique physique,PME,Mode,Sac à main,9,33496,10,271318,204725,66593,Carte bancaire,Promo WhatsApp,3.7
CMD-100677,2026-03-28,Guinée équatoriale,Bata,Facebook,Grande entreprise,Électroménager,Ventilateur Binatone,8,31170,0,249360,162375,86985,Mobile Money,Promo WhatsApp,4.7
CMD-100678,2026-01-06,Guinée équatoriale,Bata,Site web,Particulier,Informatique,Dell Latitude,7,422700,5,2810955,2124989,685966,Mobile Money,Black Friday,3.6
CMD-100679,2025-03-02,Cameroun,Garoua,Boutique physique,PME,Alimentation,Lait en poudre,7,6181,5,41104,23314,17790,Virement bancaire,Soldes Ramadan,3.4
CMD-100680,2025-09-27,Gabon,Libreville,WhatsApp Business,Particulier,Électroménager,Réfrigérateur LG,11,436055,0,4796605,3708486,1088119,Virement bancaire,Fête de fin d'année,3.1
CMD-100681,2024-10-31,Cameroun,Yaoundé,Instagram,PME,Informatique,HP EliteBook,8,347458,10,2501698,1383395,1118303,Carte bancaire,Promo rentrée,4.7
CMD-100682,2024-02-26,Cameroun,Bafoussam,Revendeur,Grande entreprise,Mode,Chaussures Nike,7,62632,0,438424,256513,181911,Virement bancaire,Black Friday,3.6
CMD-100683,2023-01-16,Tchad,Sarh,Instagram,Particulier,Informatique,Dell Latitude,9,453261,5,3875382,2419668,1455714,Virement bancaire,Aucune campagne,5.0
CMD-100684,2026-03-25,Guinée équatoriale,Malabo,Boutique physique,PME,Alimentation,Boisson gazeuse,15,3648,5,51984,35050,16934,Virement bancaire,Fête de fin d'année,3.1
CMD-100685,2025-07-26,RCA,Berbérati,Revendeur,Particulier,Mode,Sac à main,7,30793,10,193996,145104,48892,Mobile Money,Promo WhatsApp,3.8
CMD-100686,2023-05-17,RCA,Bangui,Revendeur,Particulier,Électroménager,Mixeur Moulinex,5,39222,10,176499,110984,65515,Virement bancaire,Promo WhatsApp,4.4
CMD-100687,2023-12-04,Guinée équatoriale,Malabo,Site web,Particulier,Informatique,HP EliteBook,13,351996,0,4575948,3023447,1552501,Virement bancaire,Promo rentrée,3.5
CMD-100688,2023-01-22,Congo,Nkayi,Revendeur,Particulier,Mode,Chemise homme,12,17997,0,215964,141910,74054,Espèces,Soldes Ramadan,3.5
CMD-100689,2025-06-15,RCA,Berbérati,Facebook,Particulier,Mode,Montre connectée,2,44190,15,75123,46232,28891,Carte bancaire,Campagne Facebook Ads,3.3
CMD-100690,2023-01-23,Congo,Pointe-Noire,WhatsApp Business,PME,Électroménager,Télévision Hisense 43,2,237742,5,451710,268985,182725,Espèces,Black Friday,4.4
CMD-100691,2023-07-30,Cameroun,Douala,Facebook,PME,Alimentation,Huile 5L,8,10204,15,69388,53366,16022,Mobile Money,Aucune campagne,3.8
CMD-100692,2023-02-02,Congo,Pointe-Noire,Boutique physique,PME,Mode,Sac à main,15,30797,0,461955,279019,182936,Carte bancaire,Soldes Ramadan,3.8
CMD-100693,2023-12-09,RCA,Bangui,Site web,Particulier,Électroménager,Réfrigérateur LG,13,465715,15,5146151,3063649,2082502,Espèces,Fête de fin d'année,3.1
CMD-100694,2024-03-13,Tchad,Sarh,Facebook,Particulier,Électroménager,Mixeur Moulinex,15,36239,5,516406,300866,215540,Mobile Money,Promo WhatsApp,3.2
CMD-100695,2024-07-24,RCA,Berbérati,Facebook,Particulier,Téléphones,Redmi Note 13,4,142057,0,568228,413470,154758,Mobile Money,Black Friday,4.3
CMD-100696,2023-07-14,RDC,Goma,Revendeur,Grande entreprise,Alimentation,Lait en poudre,2,7007,10,12613,7521,5092,Virement bancaire,Soldes Ramadan,4.2
CMD-100697,2025-09-14,Guinée équatoriale,Malabo,Boutique physique,Grande entreprise,Informatique,Dell Latitude,11,457980,15,4282113,2722786,1559327,Virement bancaire,Promo WhatsApp,3.1
CMD-100698,2025-05-27,Tchad,Sarh,Site web,Particulier,Électroménager,Réfrigérateur LG,4,380227,0,1520908,963326,557582,Mobile Money,Black Friday,4.5
CMD-100699,2025-06-27,Gabon,Port-Gentil,Facebook,Particulier,Informatique,Dell Latitude,3,417453,15,1064506,596373,468133,Espèces,Fête de fin d'année,4.5
CMD-100700,2024-11-09,RCA,Bangui,WhatsApp Business,Grande entreprise,Alimentation,Lait en poudre,11,7170,0,78870,48255,30615,Mobile Money,Soldes Ramadan,3.7
CMD-100701,2023-05-13,Cameroun,Yaoundé,Boutique physique,Particulier,Alimentation,Lait en poudre,9,6372,5,54481,39228,15253,Mobile Money,Soldes Ramadan,4.7
CMD-100702,2023-06-10,Cameroun,Yaoundé,Instagram,PME,Électroménager,Réfrigérateur LG,3,440226,0,1320678,810637,510041,Carte bancaire,Soldes Ramadan,3.9
CMD-100703,2024-02-17,Cameroun,Yaoundé,Instagram,Particulier,Mode,Sac à main,10,30791,0,307910,217271,90639,Espèces,Promo WhatsApp,3.5
CMD-100704,2023-11-16,RDC,Lubumbashi,Instagram,Particulier,Mode,Montre connectée,7,49263,15,293115,195515,97600,Virement bancaire,Promo WhatsApp,4.6
CMD-100705,2024-09-18,Guinée équatoriale,Malabo,Instagram,Grande entreprise,Informatique,Dell Latitude,9,454298,0,4088682,2668770,1419912,Virement bancaire,Promo rentrée,3.9
CMD-100706,2025-10-22,Gabon,Libreville,Facebook,PME,Mode,Sac à main,3,36129,0,108387,59988,48399,Virement bancaire,Promo WhatsApp,4.5
CMD-100707,2023-03-21,RDC,Goma,Boutique physique,PME,Mode,Montre connectée,5,50892,10,229014,130362,98652,Carte bancaire,Black Friday,5.0
CMD-100708,2023-04-29,Guinée équatoriale,Bata,Instagram,Grande entreprise,Informatique,Imprimante Canon,9,129273,15,988939,727752,261187,Carte bancaire,Black Friday,4.3
CMD-100709,2025-07-21,RDC,Kinshasa,WhatsApp Business,PME,Informatique,HP EliteBook,12,405239,0,4862868,3017697,1845171,Carte bancaire,Aucune campagne,4.9
CMD-100710,2025-02-26,Tchad,Sarh,Site web,Particulier,Électroménager,Réfrigérateur LG,2,458952,15,780219,579027,201192,Carte bancaire,Promo WhatsApp,3.8
CMD-100711,2026-04-15,Cameroun,Bafoussam,Instagram,Grande entreprise,Informatique,Imprimante Canon,9,137030,15,1048280,827507,220773,Mobile Money,Promo rentrée,3.6
CMD-100712,2024-09-22,RCA,Berbérati,WhatsApp Business,PME,Électroménager,Télévision Hisense 43,12,219047,15,2234280,1468931,765349,Mobile Money,Promo rentrée,3.0
CMD-100713,2025-02-06,Congo,Nkayi,WhatsApp Business,Particulier,Alimentation,Lait en poudre,11,6318,5,66024,39355,26669,Virement bancaire,Black Friday,3.4
CMD-100714,2024-01-28,Tchad,N'Djamena,Instagram,PME,Mode,Sac à main,3,30407,15,77538,46471,31067,Mobile Money,Campagne Facebook Ads,3.5
CMD-100715,2023-03-02,RCA,Bangui,Instagram,PME,Téléphones,iPhone 13,2,517104,0,1034208,586758,447450,Mobile Money,Promo rentrée,4.2
CMD-100716,2025-12-01,Congo,Dolisie,Facebook,PME,Téléphones,Samsung Galaxy A15,2,90512,0,181024,117924,63100,Virement bancaire,Campagne Facebook Ads,5.0
CMD-100717,2024-05-05,Gabon,Franceville,Revendeur,PME,Mode,Chemise homme,6,19268,0,115608,94781,20827,Virement bancaire,Aucune campagne,4.9
CMD-100718,2023-10-12,Congo,Dolisie,Boutique physique,Grande entreprise,Informatique,HP EliteBook,1,385407,15,327596,215718,111878,Espèces,Soldes Ramadan,3.1
CMD-100719,2024-01-20,Guinée équatoriale,Malabo,Revendeur,PME,Informatique,Clé USB 64GB,10,9643,5,91609,63121,28488,Mobile Money,Soldes Ramadan,3.0
CMD-100720,2023-06-16,Gabon,Libreville,Instagram,Grande entreprise,Informatique,Clé USB 64GB,4,9465,5,35967,26960,9007,Mobile Money,Soldes Ramadan,3.7
CMD-100721,2025-10-30,RDC,Goma,Instagram,Particulier,Alimentation,Huile 5L,12,8890,10,96012,75521,20491,Espèces,Campagne Facebook Ads,3.1
CMD-100722,2024-03-09,RCA,Berbérati,Revendeur,Grande entreprise,Électroménager,Ventilateur Binatone,2,28575,10,51435,31634,19801,Mobile Money,Promo rentrée,3.3
CMD-100723,2024-06-11,RDC,Kinshasa,Revendeur,Particulier,Électroménager,Télévision Hisense 43,15,229050,0,3435750,2094094,1341656,Carte bancaire,Aucune campagne,4.3
CMD-100724,2023-05-13,RCA,Berbérati,Instagram,Grande entreprise,Téléphones,iPhone 13,14,497094,10,6263385,4740825,1522560,Virement bancaire,Soldes Ramadan,4.3
CMD-100725,2024-11-27,RCA,Berbérati,WhatsApp Business,Grande entreprise,Électroménager,Mixeur Moulinex,5,32512,0,162560,94296,68264,Mobile Money,Aucune campagne,4.5
CMD-100726,2026-01-01,Gabon,Libreville,Instagram,PME,Informatique,Clé USB 64GB,10,9758,0,97580,55299,42281,Espèces,Campagne Facebook Ads,3.4
CMD-100727,2024-10-09,Gabon,Franceville,Facebook,Particulier,Électroménager,Mixeur Moulinex,2,34958,10,62925,49090,13835,Virement bancaire,Soldes Ramadan,3.3
CMD-100728,2024-10-17,RDC,Lubumbashi,Revendeur,Particulier,Alimentation,Boisson gazeuse,3,3803,15,9698,5423,4275,Espèces,Campagne Facebook Ads,3.6
CMD-100729,2024-11-13,RCA,Berbérati,Revendeur,Particulier,Électroménager,Ventilateur Binatone,5,30128,5,143108,80981,62127,Carte bancaire,Soldes Ramadan,3.3
CMD-100730,2023-11-23,RCA,Bangui,Site web,PME,Électroménager,Ventilateur Binatone,12,27942,15,285009,226964,58045,Espèces,Promo WhatsApp,5.0
CMD-100731,2024-02-04,RCA,Berbérati,Site web,PME,Informatique,Clé USB 64GB,7,8261,15,49153,30790,18363,Mobile Money,Black Friday,4.4
CMD-100732,2025-09-15,Gabon,Franceville,WhatsApp Business,Particulier,Téléphones,iPhone 13,8,553102,10,3982335,2338193,1644142,Carte bancaire,Campagne Facebook Ads,3.6
CMD-100733,2023-10-30,RCA,Bangui,Instagram,Grande entreprise,Téléphones,iPhone 13,12,579298,0,6951576,5096518,1855058,Carte bancaire,Promo rentrée,3.8
CMD-100734,2026-04-30,Congo,Dolisie,WhatsApp Business,Grande entreprise,Mode,Sac à main,1,29738,10,26765,19418,7347,Virement bancaire,Black Friday,3.9
CMD-100735,2025-02-07,Congo,Pointe-Noire,Revendeur,Grande entreprise,Électroménager,Ventilateur Binatone,8,27318,10,196690,158872,37818,Mobile Money,Campagne Facebook Ads,4.6
CMD-100736,2025-09-28,RDC,Matadi,Site web,Particulier,Informatique,Clé USB 64GB,6,8126,0,48756,27903,20853,Mobile Money,Aucune campagne,4.3
CMD-100737,2025-09-18,Tchad,Sarh,Revendeur,PME,Mode,Chemise homme,12,19554,10,211184,126477,84707,Espèces,Aucune campagne,5.0
CMD-100738,2023-02-10,Cameroun,Douala,Site web,Grande entreprise,Informatique,HP EliteBook,12,428343,10,4626105,2775294,1850811,Virement bancaire,Promo rentrée,3.8
CMD-100739,2024-01-06,Tchad,Sarh,Revendeur,Particulier,Alimentation,Riz 25kg,13,26117,15,288593,228667,59926,Mobile Money,Aucune campagne,4.7
CMD-100740,2026-02-25,RDC,Goma,Boutique physique,Particulier,Téléphones,Samsung Galaxy A15,3,99158,15,252853,150075,102778,Mobile Money,Aucune campagne,3.5
CMD-100741,2024-09-07,Gabon,Port-Gentil,Site web,PME,Alimentation,Huile 5L,7,10870,15,64677,35573,29104,Virement bancaire,Black Friday,3.1
CMD-100742,2023-04-02,Tchad,Moundou,WhatsApp Business,Particulier,Informatique,Imprimante Canon,10,124146,0,1241460,913393,328067,Espèces,Campagne Facebook Ads,3.5
CMD-100743,2025-05-14,Guinée équatoriale,Malabo,Facebook,PME,Électroménager,Mixeur Moulinex,10,34641,0,346410,258719,87691,Virement bancaire,Soldes Ramadan,3.1
CMD-100744,2024-02-22,Cameroun,Bafoussam,Revendeur,PME,Mode,Chaussures Nike,5,58802,15,249909,147115,102794,Carte bancaire,Soldes Ramadan,3.1
CMD-100745,2025-06-07,Gabon,Franceville,Site web,Particulier,Alimentation,Huile 5L,7,10501,0,73507,60125,13382,Mobile Money,Fête de fin d'année,3.8
CMD-100746,2024-11-14,Congo,Pointe-Noire,WhatsApp Business,Particulier,Alimentation,Lait en poudre,2,6385,0,12770,8274,4496,Espèces,Promo rentrée,4.6
CMD-100747,2024-09-19,Congo,Nkayi,Instagram,Particulier,Électroménager,Ventilateur Binatone,2,30679,0,61358,36658,24700,Espèces,Soldes Ramadan,4.2
CMD-100748,2025-03-08,Tchad,Moundou,Revendeur,Grande entreprise,Alimentation,Boisson gazeuse,10,3236,0,32360,19289,13071,Virement bancaire,Promo WhatsApp,3.4
CMD-100749,2023-10-20,Tchad,N'Djamena,Revendeur,PME,Informatique,HP EliteBook,11,390788,0,4298668,3127461,1171207,Mobile Money,Soldes Ramadan,3.8
CMD-100750,2025-08-17,RCA,Berbérati,Facebook,PME,Électroménager,Ventilateur Binatone,12,28404,5,323806,264318,59488,Carte bancaire,Fête de fin d'année,4.0
CMD-100751,2023-06-07,RCA,Bangui,Boutique physique,Particulier,Informatique,Clé USB 64GB,13,8803,0,114439,82552,31887,Mobile Money,Promo rentrée,4.5
CMD-100752,2023-10-07,RCA,Berbérati,Site web,Grande entreprise,Alimentation,Lait en poudre,13,7270,5,89785,65794,23991,Mobile Money,Promo WhatsApp,4.0
CMD-100753,2025-12-17,Congo,Brazzaville,Boutique physique,Grande entreprise,Téléphones,Redmi Note 13,12,144701,0,1736412,1069527,666885,Virement bancaire,Black Friday,4.4
CMD-100754,2023-04-15,RCA,Bangui,Instagram,Particulier,Électroménager,Réfrigérateur LG,6,466137,10,2517140,1624533,892607,Espèces,Promo rentrée,3.8
CMD-100755,2023-01-05,Gabon,Franceville,Site web,PME,Électroménager,Réfrigérateur LG,5,409413,0,2047065,1272215,774850,Carte bancaire,Fête de fin d'année,4.5
CMD-100756,2024-09-03,RCA,Bangui,Boutique physique,PME,Mode,Montre connectée,1,47468,10,42722,28807,13915,Carte bancaire,Promo WhatsApp,3.7
CMD-100757,2023-11-11,Gabon,Libreville,Instagram,Particulier,Téléphones,Redmi Note 13,8,132914,10,956981,659231,297750,Carte bancaire,Campagne Facebook Ads,3.8
CMD-100758,2024-01-09,RCA,Berbérati,Facebook,Particulier,Électroménager,Ventilateur Binatone,7,27820,0,194740,129629,65111,Virement bancaire,Soldes Ramadan,4.1
CMD-100759,2024-02-11,Guinée équatoriale,Bata,Facebook,Particulier,Électroménager,Mixeur Moulinex,6,38037,0,228222,147658,80564,Carte bancaire,Promo WhatsApp,3.2
CMD-100760,2024-06-28,RDC,Goma,Instagram,Grande entreprise,Téléphones,Tecno Spark 20,11,80728,5,843608,682579,161029,Virement bancaire,Campagne Facebook Ads,3.2
CMD-100761,2025-03-07,RCA,Bangui,Boutique physique,Particulier,Informatique,Clé USB 64GB,9,9733,15,74458,57900,16558,Carte bancaire,Black Friday,3.3
CMD-100762,2023-01-17,Gabon,Franceville,Facebook,PME,Téléphones,Tecno Spark 20,1,90914,0,90914,60549,30365,Virement bancaire,Promo rentrée,3.9
CMD-100763,2023-08-24,Guinée équatoriale,Bata,Revendeur,Particulier,Électroménager,Mixeur Moulinex,12,35973,0,431676,270189,161487,Virement bancaire,Black Friday,4.7
CMD-100764,2023-11-01,RDC,Kinshasa,WhatsApp Business,PME,Alimentation,Huile 5L,4,10907,10,39266,28263,11003,Mobile Money,Fête de fin d'année,3.5
CMD-100765,2025-12-11,Cameroun,Yaoundé,Revendeur,Particulier,Mode,Chaussures Nike,10,52245,0,522450,341000,181450,Carte bancaire,Fête de fin d'année,3.6
CMD-100766,2024-07-28,RDC,Matadi,Revendeur,PME,Téléphones,Redmi Note 13,11,127807,0,1405877,875434,530443,Carte bancaire,Fête de fin d'année,4.9
CMD-100767,2025-08-24,Congo,Brazzaville,Site web,Particulier,Téléphones,Samsung Galaxy A15,1,101185,0,101185,61442,39743,Virement bancaire,Black Friday,3.6
CMD-100768,2026-02-04,Gabon,Port-Gentil,WhatsApp Business,PME,Informatique,Imprimante Canon,5,111345,15,473217,262014,211203,Espèces,Soldes Ramadan,4.5
CMD-100769,2023-06-28,Guinée équatoriale,Bata,WhatsApp Business,Grande entreprise,Alimentation,Boisson gazeuse,4,3718,0,14872,10525,4347,Mobile Money,Promo rentrée,4.8
CMD-100770,2026-01-24,Tchad,Sarh,Facebook,Grande entreprise,Électroménager,Mixeur Moulinex,12,35400,0,424800,242228,182572,Virement bancaire,Campagne Facebook Ads,4.2
CMD-100771,2026-02-21,Cameroun,Yaoundé,Facebook,PME,Téléphones,Tecno Spark 20,4,85387,15,290316,179468,110848,Mobile Money,Promo WhatsApp,5.0
CMD-100772,2024-08-16,Congo,Nkayi,Site web,Particulier,Mode,Chaussures Nike,3,57738,15,147232,119437,27795,Carte bancaire,Soldes Ramadan,3.1
CMD-100773,2025-03-10,Guinée équatoriale,Bata,Facebook,Particulier,Mode,Chaussures Nike,3,55518,10,149899,97992,51907,Carte bancaire,Promo rentrée,3.8
CMD-100774,2025-12-11,Cameroun,Yaoundé,WhatsApp Business,PME,Alimentation,Riz 25kg,15,27171,10,366809,246851,119958,Espèces,Aucune campagne,3.5
CMD-100775,2024-07-22,Congo,Brazzaville,Facebook,Particulier,Électroménager,Réfrigérateur LG,9,403012,0,3627108,2621296,1005812,Carte bancaire,Campagne Facebook Ads,4.9
CMD-100776,2026-01-29,Cameroun,Douala,WhatsApp Business,PME,Téléphones,iPhone 13,11,546670,0,6013370,3834315,2179055,Espèces,Fête de fin d'année,3.5
CMD-100777,2023-02-02,Congo,Pointe-Noire,Site web,Particulier,Informatique,Dell Latitude,12,479348,0,5752176,3561267,2190909,Virement bancaire,Soldes Ramadan,4.1
CMD-100778,2026-04-06,Gabon,Franceville,Instagram,Particulier,Alimentation,Huile 5L,14,9600,0,134400,83673,50727,Virement bancaire,Black Friday,4.3
CMD-100779,2024-01-14,RCA,Berbérati,WhatsApp Business,Particulier,Informatique,Dell Latitude,15,428295,5,6103204,3655872,2447332,Virement bancaire,Soldes Ramadan,4.6
CMD-100780,2024-01-20,Cameroun,Garoua,Boutique physique,PME,Téléphones,iPhone 13,3,583082,5,1661784,1222390,439394,Carte bancaire,Promo WhatsApp,3.1
CMD-100781,2025-02-12,RCA,Berbérati,Boutique physique,Particulier,Téléphones,Tecno Spark 20,12,92446,0,1109352,790845,318507,Mobile Money,Black Friday,3.8
CMD-100782,2023-08-06,Cameroun,Douala,Facebook,Grande entreprise,Informatique,Dell Latitude,11,440961,0,4850571,3921962,928609,Mobile Money,Black Friday,4.1
CMD-100783,2024-05-14,Cameroun,Bafoussam,Revendeur,PME,Alimentation,Lait en poudre,14,6115,0,85610,58155,27455,Mobile Money,Promo rentrée,3.1
CMD-100784,2024-04-04,Guinée équatoriale,Malabo,Instagram,PME,Téléphones,iPhone 13,2,534500,5,1015550,597443,418107,Carte bancaire,Fête de fin d'année,3.0
CMD-100785,2023-08-14,RCA,Berbérati,Facebook,PME,Électroménager,Ventilateur Binatone,11,31389,0,345279,235753,109526,Mobile Money,Aucune campagne,3.4
CMD-100786,2025-12-22,Gabon,Libreville,WhatsApp Business,Grande entreprise,Informatique,HP EliteBook,15,346117,0,5191755,3105076,2086679,Virement bancaire,Black Friday,3.7
CMD-100787,2025-01-25,RCA,Berbérati,Revendeur,Particulier,Alimentation,Boisson gazeuse,6,3915,0,23490,18730,4760,Mobile Money,Campagne Facebook Ads,4.9
CMD-100788,2023-08-20,Cameroun,Yaoundé,Revendeur,PME,Informatique,Dell Latitude,7,424903,5,2825605,2175589,650016,Carte bancaire,Promo rentrée,4.2
CMD-100789,2025-04-27,Gabon,Libreville,Revendeur,PME,Électroménager,Ventilateur Binatone,6,27435,5,156380,106330,50050,Carte bancaire,Campagne Facebook Ads,4.2
CMD-100790,2026-01-03,RCA,Bangui,Instagram,Particulier,Mode,Montre connectée,9,49165,10,398237,271996,126241,Virement bancaire,Aucune campagne,4.6
CMD-100791,2023-02-05,Tchad,Sarh,Instagram,Particulier,Électroménager,Réfrigérateur LG,4,415979,0,1663916,1361673,302243,Mobile Money,Promo rentrée,3.7
CMD-100792,2025-05-12,Gabon,Port-Gentil,WhatsApp Business,Particulier,Électroménager,Télévision Hisense 43,8,215288,10,1550074,1259266,290808,Carte bancaire,Promo rentrée,3.5
CMD-100793,2023-08-06,RCA,Bangui,Boutique physique,PME,Mode,Chaussures Nike,12,62767,0,753204,425260,327944,Carte bancaire,Promo rentrée,4.3
CMD-100794,2025-05-02,Cameroun,Garoua,WhatsApp Business,PME,Électroménager,Réfrigérateur LG,4,386091,10,1389928,1076344,313584,Carte bancaire,Soldes Ramadan,3.3
CMD-100795,2023-01-28,Tchad,Sarh,WhatsApp Business,Particulier,Informatique,Clé USB 64GB,7,9725,5,64672,49213,15459,Mobile Money,Aucune campagne,3.6
CMD-100796,2025-07-19,Guinée équatoriale,Malabo,Facebook,Grande entreprise,Alimentation,Huile 5L,1,9491,5,9017,6614,2403,Espèces,Soldes Ramadan,4.1
CMD-100797,2025-03-31,Cameroun,Bafoussam,WhatsApp Business,PME,Électroménager,Télévision Hisense 43,2,236986,0,473972,355785,118187,Carte bancaire,Campagne Facebook Ads,4.2
CMD-100798,2023-12-04,RCA,Bangui,Facebook,Grande entreprise,Mode,Montre connectée,6,51032,5,290883,224956,65927,Virement bancaire,Black Friday,3.1
CMD-100799,2024-07-31,Gabon,Libreville,Boutique physique,Particulier,Téléphones,Samsung Galaxy A15,6,99825,0,598950,333958,264992,Carte bancaire,Aucune campagne,3.3
CMD-100800,2026-03-13,Congo,Dolisie,Site web,PME,Électroménager,Mixeur Moulinex,11,39630,0,435930,271442,164488,Mobile Money,Promo rentrée,4.1
CMD-100801,2024-10-06,Gabon,Libreville,Revendeur,PME,Informatique,HP EliteBook,6,413409,5,2356432,1614293,742139,Carte bancaire,Soldes Ramadan,4.5
CMD-100802,2023-11-04,RCA,Bangui,Instagram,PME,Informatique,Clé USB 64GB,15,9768,0,146520,100452,46068,Mobile Money,Fête de fin d'année,3.0
CMD-100803,2024-03-17,Cameroun,Yaoundé,Revendeur,Particulier,Mode,Chaussures Nike,15,58106,15,740852,453789,287063,Carte bancaire,Aucune campagne,4.6
CMD-100804,2025-06-01,Tchad,Sarh,Revendeur,Grande entreprise,Alimentation,Boisson gazeuse,8,3837,0,30696,19293,11403,Virement bancaire,Black Friday,3.1
CMD-100805,2024-09-25,Cameroun,Douala,Boutique physique,PME,Électroménager,Ventilateur Binatone,2,30833,0,61666,46675,14991,Mobile Money,Promo WhatsApp,4.1
CMD-100806,2023-05-26,Gabon,Libreville,Instagram,PME,Informatique,Dell Latitude,2,407412,0,814824,525895,288929,Virement bancaire,Fête de fin d'année,3.4
CMD-100807,2025-04-01,Guinée équatoriale,Bata,Site web,Grande entreprise,Électroménager,Réfrigérateur LG,10,429267,0,4292670,3356571,936099,Carte bancaire,Promo WhatsApp,3.8
CMD-100808,2024-06-22,Gabon,Franceville,Revendeur,Particulier,Alimentation,Boisson gazeuse,6,3223,5,18372,12614,5758,Mobile Money,Soldes Ramadan,4.8
CMD-100809,2026-03-13,Guinée équatoriale,Malabo,Boutique physique,Particulier,Alimentation,Riz 25kg,3,26718,0,80154,52218,27936,Virement bancaire,Campagne Facebook Ads,3.8
CMD-100810,2024-01-05,RDC,Kinshasa,Instagram,PME,Informatique,Clé USB 64GB,8,9545,5,72542,42035,30507,Carte bancaire,Promo WhatsApp,4.5
CMD-100811,2023-08-23,Gabon,Libreville,Boutique physique,Grande entreprise,Informatique,Imprimante Canon,10,122588,15,1041998,781651,260347,Carte bancaire,Promo WhatsApp,3.6
CMD-100812,2025-01-10,Cameroun,Yaoundé,Instagram,Particulier,Informatique,HP EliteBook,10,415549,0,4155490,3336210,819280,Mobile Money,Black Friday,4.6
CMD-100813,2024-07-14,Guinée équatoriale,Malabo,Facebook,Grande entreprise,Mode,Chemise homme,5,19060,0,95300,56062,39238,Virement bancaire,Campagne Facebook Ads,3.8
CMD-100814,2024-08-31,RDC,Lubumbashi,Facebook,PME,Informatique,Dell Latitude,14,383642,5,5102439,3277527,1824912,Virement bancaire,Promo WhatsApp,3.3
CMD-100815,2023-01-21,Tchad,Sarh,Site web,Particulier,Électroménager,Ventilateur Binatone,6,31588,10,170576,111738,58838,Mobile Money,Soldes Ramadan,4.1
CMD-100816,2025-10-19,RCA,Bangui,Boutique physique,Grande entreprise,Informatique,Imprimante Canon,1,112515,5,106890,85739,21151,Virement bancaire,Fête de fin d'année,4.7
CMD-100817,2026-03-30,Tchad,Sarh,WhatsApp Business,Grande entreprise,Téléphones,Redmi Note 13,14,156004,15,1856448,1246268,610180,Carte bancaire,Promo WhatsApp,3.2
CMD-100818,2026-03-27,RCA,Bangui,Facebook,PME,Alimentation,Lait en poudre,4,6415,0,25660,20845,4815,Mobile Money,Fête de fin d'année,4.9
CMD-100819,2024-12-22,Gabon,Franceville,Instagram,Grande entreprise,Téléphones,Redmi Note 13,11,160966,5,1682095,1111535,570560,Espèces,Promo rentrée,4.7
CMD-100820,2025-02-20,Cameroun,Bafoussam,Revendeur,Grande entreprise,Mode,Chemise homme,3,18687,0,56061,39049,17012,Virement bancaire,Soldes Ramadan,3.6
CMD-100821,2023-02-03,Gabon,Franceville,Instagram,Particulier,Alimentation,Riz 25kg,2,26435,0,52870,30358,22512,Virement bancaire,Soldes Ramadan,4.2
CMD-100822,2025-07-20,Guinée équatoriale,Malabo,Boutique physique,Particulier,Mode,Chaussures Nike,11,53486,5,558929,339384,219545,Virement bancaire,Promo rentrée,4.1
CMD-100823,2024-07-02,Gabon,Port-Gentil,Facebook,PME,Mode,Montre connectée,1,54475,0,54475,37426,17049,Virement bancaire,Soldes Ramadan,4.8
CMD-100824,2025-11-28,Cameroun,Douala,Site web,PME,Mode,Chaussures Nike,1,49860,0,49860,38741,11119,Espèces,Black Friday,4.6
CMD-100825,2026-03-29,Tchad,Moundou,Revendeur,PME,Électroménager,Ventilateur Binatone,4,29513,5,112150,86771,25379,Carte bancaire,Promo WhatsApp,3.9
CMD-100826,2026-03-27,Gabon,Franceville,Revendeur,PME,Électroménager,Ventilateur Binatone,4,25897,0,103588,71076,32512,Carte bancaire,Fête de fin d'année,4.6
CMD-100827,2026-01-18,Cameroun,Douala,Boutique physique,Grande entreprise,Téléphones,Samsung Galaxy A15,7,85774,10,540377,319537,220840,Virement bancaire,Promo rentrée,4.8
CMD-100828,2026-01-01,RCA,Bangui,Revendeur,PME,Mode,Chemise homme,3,17278,0,51834,32664,19170,Espèces,Soldes Ramadan,4.7
CMD-100829,2023-08-16,Congo,Dolisie,Site web,Particulier,Téléphones,Tecno Spark 20,11,76991,10,762211,597629,164582,Mobile Money,Black Friday,3.9
CMD-100830,2024-03-01,Gabon,Port-Gentil,Instagram,Particulier,Électroménager,Réfrigérateur LG,2,429895,0,859790,684766,175024,Virement bancaire,Promo rentrée,3.8
CMD-100831,2023-11-26,RDC,Kinshasa,Boutique physique,Particulier,Électroménager,Ventilateur Binatone,7,31427,15,186991,148703,38288,Mobile Money,Promo rentrée,3.4
CMD-100832,2024-01-30,Gabon,Port-Gentil,Site web,Particulier,Mode,Chaussures Nike,3,56674,0,170022,136047,33975,Carte bancaire,Black Friday,4.2
CMD-100833,2023-09-17,Guinée équatoriale,Bata,Instagram,Particulier,Téléphones,Tecno Spark 20,1,83460,0,83460,47783,35677,Mobile Money,Fête de fin d'année,3.5
CMD-100834,2024-05-27,RCA,Berbérati,Revendeur,Grande entreprise,Mode,Montre connectée,7,49351,5,328185,262230,65955,Espèces,Promo WhatsApp,3.3
CMD-100835,2024-07-10,Congo,Dolisie,Site web,Particulier,Électroménager,Mixeur Moulinex,12,35768,5,407756,270916,136840,Virement bancaire,Promo WhatsApp,4.6
CMD-100836,2024-06-02,Cameroun,Garoua,Facebook,Grande entreprise,Informatique,HP EliteBook,8,357888,0,2863104,2315353,547751,Espèces,Promo WhatsApp,4.2
CMD-100837,2024-03-16,Congo,Pointe-Noire,Facebook,Particulier,Électroménager,Télévision Hisense 43,7,252476,0,1767332,1089093,678239,Espèces,Promo rentrée,4.3
CMD-100838,2026-02-24,Congo,Dolisie,Facebook,Grande entreprise,Téléphones,iPhone 13,4,528498,0,2113992,1675678,438314,Carte bancaire,Aucune campagne,3.1
CMD-100839,2025-05-13,Cameroun,Douala,Instagram,PME,Alimentation,Boisson gazeuse,12,3681,15,37547,21409,16138,Espèces,Black Friday,4.4
CMD-100840,2025-07-16,Cameroun,Douala,Facebook,Grande entreprise,Mode,Montre connectée,1,55083,5,52329,30465,21864,Virement bancaire,Black Friday,3.3
CMD-100841,2025-08-03,Tchad,N'Djamena,Instagram,Particulier,Informatique,HP EliteBook,11,416414,10,4122499,3367041,755458,Mobile Money,Fête de fin d'année,3.6
CMD-100842,2024-07-16,RCA,Bangui,Facebook,PME,Téléphones,Redmi Note 13,2,155044,5,294584,219547,75037,Mobile Money,Aucune campagne,3.6
CMD-100843,2023-09-06,Guinée équatoriale,Bata,Site web,Particulier,Mode,Chaussures Nike,7,53603,5,356460,243533,112927,Mobile Money,Black Friday,4.7
CMD-100844,2023-12-15,Congo,Pointe-Noire,Revendeur,PME,Électroménager,Réfrigérateur LG,6,468445,15,2389070,1595024,794046,Mobile Money,Soldes Ramadan,3.2
CMD-100845,2024-11-05,Guinée équatoriale,Malabo,Instagram,PME,Informatique,HP EliteBook,2,346560,0,693120,395259,297861,Carte bancaire,Black Friday,4.4
CMD-100846,2025-04-26,Tchad,Moundou,Revendeur,Particulier,Téléphones,Tecno Spark 20,6,94815,10,512001,404330,107671,Carte bancaire,Aucune campagne,4.3
CMD-100847,2024-08-29,RDC,Matadi,Facebook,Grande entreprise,Informatique,Imprimante Canon,13,129925,0,1689025,970827,718198,Carte bancaire,Soldes Ramadan,4.4
CMD-100848,2025-08-16,RCA,Bangui,WhatsApp Business,PME,Téléphones,Samsung Galaxy A15,8,86931,0,695448,508396,187052,Mobile Money,Fête de fin d'année,4.6
CMD-100849,2023-09-24,Cameroun,Garoua,Facebook,PME,Informatique,Clé USB 64GB,11,8446,10,83616,48374,35242,Virement bancaire,Campagne Facebook Ads,3.4
CMD-100850,2024-09-21,Tchad,Sarh,Site web,Grande entreprise,Électroménager,Ventilateur Binatone,4,25680,5,97584,57997,39587,Mobile Money,Black Friday,4.9
CMD-100851,2025-09-02,RDC,Kinshasa,Instagram,PME,Téléphones,Tecno Spark 20,1,95499,0,95499,59402,36097,Espèces,Promo rentrée,4.3
CMD-100852,2024-11-14,Tchad,N'Djamena,Facebook,PME,Informatique,Clé USB 64GB,4,8438,10,30377,20241,10136,Mobile Money,Promo rentrée,3.1
CMD-100853,2025-12-20,RCA,Berbérati,Site web,PME,Mode,Sac à main,5,30315,0,151575,107677,43898,Mobile Money,Soldes Ramadan,4.2
CMD-100854,2024-05-03,Congo,Brazzaville,Boutique physique,PME,Téléphones,Tecno Spark 20,2,77629,0,155258,109505,45753,Carte bancaire,Aucune campagne,3.1
CMD-100855,2024-02-26,RCA,Berbérati,WhatsApp Business,PME,Mode,Montre connectée,2,45838,15,77925,48503,29422,Espèces,Soldes Ramadan,3.3
CMD-100856,2024-09-17,Tchad,Moundou,Revendeur,Particulier,Téléphones,Samsung Galaxy A15,3,97451,15,248501,178416,70085,Carte bancaire,Fête de fin d'année,4.7
CMD-100857,2025-08-29,RCA,Bangui,Boutique physique,Particulier,Électroménager,Mixeur Moulinex,6,39373,0,236238,191306,44932,Espèces,Promo rentrée,3.9
CMD-100858,2025-08-25,Cameroun,Douala,Boutique physique,Grande entreprise,Alimentation,Boisson gazeuse,8,3660,5,27816,21856,5960,Espèces,Campagne Facebook Ads,3.2
CMD-100859,2025-10-01,Cameroun,Yaoundé,Site web,PME,Électroménager,Réfrigérateur LG,2,409983,15,696972,446503,250469,Virement bancaire,Fête de fin d'année,4.5
CMD-100860,2025-09-18,Gabon,Port-Gentil,Revendeur,Grande entreprise,Téléphones,iPhone 13,5,560320,10,2521440,1914080,607360,Mobile Money,Black Friday,3.2
CMD-100861,2025-06-01,RDC,Lubumbashi,Revendeur,Particulier,Électroménager,Télévision Hisense 43,8,208777,10,1503195,1127506,375689,Carte bancaire,Promo WhatsApp,3.7
CMD-100862,2024-12-15,RCA,Bangui,Instagram,Grande entreprise,Informatique,Clé USB 64GB,15,9285,0,139275,110833,28442,Virement bancaire,Fête de fin d'année,4.8
CMD-100863,2026-03-06,Gabon,Libreville,Facebook,PME,Téléphones,iPhone 13,14,547607,5,7283174,5569733,1713441,Mobile Money,Promo rentrée,4.9
CMD-100864,2023-11-30,RDC,Lubumbashi,Facebook,Particulier,Mode,Sac à main,9,36533,10,295918,207349,88569,Espèces,Promo rentrée,3.6
CMD-100865,2023-01-11,RDC,Kinshasa,Revendeur,Particulier,Électroménager,Télévision Hisense 43,14,241101,0,3375414,2301556,1073858,Mobile Money,Fête de fin d'année,3.9
CMD-100866,2024-02-07,Cameroun,Garoua,Boutique physique,PME,Informatique,Dell Latitude,2,452885,0,905770,741732,164038,Carte bancaire,Promo rentrée,3.9
CMD-100867,2024-09-10,RDC,Goma,WhatsApp Business,Grande entreprise,Électroménager,Ventilateur Binatone,7,27993,0,195951,155020,40931,Virement bancaire,Soldes Ramadan,4.2
CMD-100868,2024-09-16,Gabon,Franceville,Site web,Grande entreprise,Électroménager,Mixeur Moulinex,5,32687,10,147092,88824,58268,Virement bancaire,Aucune campagne,3.2
CMD-100869,2025-01-02,Cameroun,Bafoussam,Instagram,PME,Mode,Chaussures Nike,3,56740,15,144687,91815,52872,Virement bancaire,Promo WhatsApp,3.9
CMD-100870,2024-09-11,RDC,Kinshasa,Site web,Grande entreprise,Alimentation,Riz 25kg,13,24125,0,313625,224588,89037,Espèces,Black Friday,4.6
CMD-100871,2023-01-13,Tchad,Sarh,Site web,PME,Alimentation,Boisson gazeuse,1,3810,5,3620,2114,1506,Mobile Money,Promo rentrée,3.9
CMD-100872,2024-11-09,Congo,Dolisie,Boutique physique,Grande entreprise,Téléphones,iPhone 13,10,480661,0,4806610,3377459,1429151,Mobile Money,Soldes Ramadan,4.7
CMD-100873,2023-11-13,Cameroun,Yaoundé,Facebook,Grande entreprise,Alimentation,Lait en poudre,3,6213,15,15844,11450,4394,Mobile Money,Campagne Facebook Ads,3.6
CMD-100874,2024-05-21,RDC,Lubumbashi,Instagram,Particulier,Téléphones,Samsung Galaxy A15,1,89134,0,89134,61533,27601,Virement bancaire,Promo WhatsApp,3.4
CMD-100875,2026-01-24,Congo,Pointe-Noire,Site web,Grande entreprise,Informatique,Clé USB 64GB,8,10311,0,82488,64115,18373,Virement bancaire,Campagne Facebook Ads,3.5
CMD-100876,2024-05-07,RCA,Bangui,Revendeur,Grande entreprise,Mode,Sac à main,11,28973,0,318703,245722,72981,Carte bancaire,Promo WhatsApp,3.3
CMD-100877,2025-03-01,RDC,Goma,Boutique physique,PME,Informatique,HP EliteBook,10,388831,15,3305064,2063348,1241716,Virement bancaire,Campagne Facebook Ads,4.4
CMD-100878,2024-09-12,RDC,Lubumbashi,Revendeur,Grande entreprise,Téléphones,iPhone 13,8,483616,5,3675482,2032450,1643032,Virement bancaire,Promo rentrée,3.1
CMD-100879,2025-10-27,Gabon,Libreville,Revendeur,Grande entreprise,Mode,Montre connectée,5,43309,0,216545,140016,76529,Virement bancaire,Aucune campagne,3.4
CMD-100880,2023-10-14,Congo,Brazzaville,Revendeur,PME,Électroménager,Télévision Hisense 43,11,248354,0,2731894,1841460,890434,Virement bancaire,Promo rentrée,3.6
CMD-100881,2025-11-04,Guinée équatoriale,Bata,Site web,PME,Mode,Montre connectée,10,51107,10,459963,340968,118995,Carte bancaire,Soldes Ramadan,4.6
CMD-100882,2023-03-02,Gabon,Franceville,WhatsApp Business,Particulier,Alimentation,Boisson gazeuse,10,3690,5,35055,19919,15136,Mobile Money,Soldes Ramadan,4.7
CMD-100883,2023-08-04,Congo,Nkayi,WhatsApp Business,Grande entreprise,Mode,Chemise homme,13,17241,15,190514,145707,44807,Virement bancaire,Campagne Facebook Ads,4.8
CMD-100884,2025-02-05,RDC,Kinshasa,Boutique physique,Particulier,Téléphones,iPhone 13,2,472864,15,803869,457946,345923,Espèces,Promo rentrée,4.2
CMD-100885,2025-10-02,RCA,Berbérati,Facebook,Particulier,Mode,Sac à main,11,33390,0,367290,221418,145872,Carte bancaire,Soldes Ramadan,3.9
CMD-100886,2023-07-17,Cameroun,Bafoussam,WhatsApp Business,Particulier,Alimentation,Huile 5L,2,9932,15,16885,13662,3223,Espèces,Campagne Facebook Ads,3.4
CMD-100887,2025-10-13,RDC,Kinshasa,WhatsApp Business,Grande entreprise,Informatique,Dell Latitude,11,454647,15,4250950,3075148,1175802,Virement bancaire,Aucune campagne,3.4
CMD-100888,2023-05-26,Gabon,Port-Gentil,WhatsApp Business,Grande entreprise,Alimentation,Huile 5L,13,8709,5,107557,77320,30237,Espèces,Promo rentrée,4.1
CMD-100889,2024-08-16,Congo,Nkayi,Facebook,PME,Électroménager,Réfrigérateur LG,10,434756,0,4347560,2654123,1693437,Espèces,Promo rentrée,4.8
CMD-100890,2025-10-21,Guinée équatoriale,Malabo,Site web,Particulier,Informatique,HP EliteBook,9,396658,10,3212930,2575447,637483,Mobile Money,Aucune campagne,3.6
CMD-100891,2023-05-02,RDC,Goma,Site web,Grande entreprise,Téléphones,Samsung Galaxy A15,6,95508,0,573048,366937,206111,Espèces,Campagne Facebook Ads,3.3
CMD-100892,2023-03-14,RCA,Bangui,Boutique physique,PME,Électroménager,Ventilateur Binatone,2,30839,10,55511,44085,11426,Mobile Money,Aucune campagne,3.7
CMD-100893,2024-12-18,RDC,Lubumbashi,Facebook,Particulier,Informatique,HP EliteBook,2,345382,10,621688,379737,241951,Mobile Money,Promo rentrée,3.9
CMD-100894,2023-04-17,Congo,Brazzaville,Instagram,Grande entreprise,Alimentation,Lait en poudre,11,6960,0,76560,53528,23032,Carte bancaire,Promo WhatsApp,3.8
CMD-100895,2025-01-23,RCA,Berbérati,Facebook,PME,Alimentation,Huile 5L,2,9590,10,17262,14073,3189,Mobile Money,Black Friday,3.7
CMD-100896,2023-01-31,Cameroun,Douala,WhatsApp Business,Particulier,Alimentation,Riz 25kg,4,24078,10,86681,60969,25712,Mobile Money,Promo rentrée,4.7
CMD-100897,2024-05-15,Cameroun,Bafoussam,WhatsApp Business,Grande entreprise,Électroménager,Télévision Hisense 43,1,225062,10,202556,147239,55317,Virement bancaire,Promo WhatsApp,5.0
CMD-100898,2025-01-01,RCA,Bangui,WhatsApp Business,PME,Téléphones,Samsung Galaxy A15,5,107786,0,538930,368429,170501,Espèces,Fête de fin d'année,4.8
CMD-100899,2024-12-10,Guinée équatoriale,Bata,Revendeur,Grande entreprise,Électroménager,Télévision Hisense 43,6,247121,10,1334454,771557,562897,Virement bancaire,Fête de fin d'année,4.8
CMD-100900,2023-10-18,Congo,Brazzaville,WhatsApp Business,Grande entreprise,Électroménager,Mixeur Moulinex,5,37991,0,189955,110770,79185,Virement bancaire,Soldes Ramadan,3.1
CMD-100901,2025-02-25,Guinée équatoriale,Bata,Boutique physique,Particulier,Téléphones,Samsung Galaxy A15,8,105362,0,842896,526853,316043,Espèces,Campagne Facebook Ads,3.6
CMD-100902,2024-02-26,Tchad,Moundou,Revendeur,PME,Mode,Chaussures Nike,14,54760,5,728308,409303,319005,Mobile Money,Soldes Ramadan,3.8
CMD-100903,2024-11-19,Gabon,Libreville,Facebook,Grande entreprise,Alimentation,Boisson gazeuse,15,3172,10,42822,32275,10547,Carte bancaire,Campagne Facebook Ads,4.8
CMD-100904,2023-04-27,Congo,Dolisie,Site web,PME,Alimentation,Lait en poudre,14,6544,15,77874,62354,15520,Espèces,Campagne Facebook Ads,4.6
CMD-100905,2024-05-02,Tchad,Moundou,Boutique physique,PME,Mode,Chemise homme,3,20521,5,58485,43941,14544,Espèces,Promo rentrée,3.3
CMD-100906,2024-05-28,Cameroun,Garoua,Site web,Particulier,Informatique,Clé USB 64GB,1,9484,0,9484,5904,3580,Mobile Money,Fête de fin d'année,4.6
CMD-100907,2023-01-19,Tchad,Sarh,Facebook,PME,Informatique,Imprimante Canon,14,113363,5,1507728,836279,671449,Carte bancaire,Promo WhatsApp,3.9
CMD-100908,2024-07-19,Congo,Pointe-Noire,Instagram,Particulier,Informatique,Imprimante Canon,2,121213,0,242426,183471,58955,Carte bancaire,Soldes Ramadan,3.5
CMD-100909,2025-11-03,Cameroun,Yaoundé,Site web,PME,Alimentation,Riz 25kg,4,22286,0,89144,53464,35680,Mobile Money,Aucune campagne,4.7
CMD-100910,2023-04-02,RCA,Bangui,Facebook,Particulier,Téléphones,iPhone 13,5,470095,0,2350475,1635740,714735,Mobile Money,Aucune campagne,4.2
CMD-100911,2025-05-01,RDC,Kinshasa,Instagram,PME,Alimentation,Riz 25kg,4,22824,10,82167,53430,28737,Carte bancaire,Promo rentrée,3.1
CMD-100912,2024-08-25,Gabon,Franceville,WhatsApp Business,PME,Informatique,Imprimante Canon,7,134921,0,944447,639470,304977,Mobile Money,Fête de fin d'année,4.2
CMD-100913,2025-11-06,Cameroun,Douala,Revendeur,PME,Téléphones,Tecno Spark 20,13,83153,15,918841,699087,219754,Carte bancaire,Promo WhatsApp,4.6
CMD-100914,2024-04-04,Guinée équatoriale,Malabo,Site web,Grande entreprise,Électroménager,Ventilateur Binatone,13,32184,0,418392,338018,80374,Virement bancaire,Aucune campagne,4.1
CMD-100915,2024-10-11,RCA,Bangui,Site web,PME,Alimentation,Riz 25kg,10,24433,10,219897,151836,68061,Carte bancaire,Fête de fin d'année,3.5
CMD-100916,2025-06-30,Cameroun,Garoua,Instagram,PME,Électroménager,Ventilateur Binatone,6,30437,0,182622,134616,48006,Mobile Money,Fête de fin d'année,4.5
CMD-100917,2025-05-07,Tchad,Sarh,WhatsApp Business,Grande entreprise,Téléphones,iPhone 13,11,530940,0,5840340,3920160,1920180,Carte bancaire,Campagne Facebook Ads,3.5
CMD-100918,2025-04-16,RDC,Lubumbashi,WhatsApp Business,Grande entreprise,Alimentation,Boisson gazeuse,13,3401,0,44213,25725,18488,Virement bancaire,Soldes Ramadan,3.8
CMD-100919,2026-02-09,Guinée équatoriale,Malabo,Instagram,Grande entreprise,Électroménager,Ventilateur Binatone,1,26367,5,25049,15558,9491,Mobile Money,Black Friday,4.4
CMD-100920,2025-12-20,Guinée équatoriale,Malabo,Instagram,PME,Mode,Chaussures Nike,12,51795,0,621540,364062,257478,Carte bancaire,Promo WhatsApp,4.8
CMD-100921,2023-08-09,RCA,Bangui,Boutique physique,Particulier,Informatique,HP EliteBook,6,427255,0,2563530,1819334,744196,Espèces,Promo WhatsApp,5.0
CMD-100922,2026-04-22,RDC,Matadi,Site web,Particulier,Mode,Chemise homme,13,18346,0,238498,178403,60095,Carte bancaire,Promo rentrée,4.8
CMD-100923,2026-04-19,Tchad,Sarh,Boutique physique,Particulier,Informatique,Clé USB 64GB,7,8820,0,61740,42436,19304,Espèces,Promo WhatsApp,3.6
CMD-100924,2023-10-21,Gabon,Libreville,Revendeur,Grande entreprise,Alimentation,Lait en poudre,5,6374,0,31870,24044,7826,Carte bancaire,Promo WhatsApp,3.1
CMD-100925,2024-07-14,Tchad,Moundou,WhatsApp Business,Particulier,Alimentation,Boisson gazeuse,2,3453,0,6906,4019,2887,Espèces,Fête de fin d'année,4.0
CMD-100926,2023-12-12,Tchad,N'Djamena,Boutique physique,Grande entreprise,Électroménager,Télévision Hisense 43,3,212518,10,573799,445539,128260,Carte bancaire,Promo rentrée,3.1
CMD-100927,2025-06-30,RDC,Kinshasa,Instagram,PME,Informatique,Dell Latitude,5,476889,10,2146001,1427424,718577,Mobile Money,Soldes Ramadan,4.0
CMD-100928,2023-08-27,RCA,Bangui,Boutique physique,Grande entreprise,Mode,Montre connectée,8,46356,0,370848,303402,67446,Carte bancaire,Soldes Ramadan,4.9
CMD-100929,2023-06-01,Congo,Dolisie,Facebook,Particulier,Électroménager,Télévision Hisense 43,5,233074,15,990565,681972,308593,Virement bancaire,Promo rentrée,4.4
CMD-100930,2025-02-09,RCA,Berbérati,WhatsApp Business,Grande entreprise,Électroménager,Réfrigérateur LG,11,443864,0,4882504,2865815,2016689,Carte bancaire,Fête de fin d'année,4.7
CMD-100931,2023-07-01,RDC,Lubumbashi,Revendeur,Grande entreprise,Mode,Sac à main,12,32773,0,393276,237387,155889,Carte bancaire,Promo rentrée,4.9
CMD-100932,2025-02-17,RDC,Kinshasa,WhatsApp Business,Grande entreprise,Mode,Sac à main,12,30224,5,344554,253507,91047,Espèces,Promo WhatsApp,4.3
CMD-100933,2025-09-30,Tchad,Sarh,Instagram,Grande entreprise,Électroménager,Télévision Hisense 43,14,220333,0,3084662,2252893,831769,Espèces,Aucune campagne,4.6
CMD-100934,2025-07-04,RDC,Goma,Revendeur,PME,Téléphones,Tecno Spark 20,2,96962,0,193924,128627,65297,Mobile Money,Black Friday,3.7
CMD-100935,2025-09-17,RDC,Goma,Instagram,Grande entreprise,Téléphones,iPhone 13,12,519751,0,6237012,4733231,1503781,Virement bancaire,Soldes Ramadan,4.7
CMD-100936,2024-10-23,Cameroun,Douala,Facebook,PME,Informatique,Imprimante Canon,9,114453,5,978574,554280,424294,Virement bancaire,Campagne Facebook Ads,3.5
CMD-100937,2024-11-26,RDC,Matadi,Boutique physique,PME,Mode,Chemise homme,15,16445,5,234342,174962,59380,Virement bancaire,Promo WhatsApp,4.3
CMD-100938,2023-09-22,Cameroun,Yaoundé,Boutique physique,Grande entreprise,Alimentation,Huile 5L,13,10035,10,117410,83936,33474,Mobile Money,Campagne Facebook Ads,4.2
CMD-100939,2025-11-28,RDC,Kinshasa,Site web,Particulier,Informatique,Imprimante Canon,13,130980,0,1702740,1237605,465135,Carte bancaire,Campagne Facebook Ads,3.4
CMD-100940,2024-03-17,Tchad,Moundou,WhatsApp Business,Particulier,Électroménager,Télévision Hisense 43,13,216280,0,2811640,1798059,1013581,Mobile Money,Campagne Facebook Ads,4.1
CMD-100941,2023-02-19,Congo,Pointe-Noire,Revendeur,Particulier,Alimentation,Lait en poudre,13,6637,0,86281,54049,32232,Mobile Money,Fête de fin d'année,3.5
CMD-100942,2023-06-06,RCA,Bangui,Revendeur,Grande entreprise,Mode,Montre connectée,3,53019,0,159057,124499,34558,Virement bancaire,Promo rentrée,3.1
CMD-100943,2025-05-20,Congo,Brazzaville,Boutique physique,PME,Téléphones,Redmi Note 13,4,155101,0,620404,472678,147726,Espèces,Promo WhatsApp,4.0
CMD-100944,2025-04-12,Cameroun,Douala,Instagram,PME,Informatique,Clé USB 64GB,7,8755,0,61285,37384,23901,Carte bancaire,Promo WhatsApp,4.1
CMD-100945,2026-03-29,Congo,Nkayi,Instagram,Particulier,Mode,Chemise homme,13,18659,0,242567,163032,79535,Virement bancaire,Fête de fin d'année,5.0
CMD-100946,2023-12-13,RDC,Kinshasa,Instagram,Grande entreprise,Informatique,Imprimante Canon,3,132290,0,396870,228499,168371,Carte bancaire,Promo rentrée,3.4
CMD-100947,2023-05-01,Cameroun,Bafoussam,Facebook,PME,Alimentation,Lait en poudre,9,7024,10,56895,42976,13919,Espèces,Soldes Ramadan,4.5
CMD-100948,2024-07-03,Gabon,Libreville,Site web,PME,Téléphones,iPhone 13,12,541490,5,6172986,4847556,1325430,Virement bancaire,Fête de fin d'année,4.4
CMD-100949,2023-06-16,RCA,Bangui,Instagram,Grande entreprise,Informatique,Clé USB 64GB,12,9186,10,99209,77565,21644,Mobile Money,Promo WhatsApp,4.8
CMD-100950,2025-05-18,Cameroun,Douala,Revendeur,Grande entreprise,Électroménager,Réfrigérateur LG,3,398723,0,1196169,670508,525661,Virement bancaire,Black Friday,4.0
CMD-100951,2024-07-09,RCA,Berbérati,Site web,PME,Mode,Chaussures Nike,5,51116,0,255580,190249,65331,Carte bancaire,Black Friday,4.0
CMD-100952,2024-11-07,Gabon,Franceville,Revendeur,Particulier,Électroménager,Télévision Hisense 43,9,241759,5,2067040,1395205,671835,Carte bancaire,Aucune campagne,4.9
CMD-100953,2023-01-12,RCA,Berbérati,WhatsApp Business,Particulier,Téléphones,iPhone 13,7,491299,5,3267139,1856071,1411068,Mobile Money,Aucune campagne,3.6
CMD-100954,2026-02-19,RDC,Goma,Facebook,Grande entreprise,Téléphones,Samsung Galaxy A15,10,96631,0,966310,548891,417419,Mobile Money,Black Friday,4.8
CMD-100955,2026-02-23,Gabon,Port-Gentil,Revendeur,Particulier,Mode,Chemise homme,6,19010,5,108357,86930,21427,Mobile Money,Aucune campagne,4.1
CMD-100956,2025-12-05,Cameroun,Douala,Instagram,PME,Électroménager,Télévision Hisense 43,3,222118,0,666354,389290,277064,Espèces,Campagne Facebook Ads,4.2
CMD-100957,2023-10-28,RCA,Berbérati,Instagram,Particulier,Électroménager,Mixeur Moulinex,1,38354,0,38354,22040,16314,Espèces,Promo rentrée,3.3
CMD-100958,2023-08-29,Congo,Brazzaville,Instagram,PME,Alimentation,Lait en poudre,7,6930,0,48510,30643,17867,Virement bancaire,Soldes Ramadan,3.5
CMD-100959,2023-12-07,RDC,Goma,Facebook,Grande entreprise,Informatique,Imprimante Canon,9,110345,10,893795,694828,198967,Carte bancaire,Campagne Facebook Ads,4.9
CMD-100960,2023-12-31,RDC,Matadi,Facebook,PME,Mode,Chemise homme,11,16741,5,174944,127020,47924,Espèces,Soldes Ramadan,3.1
CMD-100961,2024-02-06,RDC,Lubumbashi,Site web,Particulier,Alimentation,Huile 5L,7,9438,15,56157,45979,10178,Mobile Money,Aucune campagne,3.9
CMD-100962,2023-03-10,Gabon,Port-Gentil,Revendeur,PME,Téléphones,iPhone 13,15,500988,0,7514820,5364297,2150523,Virement bancaire,Promo rentrée,4.3
CMD-100963,2025-07-19,RCA,Berbérati,Instagram,Grande entreprise,Informatique,HP EliteBook,10,420215,15,3571828,2859052,712776,Mobile Money,Promo rentrée,4.0
CMD-100964,2023-09-02,Gabon,Libreville,Revendeur,Grande entreprise,Alimentation,Huile 5L,12,10298,0,123576,70730,52846,Mobile Money,Fête de fin d'année,3.1
CMD-100965,2023-12-13,Congo,Dolisie,Site web,Grande entreprise,Électroménager,Réfrigérateur LG,6,465913,0,2795478,2215105,580373,Espèces,Aucune campagne,4.8
CMD-100966,2024-06-30,Congo,Nkayi,Instagram,Particulier,Mode,Chaussures Nike,2,52152,10,93874,55369,38505,Espèces,Aucune campagne,3.2
CMD-100967,2025-08-12,Cameroun,Bafoussam,Revendeur,Particulier,Électroménager,Réfrigérateur LG,5,406745,0,2033725,1183186,850539,Virement bancaire,Promo rentrée,4.1
CMD-100968,2023-12-13,Congo,Pointe-Noire,WhatsApp Business,Grande entreprise,Électroménager,Réfrigérateur LG,3,411337,15,1048910,850410,198500,Espèces,Promo WhatsApp,4.6
CMD-100969,2025-02-15,Congo,Brazzaville,WhatsApp Business,PME,Informatique,Dell Latitude,12,457362,0,5488344,3478685,2009659,Carte bancaire,Aucune campagne,4.4
CMD-100970,2024-06-15,Gabon,Port-Gentil,Facebook,Particulier,Électroménager,Mixeur Moulinex,5,39231,0,196155,159749,36406,Virement bancaire,Fête de fin d'année,4.4
CMD-100971,2026-04-13,Tchad,Moundou,Site web,Grande entreprise,Informatique,Clé USB 64GB,14,9519,0,133266,74617,58649,Carte bancaire,Soldes Ramadan,3.8
CMD-100972,2024-07-04,RDC,Goma,WhatsApp Business,PME,Informatique,Dell Latitude,6,451463,10,2437901,1703934,733967,Carte bancaire,Promo WhatsApp,3.2
CMD-100973,2026-02-28,Gabon,Libreville,Site web,Particulier,Téléphones,Tecno Spark 20,8,79471,10,572192,364605,207587,Espèces,Soldes Ramadan,3.8
CMD-100974,2023-07-25,Congo,Dolisie,Facebook,PME,Téléphones,Tecno Spark 20,7,86604,0,606228,439471,166757,Carte bancaire,Promo WhatsApp,3.4
CMD-100975,2025-06-09,Tchad,N'Djamena,Instagram,Particulier,Téléphones,Redmi Note 13,13,147581,10,1726698,1218203,508495,Espèces,Soldes Ramadan,4.5
CMD-100976,2024-04-24,Gabon,Franceville,Site web,Particulier,Informatique,Clé USB 64GB,11,9002,0,99022,80416,18606,Virement bancaire,Promo WhatsApp,4.5
CMD-100977,2024-09-07,Guinée équatoriale,Bata,Revendeur,Grande entreprise,Alimentation,Lait en poudre,10,5896,10,53064,31569,21495,Carte bancaire,Aucune campagne,4.8
CMD-100978,2023-10-17,Guinée équatoriale,Malabo,Instagram,PME,Électroménager,Télévision Hisense 43,13,262195,0,3408535,2159320,1249215,Carte bancaire,Promo WhatsApp,4.6
CMD-100979,2024-02-21,Congo,Brazzaville,Revendeur,Particulier,Électroménager,Mixeur Moulinex,5,34190,0,170950,104923,66027,Carte bancaire,Soldes Ramadan,3.9
CMD-100980,2025-03-18,Tchad,Moundou,Instagram,Grande entreprise,Téléphones,Redmi Note 13,3,138064,5,393483,274829,118654,Virement bancaire,Campagne Facebook Ads,4.4
CMD-100981,2024-10-31,RDC,Lubumbashi,Revendeur,Grande entreprise,Téléphones,Redmi Note 13,3,137142,0,411426,270705,140721,Virement bancaire,Aucune campagne,4.8
CMD-100982,2023-12-31,RDC,Kinshasa,Facebook,PME,Informatique,Clé USB 64GB,11,9765,10,96674,53872,42802,Espèces,Aucune campagne,4.5
CMD-100983,2024-01-20,Guinée équatoriale,Malabo,Facebook,PME,Alimentation,Lait en poudre,15,5975,0,89625,52635,36990,Mobile Money,Fête de fin d'année,3.1
CMD-100984,2023-03-13,RDC,Lubumbashi,Instagram,Particulier,Mode,Sac à main,5,31288,15,132974,102621,30353,Carte bancaire,Promo WhatsApp,3.5
CMD-100985,2025-04-08,RCA,Bangui,Boutique physique,Particulier,Mode,Chaussures Nike,6,58933,0,353598,257095,96503,Espèces,Black Friday,4.6
CMD-100986,2023-04-22,Tchad,Sarh,Facebook,Grande entreprise,Mode,Montre connectée,1,49033,15,41679,27443,14236,Mobile Money,Aucune campagne,3.6
CMD-100987,2025-01-17,Guinée équatoriale,Bata,WhatsApp Business,PME,Alimentation,Boisson gazeuse,13,3564,0,46332,36042,10290,Virement bancaire,Campagne Facebook Ads,3.2
CMD-100988,2024-02-09,RCA,Bangui,Site web,Grande entreprise,Électroménager,Réfrigérateur LG,6,477561,15,2435562,1727644,707918,Virement bancaire,Promo WhatsApp,4.0
CMD-100989,2025-01-26,Congo,Nkayi,Facebook,Grande entreprise,Informatique,HP EliteBook,2,424450,5,806455,523484,282971,Espèces,Campagne Facebook Ads,3.5
CMD-100990,2024-10-26,Guinée équatoriale,Malabo,Boutique physique,Grande entreprise,Alimentation,Boisson gazeuse,3,3406,5,9708,5385,4323,Mobile Money,Fête de fin d'année,3.6
CMD-100991,2023-10-24,RCA,Bangui,Instagram,PME,Alimentation,Lait en poudre,4,6134,10,22083,12709,9374,Espèces,Promo WhatsApp,4.3
CMD-100992,2023-07-27,RCA,Bangui,Revendeur,Particulier,Alimentation,Lait en poudre,1,5974,0,5974,3347,2627,Espèces,Soldes Ramadan,3.8
CMD-100993,2023-06-12,RCA,Berbérati,Instagram,Particulier,Mode,Montre connectée,1,45407,15,38596,23904,14692,Carte bancaire,Aucune campagne,4.7
CMD-100994,2024-03-16,Gabon,Port-Gentil,Instagram,PME,Alimentation,Huile 5L,12,10447,0,125364,88356,37008,Carte bancaire,Fête de fin d'année,4.5
CMD-100995,2025-04-13,Tchad,Sarh,Instagram,Grande entreprise,Téléphones,Redmi Note 13,15,132344,0,1985160,1237992,747168,Carte bancaire,Fête de fin d'année,3.4
CMD-100996,2024-03-28,Gabon,Port-Gentil,Facebook,Grande entreprise,Alimentation,Boisson gazeuse,2,3343,0,6686,4957,1729,Virement bancaire,Aucune campagne,3.1
CMD-100997,2024-10-16,RDC,Goma,Instagram,Particulier,Alimentation,Lait en poudre,8,7361,0,58888,37841,21047,Virement bancaire,Campagne Facebook Ads,3.7
CMD-100998,2026-03-16,RCA,Berbérati,Revendeur,PME,Électroménager,Mixeur Moulinex,11,34913,5,364841,203841,161000,Espèces,Promo rentrée,4.9
CMD-100999,2023-11-16,Cameroun,Garoua,WhatsApp Business,Grande entreprise,Informatique,Imprimante Canon,13,117460,15,1297933,877652,420281,Espèces,Aucune campagne,4.2
CMD-101000,2026-01-05,RDC,Matadi,Site web,Particulier,Téléphones,iPhone 13,9,564726,0,5082534,3310390,1772144,Mobile Money,Promo WhatsApp,3.3
CMD-101001,2026-01-31,Cameroun,Yaoundé,WhatsApp Business,PME,Téléphones,iPhone 13,3,580436,15,1480112,1205258,274854,Espèces,Fête de fin d'année,3.8
CMD-101002,2025-04-07,Guinée équatoriale,Bata,Instagram,PME,Téléphones,iPhone 13,9,537631,5,4596746,2807585,1789161,Virement bancaire,Black Friday,4.0
CMD-101003,2023-12-19,Guinée équatoriale,Malabo,Boutique physique,PME,Mode,Chemise homme,1,18596,0,18596,14058,4538,Virement bancaire,Promo WhatsApp,4.4
CMD-101004,2026-03-14,RDC,Lubumbashi,Boutique physique,PME,Téléphones,Tecno Spark 20,3,89456,10,241532,197985,43547,Carte bancaire,Black Friday,4.5
CMD-101005,2025-03-08,Tchad,Sarh,WhatsApp Business,Particulier,Mode,Chaussures Nike,6,49812,10,268985,212107,56878,Virement bancaire,Fête de fin d'année,4.1
CMD-101006,2024-08-23,RCA,Bangui,Boutique physique,Particulier,Électroménager,Ventilateur Binatone,15,30189,0,452835,288517,164318,Virement bancaire,Promo WhatsApp,3.1
CMD-101007,2024-11-09,Cameroun,Bafoussam,WhatsApp Business,Particulier,Électroménager,Mixeur Moulinex,8,35876,0,287008,220133,66875,Virement bancaire,Soldes Ramadan,4.7
CMD-101008,2023-05-25,Congo,Pointe-Noire,Facebook,Grande entreprise,Téléphones,Redmi Note 13,14,144191,5,1917741,1501180,416561,Mobile Money,Soldes Ramadan,4.6
CMD-101009,2023-03-23,Guinée équatoriale,Malabo,Revendeur,Grande entreprise,Mode,Montre connectée,14,51912,0,726768,558992,167776,Virement bancaire,Promo WhatsApp,3.7
CMD-101010,2023-08-17,Guinée équatoriale,Malabo,Facebook,PME,Téléphones,Tecno Spark 20,14,82078,10,1034183,779221,254962,Espèces,Black Friday,4.4
CMD-101011,2025-10-03,Cameroun,Bafoussam,Facebook,PME,Électroménager,Télévision Hisense 43,2,225976,15,384160,218970,165190,Espèces,Soldes Ramadan,4.5
CMD-101012,2023-10-31,RDC,Goma,Boutique physique,Particulier,Mode,Chemise homme,10,17438,0,174380,131754,42626,Espèces,Aucune campagne,4.0
CMD-101013,2025-06-19,Gabon,Franceville,WhatsApp Business,Grande entreprise,Informatique,Imprimante Canon,12,112749,15,1150040,727147,422893,Carte bancaire,Black Friday,4.3
CMD-101014,2023-10-31,Tchad,Moundou,Facebook,PME,Mode,Chemise homme,11,17225,0,189475,134048,55427,Virement bancaire,Promo WhatsApp,4.2
CMD-101015,2025-02-13,Tchad,N'Djamena,Instagram,Grande entreprise,Informatique,Dell Latitude,10,467524,0,4675240,3231998,1443242,Carte bancaire,Campagne Facebook Ads,4.7
CMD-101016,2024-12-02,Tchad,Moundou,WhatsApp Business,Particulier,Électroménager,Ventilateur Binatone,15,27859,15,355203,286178,69025,Carte bancaire,Fête de fin d'année,3.4
CMD-101017,2023-01-25,Tchad,Sarh,Site web,Particulier,Téléphones,Tecno Spark 20,6,87099,10,470335,374588,95747,Carte bancaire,Fête de fin d'année,4.7
CMD-101018,2025-12-31,RCA,Bangui,Site web,Particulier,Mode,Chaussures Nike,6,56476,0,338856,236991,101865,Mobile Money,Promo WhatsApp,4.7
CMD-101019,2024-05-16,Tchad,Sarh,Revendeur,PME,Électroménager,Mixeur Moulinex,5,38476,0,192380,141633,50747,Carte bancaire,Promo rentrée,3.5
CMD-101020,2023-05-11,Tchad,Moundou,WhatsApp Business,Grande entreprise,Alimentation,Boisson gazeuse,2,3800,15,6460,5001,1459,Espèces,Promo rentrée,4.8
CMD-101021,2023-05-30,Cameroun,Yaoundé,Boutique physique,PME,Électroménager,Ventilateur Binatone,8,25887,0,207096,131732,75364,Mobile Money,Promo WhatsApp,3.4
CMD-101022,2025-05-30,Cameroun,Douala,Boutique physique,Grande entreprise,Alimentation,Huile 5L,10,9707,10,87363,48276,39087,Virement bancaire,Campagne Facebook Ads,4.7
CMD-101023,2025-10-05,RCA,Bangui,Facebook,Grande entreprise,Alimentation,Lait en poudre,1,6259,5,5947,4236,1711,Virement bancaire,Aucune campagne,4.3
CMD-101024,2026-02-23,Gabon,Franceville,Revendeur,PME,Informatique,Imprimante Canon,14,123965,0,1735510,1083527,651983,Mobile Money,Campagne Facebook Ads,4.0
CMD-101025,2024-01-02,Cameroun,Bafoussam,Instagram,Grande entreprise,Téléphones,iPhone 13,15,594666,5,8473991,5795046,2678945,Espèces,Promo rentrée,3.1
CMD-101026,2025-10-24,Guinée équatoriale,Bata,Site web,PME,Informatique,Dell Latitude,4,459773,0,1839092,1117374,721718,Mobile Money,Soldes Ramadan,3.6
CMD-101027,2023-11-20,Gabon,Franceville,WhatsApp Business,PME,Électroménager,Mixeur Moulinex,6,32868,5,187348,142790,44558,Virement bancaire,Soldes Ramadan,4.2
CMD-101028,2024-09-19,Tchad,Moundou,Facebook,Grande entreprise,Informatique,Dell Latitude,15,405599,0,6083985,3955281,2128704,Espèces,Promo WhatsApp,3.7
CMD-101029,2025-04-17,Gabon,Port-Gentil,WhatsApp Business,PME,Alimentation,Lait en poudre,13,6527,5,80609,45538,35071,Espèces,Promo rentrée,3.7
CMD-101030,2025-02-22,Guinée équatoriale,Malabo,Site web,Grande entreprise,Électroménager,Télévision Hisense 43,5,254871,0,1274355,811634,462721,Carte bancaire,Campagne Facebook Ads,3.7
CMD-101031,2026-04-29,Cameroun,Bafoussam,Boutique physique,Grande entreprise,Informatique,HP EliteBook,2,365098,0,730196,544119,186077,Virement bancaire,Soldes Ramadan,3.9
CMD-101032,2024-12-02,RCA,Berbérati,Facebook,PME,Électroménager,Télévision Hisense 43,10,240701,0,2407010,1389780,1017230,Espèces,Promo rentrée,3.6
CMD-101033,2026-04-22,RDC,Lubumbashi,WhatsApp Business,Grande entreprise,Téléphones,iPhone 13,13,563218,0,7321834,5754717,1567117,Mobile Money,Promo WhatsApp,3.6
CMD-101034,2023-10-15,Cameroun,Garoua,Boutique physique,Grande entreprise,Alimentation,Boisson gazeuse,9,3614,0,32526,23945,8581,Espèces,Campagne Facebook Ads,4.5
CMD-101035,2024-02-12,Gabon,Port-Gentil,Revendeur,PME,Électroménager,Mixeur Moulinex,6,35597,5,202903,131439,71464,Espèces,Aucune campagne,4.4
CMD-101036,2023-04-09,RCA,Bangui,Boutique physique,Grande entreprise,Électroménager,Réfrigérateur LG,11,421131,5,4400819,3378233,1022586,Espèces,Promo rentrée,4.7
CMD-101037,2023-05-18,Tchad,Moundou,Site web,Particulier,Téléphones,iPhone 13,13,538045,0,6994585,4932582,2062003,Mobile Money,Aucune campagne,4.5
CMD-101038,2025-06-01,Cameroun,Douala,Instagram,PME,Alimentation,Lait en poudre,10,6906,0,69060,52003,17057,Carte bancaire,Soldes Ramadan,4.6
CMD-101039,2025-06-04,Gabon,Libreville,Instagram,Grande entreprise,Électroménager,Télévision Hisense 43,8,237343,15,1613933,1209891,404042,Espèces,Promo rentrée,4.8
CMD-101040,2024-04-01,Tchad,Moundou,Facebook,Grande entreprise,Téléphones,Samsung Galaxy A15,4,93156,0,372624,230986,141638,Virement bancaire,Soldes Ramadan,4.2
CMD-101041,2023-10-31,RCA,Bangui,WhatsApp Business,Particulier,Alimentation,Boisson gazeuse,15,3920,10,52920,31286,21634,Mobile Money,Aucune campagne,3.4
CMD-101042,2024-03-03,Tchad,N'Djamena,WhatsApp Business,PME,Électroménager,Télévision Hisense 43,2,225829,0,451658,361636,90022,Espèces,Black Friday,3.4
CMD-101043,2025-02-07,Cameroun,Garoua,Revendeur,Grande entreprise,Téléphones,Tecno Spark 20,15,95601,5,1362315,794556,567759,Carte bancaire,Promo WhatsApp,3.1
CMD-101044,2023-09-13,Congo,Nkayi,WhatsApp Business,Grande entreprise,Mode,Montre connectée,4,45667,5,173535,123098,50437,Mobile Money,Black Friday,3.2
CMD-101045,2025-04-30,Guinée équatoriale,Malabo,Boutique physique,Grande entreprise,Téléphones,Redmi Note 13,12,147169,15,1501124,1229040,272084,Espèces,Promo WhatsApp,3.4
CMD-101046,2023-07-24,Gabon,Franceville,Facebook,Particulier,Téléphones,Redmi Note 13,1,126253,5,119941,78931,41010,Virement bancaire,Campagne Facebook Ads,3.7
CMD-101047,2023-02-02,RCA,Berbérati,Facebook,Grande entreprise,Électroménager,Réfrigérateur LG,11,445576,5,4656270,3662176,994094,Espèces,Promo rentrée,4.9
CMD-101048,2023-03-21,Cameroun,Yaoundé,WhatsApp Business,Grande entreprise,Électroménager,Réfrigérateur LG,3,432455,0,1297365,957025,340340,Espèces,Fête de fin d'année,3.1
CMD-101049,2024-01-07,Tchad,Moundou,Boutique physique,Particulier,Électroménager,Ventilateur Binatone,3,26422,10,71340,57830,13510,Mobile Money,Promo WhatsApp,3.7
CMD-101050,2023-02-22,Cameroun,Garoua,Instagram,Particulier,Mode,Chemise homme,15,19986,10,269811,171785,98026,Carte bancaire,Promo WhatsApp,3.7
CMD-101051,2023-07-08,Congo,Nkayi,Boutique physique,Particulier,Alimentation,Huile 5L,3,8787,0,26361,20884,5477,Virement bancaire,Promo WhatsApp,3.8
CMD-101052,2026-01-10,RDC,Matadi,Site web,Grande entreprise,Électroménager,Réfrigérateur LG,5,428005,0,2140025,1251087,888938,Mobile Money,Promo WhatsApp,3.7
CMD-101053,2023-06-18,RDC,Lubumbashi,Revendeur,PME,Électroménager,Mixeur Moulinex,9,32635,0,293715,179430,114285,Espèces,Aucune campagne,4.5
CMD-101054,2025-08-04,Congo,Brazzaville,Site web,Grande entreprise,Électroménager,Télévision Hisense 43,3,248976,0,746928,477084,269844,Espèces,Campagne Facebook Ads,4.3
CMD-101055,2023-03-12,Cameroun,Garoua,Instagram,Grande entreprise,Mode,Chemise homme,11,16853,15,157576,126430,31146,Mobile Money,Campagne Facebook Ads,4.5
CMD-101056,2024-10-22,Cameroun,Yaoundé,Instagram,PME,Téléphones,Tecno Spark 20,11,77224,0,849464,504334,345130,Espèces,Black Friday,3.0
CMD-101057,2024-07-26,RCA,Berbérati,Site web,PME,Mode,Sac à main,8,33770,10,243144,162605,80539,Espèces,Black Friday,4.3
CMD-101058,2024-06-22,Gabon,Port-Gentil,Facebook,PME,Mode,Montre connectée,11,44358,0,487938,368921,119017,Mobile Money,Aucune campagne,3.1
CMD-101059,2023-09-16,Cameroun,Douala,Facebook,PME,Électroménager,Ventilateur Binatone,14,25977,10,327311,243004,84307,Virement bancaire,Aucune campagne,4.7
CMD-101060,2024-02-11,Congo,Brazzaville,Facebook,Grande entreprise,Mode,Sac à main,3,35520,0,106560,80931,25629,Carte bancaire,Aucune campagne,4.5
CMD-101061,2023-11-22,Guinée équatoriale,Malabo,WhatsApp Business,Grande entreprise,Alimentation,Boisson gazeuse,9,3351,10,27144,16151,10993,Carte bancaire,Campagne Facebook Ads,3.2
CMD-101062,2025-03-31,Guinée équatoriale,Malabo,Site web,PME,Alimentation,Lait en poudre,14,6178,0,86492,69967,16525,Virement bancaire,Promo WhatsApp,3.6
CMD-101063,2024-03-03,Gabon,Libreville,Site web,Grande entreprise,Informatique,HP EliteBook,2,365876,10,658577,481019,177558,Mobile Money,Promo rentrée,4.8
CMD-101064,2023-11-23,Guinée équatoriale,Bata,Instagram,Grande entreprise,Électroménager,Mixeur Moulinex,8,38696,0,309568,202963,106605,Carte bancaire,Black Friday,4.3
CMD-101065,2026-04-14,Guinée équatoriale,Bata,WhatsApp Business,Particulier,Téléphones,Tecno Spark 20,5,79484,5,377549,220238,157311,Virement bancaire,Black Friday,4.9
CMD-101066,2025-08-22,RCA,Berbérati,Instagram,PME,Informatique,HP EliteBook,11,353142,0,3884562,2686349,1198213,Mobile Money,Aucune campagne,3.5
CMD-101067,2024-07-11,RCA,Berbérati,Boutique physique,PME,Électroménager,Réfrigérateur LG,15,480794,15,6130124,3936593,2193531,Espèces,Promo rentrée,4.9
CMD-101068,2024-04-05,RCA,Berbérati,Boutique physique,Grande entreprise,Mode,Sac à main,15,34478,5,491312,370834,120478,Espèces,Black Friday,4.0
CMD-101069,2024-07-18,Guinée équatoriale,Bata,Revendeur,Grande entreprise,Mode,Montre connectée,1,50856,0,50856,39536,11320,Espèces,Promo WhatsApp,4.8
CMD-101070,2025-10-10,RCA,Berbérati,Instagram,Grande entreprise,Informatique,HP EliteBook,1,351607,5,334027,205607,128420,Espèces,Promo rentrée,3.4
CMD-101071,2023-08-09,Guinée équatoriale,Bata,Revendeur,Particulier,Alimentation,Lait en poudre,10,6693,15,56891,37166,19725,Mobile Money,Promo rentrée,4.2
CMD-101072,2025-06-20,Guinée équatoriale,Malabo,Site web,Grande entreprise,Informatique,Clé USB 64GB,14,8985,15,106922,59957,46965,Mobile Money,Promo WhatsApp,4.7
CMD-101073,2023-07-22,Guinée équatoriale,Bata,Instagram,Particulier,Téléphones,Tecno Spark 20,10,80340,15,682890,550004,132886,Virement bancaire,Campagne Facebook Ads,3.6
CMD-101074,2024-06-22,Gabon,Port-Gentil,WhatsApp Business,Particulier,Informatique,Imprimante Canon,4,116298,0,465192,296614,168578,Espèces,Soldes Ramadan,4.5
CMD-101075,2024-04-11,RDC,Goma,Facebook,Particulier,Électroménager,Ventilateur Binatone,14,25822,0,361508,258994,102514,Mobile Money,Soldes Ramadan,3.6
CMD-101076,2025-09-21,RDC,Goma,Instagram,PME,Alimentation,Lait en poudre,11,6152,5,64289,38867,25422,Carte bancaire,Black Friday,3.7
CMD-101077,2026-02-21,Gabon,Libreville,Site web,Grande entreprise,Téléphones,Tecno Spark 20,10,83098,10,747882,552730,195152,Carte bancaire,Promo WhatsApp,3.6
CMD-101078,2025-04-08,Tchad,Sarh,WhatsApp Business,Grande entreprise,Téléphones,Tecno Spark 20,2,78424,10,141164,112503,28661,Espèces,Aucune campagne,4.7
CMD-101079,2024-08-24,Gabon,Port-Gentil,Boutique physique,PME,Électroménager,Ventilateur Binatone,2,31115,15,52896,40726,12170,Carte bancaire,Promo WhatsApp,4.2
CMD-101080,2024-03-24,Guinée équatoriale,Malabo,WhatsApp Business,PME,Électroménager,Mixeur Moulinex,11,40185,0,442035,302136,139899,Carte bancaire,Black Friday,3.5
CMD-101081,2026-02-02,Congo,Dolisie,WhatsApp Business,PME,Électroménager,Réfrigérateur LG,14,442283,5,5882364,3893666,1988698,Carte bancaire,Campagne Facebook Ads,5.0
CMD-101082,2024-06-23,Tchad,Sarh,Facebook,Particulier,Mode,Montre connectée,12,46337,0,556044,426444,129600,Espèces,Aucune campagne,3.9
CMD-101083,2026-01-07,Gabon,Libreville,Boutique physique,Grande entreprise,Électroménager,Télévision Hisense 43,14,254578,15,3029479,1868163,1161316,Virement bancaire,Aucune campagne,4.2
CMD-101084,2026-02-08,Gabon,Libreville,WhatsApp Business,PME,Alimentation,Huile 5L,12,9377,15,95646,69261,26385,Espèces,Aucune campagne,4.6
CMD-101085,2023-12-17,Guinée équatoriale,Malabo,Instagram,Grande entreprise,Mode,Montre connectée,8,50292,0,402336,324827,77509,Mobile Money,Fête de fin d'année,3.0
CMD-101086,2023-02-26,RDC,Lubumbashi,Instagram,PME,Téléphones,iPhone 13,2,592115,0,1184230,833500,350730,Carte bancaire,Promo WhatsApp,4.4
CMD-101087,2023-10-23,Cameroun,Bafoussam,Revendeur,Grande entreprise,Informatique,Imprimante Canon,6,114976,10,620871,500106,120765,Espèces,Campagne Facebook Ads,4.5
CMD-101088,2025-04-27,Congo,Pointe-Noire,Revendeur,Particulier,Informatique,HP EliteBook,13,434848,10,5087722,2885652,2202070,Carte bancaire,Aucune campagne,4.5
CMD-101089,2023-07-02,Guinée équatoriale,Malabo,Instagram,Grande entreprise,Électroménager,Réfrigérateur LG,11,475526,15,4446169,2588848,1857321,Virement bancaire,Campagne Facebook Ads,3.2
CMD-101090,2023-12-30,RDC,Matadi,Facebook,PME,Mode,Sac à main,14,31546,0,441644,280012,161632,Mobile Money,Black Friday,4.4
CMD-101091,2025-07-14,Gabon,Port-Gentil,Site web,PME,Électroménager,Mixeur Moulinex,6,40124,15,204633,117054,87579,Mobile Money,Aucune campagne,4.5
CMD-101092,2024-10-31,Congo,Pointe-Noire,Boutique physique,Grande entreprise,Informatique,HP EliteBook,3,342164,10,923843,511251,412592,Espèces,Campagne Facebook Ads,3.8
CMD-101093,2023-11-13,Congo,Brazzaville,Site web,Particulier,Électroménager,Ventilateur Binatone,3,28946,0,86838,50034,36804,Virement bancaire,Soldes Ramadan,4.2
CMD-101094,2026-01-05,Guinée équatoriale,Malabo,Boutique physique,PME,Alimentation,Huile 5L,14,10495,0,146930,105490,41440,Espèces,Promo rentrée,4.8
CMD-101095,2024-11-21,Gabon,Franceville,Revendeur,Grande entreprise,Électroménager,Mixeur Moulinex,15,32372,0,485580,346192,139388,Virement bancaire,Campagne Facebook Ads,4.9
CMD-101096,2025-10-02,RDC,Kinshasa,Instagram,Particulier,Alimentation,Riz 25kg,6,23077,0,138462,85105,53357,Espèces,Promo rentrée,3.4
CMD-101097,2025-12-25,RDC,Kinshasa,Site web,Grande entreprise,Alimentation,Riz 25kg,11,25528,10,252728,177417,75311,Carte bancaire,Fête de fin d'année,4.0
CMD-101098,2025-02-11,Gabon,Libreville,Boutique physique,PME,Mode,Sac à main,5,36353,5,172677,113819,58858,Mobile Money,Fête de fin d'année,3.2
CMD-101099,2023-04-23,Tchad,Moundou,Boutique physique,Particulier,Alimentation,Lait en poudre,5,6658,0,33290,25238,8052,Mobile Money,Fête de fin d'année,4.1
CMD-101100,2023-04-07,Tchad,Sarh,Instagram,Particulier,Alimentation,Huile 5L,11,9294,0,102234,70976,31258,Espèces,Aucune campagne,4.9
CMD-101101,2024-03-15,Congo,Nkayi,WhatsApp Business,Particulier,Alimentation,Huile 5L,9,9430,15,72140,40548,31592,Espèces,Promo rentrée,3.2
CMD-101102,2025-02-20,RCA,Bangui,Revendeur,Particulier,Mode,Sac à main,10,33923,0,339230,190719,148511,Espèces,Promo rentrée,3.4
CMD-101103,2023-10-18,Cameroun,Garoua,Site web,Grande entreprise,Électroménager,Ventilateur Binatone,14,26798,5,356414,200334,156080,Espèces,Promo WhatsApp,4.2
CMD-101104,2025-02-11,RCA,Berbérati,WhatsApp Business,PME,Électroménager,Télévision Hisense 43,7,246691,5,1640496,1267053,373443,Espèces,Aucune campagne,3.6
CMD-101105,2023-08-23,Congo,Nkayi,Instagram,Particulier,Téléphones,Redmi Note 13,3,149203,0,447609,254708,192901,Carte bancaire,Aucune campagne,3.2
CMD-101106,2024-06-19,Gabon,Libreville,Boutique physique,PME,Informatique,Clé USB 64GB,5,9306,0,46530,36339,10191,Carte bancaire,Promo rentrée,3.2
CMD-101107,2023-08-17,Tchad,Moundou,Instagram,Particulier,Électroménager,Mixeur Moulinex,9,40211,5,343805,233540,110265,Mobile Money,Campagne Facebook Ads,3.5
CMD-101108,2023-03-26,RCA,Bangui,Site web,Particulier,Électroménager,Ventilateur Binatone,10,27796,15,236266,139053,97213,Carte bancaire,Soldes Ramadan,4.3
CMD-101109,2024-12-18,Gabon,Libreville,Revendeur,Particulier,Alimentation,Riz 25kg,3,23648,0,70944,56676,14268,Virement bancaire,Promo WhatsApp,3.9
CMD-101110,2025-06-17,Cameroun,Garoua,Instagram,Particulier,Alimentation,Riz 25kg,4,22703,0,90812,58182,32630,Carte bancaire,Aucune campagne,3.1
CMD-101111,2023-05-14,Tchad,Moundou,Site web,Particulier,Alimentation,Huile 5L,3,9849,0,29547,16703,12844,Carte bancaire,Soldes Ramadan,3.8
CMD-101112,2023-01-08,Gabon,Port-Gentil,Instagram,Grande entreprise,Téléphones,Tecno Spark 20,15,78705,0,1180575,651197,529378,Mobile Money,Campagne Facebook Ads,4.1
CMD-101113,2025-03-01,Cameroun,Douala,Site web,PME,Alimentation,Riz 25kg,1,25493,5,24219,19448,4771,Virement bancaire,Soldes Ramadan,3.6
CMD-101114,2023-11-10,Cameroun,Bafoussam,Facebook,Particulier,Alimentation,Boisson gazeuse,6,4007,15,20436,13750,6686,Carte bancaire,Fête de fin d'année,3.9
CMD-101115,2024-09-06,RCA,Bangui,Instagram,PME,Mode,Chemise homme,15,16921,15,215743,119878,95865,Carte bancaire,Promo WhatsApp,3.3
CMD-101116,2025-06-28,Cameroun,Garoua,Instagram,PME,Électroménager,Ventilateur Binatone,7,31385,5,208711,156122,52589,Espèces,Fête de fin d'année,4.9
CMD-101117,2025-01-14,RCA,Berbérati,Site web,PME,Électroménager,Mixeur Moulinex,4,33398,0,133592,93977,39615,Espèces,Soldes Ramadan,4.8
CMD-101118,2025-04-24,Gabon,Libreville,WhatsApp Business,PME,Mode,Sac à main,8,29669,15,201750,135601,66149,Carte bancaire,Soldes Ramadan,3.1
CMD-101119,2023-12-19,RDC,Matadi,Revendeur,Grande entreprise,Électroménager,Ventilateur Binatone,1,30057,5,28555,20079,8476,Carte bancaire,Soldes Ramadan,3.5
CMD-101120,2025-09-23,RDC,Lubumbashi,Site web,Grande entreprise,Électroménager,Ventilateur Binatone,6,28480,15,145248,85006,60242,Mobile Money,Soldes Ramadan,3.6
CMD-101121,2023-07-04,Congo,Pointe-Noire,Facebook,Particulier,Téléphones,Samsung Galaxy A15,1,107354,0,107354,68653,38701,Carte bancaire,Black Friday,3.6
CMD-101122,2023-12-25,Gabon,Libreville,Boutique physique,Grande entreprise,Informatique,Imprimante Canon,10,135135,5,1283783,870756,413027,Carte bancaire,Black Friday,3.6
CMD-101123,2024-07-29,Cameroun,Bafoussam,WhatsApp Business,Particulier,Téléphones,Redmi Note 13,3,145658,15,371428,251376,120052,Carte bancaire,Promo WhatsApp,4.4
CMD-101124,2026-04-15,Congo,Pointe-Noire,Facebook,PME,Électroménager,Ventilateur Binatone,8,27855,0,222840,168718,54122,Carte bancaire,Promo WhatsApp,4.4
CMD-101125,2023-05-22,Congo,Nkayi,Site web,PME,Alimentation,Boisson gazeuse,15,3447,0,51705,40813,10892,Virement bancaire,Black Friday,3.4
CMD-101126,2025-10-10,Congo,Brazzaville,Site web,PME,Informatique,Imprimante Canon,12,131783,0,1581396,1021221,560175,Carte bancaire,Fête de fin d'année,3.0
CMD-101127,2023-12-08,Guinée équatoriale,Bata,WhatsApp Business,Grande entreprise,Électroménager,Télévision Hisense 43,9,258996,0,2330964,1590170,740794,Espèces,Fête de fin d'année,3.1
CMD-101128,2023-06-14,RDC,Matadi,Boutique physique,Particulier,Informatique,HP EliteBook,5,413249,15,1756309,1183196,573113,Mobile Money,Soldes Ramadan,3.7
CMD-101129,2024-07-07,Tchad,N'Djamena,Facebook,PME,Informatique,Clé USB 64GB,4,10135,5,38513,25220,13293,Virement bancaire,Promo WhatsApp,4.4
CMD-101130,2024-06-30,RCA,Berbérati,Instagram,Grande entreprise,Électroménager,Télévision Hisense 43,12,222041,0,2664492,1817141,847351,Mobile Money,Campagne Facebook Ads,3.2
CMD-101131,2023-12-29,RCA,Berbérati,WhatsApp Business,Grande entreprise,Alimentation,Riz 25kg,1,26464,0,26464,16291,10173,Carte bancaire,Campagne Facebook Ads,3.7
CMD-101132,2026-04-08,Congo,Pointe-Noire,Instagram,Grande entreprise,Téléphones,Samsung Galaxy A15,12,104665,10,1130382,643191,487191,Espèces,Campagne Facebook Ads,4.3
CMD-101133,2023-06-16,RCA,Bangui,Revendeur,Particulier,Alimentation,Riz 25kg,1,25824,0,25824,20603,5221,Mobile Money,Promo WhatsApp,3.4
CMD-101134,2024-01-30,Guinée équatoriale,Malabo,WhatsApp Business,Grande entreprise,Électroménager,Réfrigérateur LG,12,386338,0,4636056,3332730,1303326,Virement bancaire,Aucune campagne,4.0
CMD-101135,2025-11-05,RCA,Bangui,WhatsApp Business,Particulier,Mode,Chemise homme,12,19242,0,230904,154585,76319,Espèces,Black Friday,3.0
CMD-101136,2024-10-20,Tchad,Sarh,WhatsApp Business,Particulier,Électroménager,Réfrigérateur LG,12,457974,0,5495688,3300176,2195512,Virement bancaire,Soldes Ramadan,4.5
CMD-101137,2024-12-07,Guinée équatoriale,Bata,Site web,Particulier,Alimentation,Lait en poudre,9,6890,0,62010,41246,20764,Espèces,Fête de fin d'année,4.5
CMD-101138,2025-05-30,Guinée équatoriale,Malabo,Revendeur,PME,Téléphones,Samsung Galaxy A15,2,97230,15,165291,93605,71686,Mobile Money,Soldes Ramadan,3.2
CMD-101139,2026-03-11,RCA,Bangui,Facebook,PME,Informatique,Imprimante Canon,12,128432,15,1310007,1059808,250199,Espèces,Soldes Ramadan,3.5
CMD-101140,2024-01-25,Guinée équatoriale,Bata,WhatsApp Business,Particulier,Informatique,Clé USB 64GB,5,9817,0,49085,34231,14854,Espèces,Promo WhatsApp,3.5
CMD-101141,2023-10-18,RDC,Matadi,Instagram,PME,Informatique,Clé USB 64GB,8,10054,5,76411,51354,25057,Mobile Money,Campagne Facebook Ads,4.5
CMD-101142,2023-12-20,Cameroun,Garoua,WhatsApp Business,Particulier,Mode,Sac à main,7,31725,5,210972,161113,49859,Mobile Money,Promo rentrée,3.3
CMD-101143,2024-09-13,RDC,Matadi,Site web,PME,Électroménager,Télévision Hisense 43,6,218370,5,1244709,816407,428302,Carte bancaire,Black Friday,4.7
CMD-101144,2023-08-06,RDC,Matadi,Facebook,Grande entreprise,Mode,Montre connectée,14,45117,15,536893,303954,232939,Virement bancaire,Aucune campagne,3.1
CMD-101145,2024-09-22,Gabon,Libreville,Facebook,Grande entreprise,Électroménager,Ventilateur Binatone,13,26714,5,329918,182610,147308,Espèces,Soldes Ramadan,4.3
CMD-101146,2025-02-03,Tchad,Moundou,WhatsApp Business,PME,Alimentation,Riz 25kg,10,22376,0,223760,143675,80085,Virement bancaire,Promo rentrée,4.6
CMD-101147,2024-10-02,Congo,Nkayi,Instagram,PME,Informatique,Clé USB 64GB,4,8571,0,34284,25227,9057,Espèces,Aucune campagne,4.3
CMD-101148,2024-04-13,Guinée équatoriale,Bata,Site web,Particulier,Électroménager,Mixeur Moulinex,6,38338,10,207026,168147,38879,Carte bancaire,Promo WhatsApp,4.4
CMD-101149,2024-10-20,Tchad,Moundou,Instagram,PME,Téléphones,iPhone 13,9,582494,5,4980324,3747952,1232372,Espèces,Promo rentrée,3.2
CMD-101150,2024-04-02,RDC,Matadi,Facebook,PME,Électroménager,Télévision Hisense 43,12,215227,0,2582724,1750858,831866,Virement bancaire,Aucune campagne,4.3
CMD-101151,2024-01-21,Cameroun,Garoua,Site web,Grande entreprise,Informatique,Clé USB 64GB,6,9460,10,51084,30855,20229,Mobile Money,Fête de fin d'année,4.9
CMD-101152,2023-01-23,RCA,Bangui,WhatsApp Business,Particulier,Électroménager,Télévision Hisense 43,4,252465,5,959367,709139,250228,Espèces,Promo rentrée,3.6
CMD-101153,2025-02-21,Congo,Nkayi,Site web,PME,Téléphones,iPhone 13,8,568853,0,4550824,3051805,1499019,Espèces,Promo rentrée,4.1
CMD-101154,2023-09-21,Gabon,Port-Gentil,Boutique physique,Particulier,Informatique,Dell Latitude,12,441686,0,5300232,3148249,2151983,Mobile Money,Campagne Facebook Ads,3.6
CMD-101155,2023-02-22,Gabon,Franceville,Revendeur,PME,Mode,Chemise homme,3,17618,15,44926,29258,15668,Virement bancaire,Black Friday,4.3
CMD-101156,2025-11-13,Gabon,Franceville,Revendeur,Grande entreprise,Téléphones,iPhone 13,6,541530,10,2924262,1639437,1284825,Carte bancaire,Promo WhatsApp,3.1
CMD-101157,2025-01-07,Congo,Pointe-Noire,Facebook,Particulier,Électroménager,Mixeur Moulinex,2,36074,15,61326,37620,23706,Virement bancaire,Fête de fin d'année,4.9
CMD-101158,2025-03-21,Guinée équatoriale,Malabo,Site web,Particulier,Mode,Montre connectée,9,43945,5,375730,271762,103968,Carte bancaire,Promo WhatsApp,4.4
CMD-101159,2023-04-18,Cameroun,Douala,Revendeur,Particulier,Informatique,Dell Latitude,4,383933,15,1305373,914511,390862,Virement bancaire,Promo rentrée,4.3
CMD-101160,2025-03-21,Congo,Brazzaville,Facebook,PME,Électroménager,Mixeur Moulinex,14,32704,0,457856,291744,166112,Mobile Money,Soldes Ramadan,3.0
CMD-101161,2026-04-08,RCA,Berbérati,Facebook,Grande entreprise,Alimentation,Riz 25kg,1,22800,0,22800,13825,8975,Mobile Money,Aucune campagne,4.0
CMD-101162,2024-07-30,Gabon,Franceville,Facebook,Grande entreprise,Électroménager,Ventilateur Binatone,4,26265,0,105060,83743,21317,Virement bancaire,Black Friday,3.5
CMD-101163,2024-08-07,Guinée équatoriale,Malabo,Instagram,Grande entreprise,Alimentation,Boisson gazeuse,6,3321,0,19926,13071,6855,Virement bancaire,Black Friday,3.9
CMD-101164,2026-03-13,Cameroun,Douala,Facebook,Grande entreprise,Téléphones,Redmi Note 13,13,129735,0,1686555,1018744,667811,Carte bancaire,Aucune campagne,4.5
CMD-101165,2024-05-31,Guinée équatoriale,Bata,Boutique physique,PME,Informatique,Clé USB 64GB,1,9557,0,9557,6719,2838,Mobile Money,Black Friday,3.4
CMD-101166,2025-07-26,Guinée équatoriale,Malabo,Site web,Particulier,Informatique,Dell Latitude,8,477413,5,3628339,2700905,927434,Virement bancaire,Promo WhatsApp,5.0
CMD-101167,2023-04-13,Tchad,Sarh,Facebook,Particulier,Informatique,Dell Latitude,2,442718,0,885436,690838,194598,Espèces,Promo WhatsApp,4.7
CMD-101168,2025-02-02,RDC,Lubumbashi,Instagram,Grande entreprise,Téléphones,Samsung Galaxy A15,6,90613,0,543678,441550,102128,Mobile Money,Fête de fin d'année,3.2
CMD-101169,2023-03-04,Guinée équatoriale,Malabo,Instagram,Particulier,Téléphones,iPhone 13,3,502154,0,1506462,877495,628967,Mobile Money,Promo rentrée,4.8
CMD-101170,2023-11-10,Congo,Brazzaville,Instagram,Grande entreprise,Mode,Chemise homme,5,16301,10,73355,49846,23509,Virement bancaire,Promo rentrée,3.4
CMD-101171,2023-04-01,Congo,Nkayi,Facebook,Grande entreprise,Mode,Montre connectée,7,45300,0,317100,223785,93315,Espèces,Soldes Ramadan,4.3
CMD-101172,2025-07-06,RDC,Lubumbashi,Revendeur,Particulier,Informatique,HP EliteBook,11,367836,0,4046196,2481940,1564256,Virement bancaire,Aucune campagne,4.6
CMD-101173,2025-08-25,RCA,Berbérati,Facebook,Grande entreprise,Électroménager,Réfrigérateur LG,5,416223,10,1873004,1215898,657106,Espèces,Soldes Ramadan,4.1
CMD-101174,2025-04-02,Tchad,Sarh,Facebook,PME,Électroménager,Télévision Hisense 43,12,243760,5,2778864,1658898,1119966,Carte bancaire,Campagne Facebook Ads,3.7
CMD-101175,2023-10-09,RCA,Berbérati,Facebook,Grande entreprise,Alimentation,Lait en poudre,6,7412,0,44472,31689,12783,Virement bancaire,Promo WhatsApp,3.7
CMD-101176,2024-11-30,Guinée équatoriale,Malabo,Revendeur,Particulier,Téléphones,iPhone 13,9,587378,15,4493442,2647372,1846070,Carte bancaire,Campagne Facebook Ads,4.1
CMD-101177,2026-01-19,Guinée équatoriale,Malabo,Boutique physique,Grande entreprise,Mode,Chaussures Nike,14,55260,0,773640,632401,141239,Mobile Money,Fête de fin d'année,3.1
CMD-101178,2024-10-28,Tchad,Sarh,Facebook,Grande entreprise,Électroménager,Mixeur Moulinex,11,37710,0,414810,282933,131877,Virement bancaire,Aucune campagne,4.5
CMD-101179,2025-07-18,RCA,Berbérati,Revendeur,Particulier,Électroménager,Télévision Hisense 43,12,230459,0,2765508,1689642,1075866,Mobile Money,Campagne Facebook Ads,3.3
CMD-101180,2025-04-11,Tchad,N'Djamena,WhatsApp Business,Grande entreprise,Mode,Sac à main,15,29377,0,440655,271132,169523,Mobile Money,Campagne Facebook Ads,3.6
CMD-101181,2023-05-27,Cameroun,Douala,Instagram,Particulier,Téléphones,Samsung Galaxy A15,5,88375,0,441875,341775,100100,Virement bancaire,Fête de fin d'année,3.1
CMD-101182,2026-04-22,RCA,Berbérati,Revendeur,Grande entreprise,Téléphones,iPhone 13,6,518407,0,3110442,1965868,1144574,Mobile Money,Soldes Ramadan,4.8
CMD-101183,2025-02-24,RDC,Kinshasa,Boutique physique,PME,Mode,Chemise homme,6,16339,15,83329,56486,26843,Espèces,Soldes Ramadan,4.5
CMD-101184,2026-01-18,RDC,Kinshasa,WhatsApp Business,Grande entreprise,Mode,Chaussures Nike,8,59936,0,479488,325196,154292,Mobile Money,Promo WhatsApp,3.2
CMD-101185,2025-07-13,RDC,Goma,Instagram,Particulier,Électroménager,Ventilateur Binatone,1,27460,10,24714,18778,5936,Mobile Money,Soldes Ramadan,3.4
CMD-101186,2026-03-03,Cameroun,Douala,Site web,Grande entreprise,Alimentation,Lait en poudre,2,6665,5,12664,7904,4760,Mobile Money,Fête de fin d'année,3.8
CMD-101187,2023-03-23,Tchad,N'Djamena,Facebook,PME,Alimentation,Lait en poudre,3,7316,0,21948,17129,4819,Mobile Money,Soldes Ramadan,3.6
CMD-101188,2023-12-28,Cameroun,Douala,Boutique physique,PME,Électroménager,Ventilateur Binatone,8,26943,5,204767,155510,49257,Carte bancaire,Black Friday,4.5
CMD-101189,2023-08-26,Gabon,Franceville,WhatsApp Business,Particulier,Alimentation,Lait en poudre,4,7009,15,23831,19207,4624,Mobile Money,Promo WhatsApp,3.2
CMD-101190,2026-01-18,RDC,Goma,Instagram,Particulier,Mode,Chaussures Nike,12,56721,15,578555,375735,202820,Espèces,Promo WhatsApp,3.2
CMD-101191,2025-04-01,Tchad,Sarh,WhatsApp Business,Particulier,Mode,Chaussures Nike,2,50699,15,86189,55726,30463,Mobile Money,Promo rentrée,4.0
CMD-101192,2025-02-03,Cameroun,Douala,Instagram,Particulier,Alimentation,Huile 5L,11,9016,15,84300,69046,15254,Carte bancaire,Aucune campagne,4.1
CMD-101193,2025-03-11,RDC,Kinshasa,Boutique physique,Grande entreprise,Alimentation,Riz 25kg,4,22814,0,91256,53473,37783,Mobile Money,Promo rentrée,3.0
CMD-101194,2024-05-14,Tchad,Sarh,WhatsApp Business,Particulier,Informatique,HP EliteBook,5,425636,0,2128180,1354103,774077,Virement bancaire,Promo WhatsApp,4.7
CMD-101195,2023-05-26,RDC,Lubumbashi,WhatsApp Business,Grande entreprise,Téléphones,Tecno Spark 20,7,88251,15,525094,365559,159535,Carte bancaire,Campagne Facebook Ads,3.3
CMD-101196,2025-01-10,Guinée équatoriale,Malabo,Facebook,PME,Mode,Chaussures Nike,10,51765,15,440003,331507,108496,Mobile Money,Campagne Facebook Ads,4.9
CMD-101197,2025-03-11,RDC,Kinshasa,WhatsApp Business,Grande entreprise,Informatique,Clé USB 64GB,1,8533,15,7254,5812,1442,Carte bancaire,Promo WhatsApp,3.9
CMD-101198,2023-06-03,Tchad,Sarh,Boutique physique,PME,Mode,Sac à main,4,33591,0,134364,91935,42429,Mobile Money,Aucune campagne,3.9
CMD-101199,2024-11-30,Congo,Brazzaville,Site web,Grande entreprise,Téléphones,iPhone 13,5,519124,5,2465839,1789077,676762,Espèces,Fête de fin d'année,3.6
CMD-101200,2026-02-21,Guinée équatoriale,Bata,Site web,Grande entreprise,Alimentation,Lait en poudre,7,7080,15,42126,29874,12252,Carte bancaire,Promo WhatsApp,4.8
CMD-101201,2024-07-03,Gabon,Libreville,Facebook,Grande entreprise,Mode,Chemise homme,9,18526,15,141724,80356,61368,Carte bancaire,Fête de fin d'année,4.9
CMD-101202,2025-11-26,Gabon,Libreville,Facebook,PME,Alimentation,Huile 5L,6,10859,0,65154,50360,14794,Virement bancaire,Soldes Ramadan,4.4
CMD-101203,2025-01-10,RCA,Bangui,Site web,PME,Alimentation,Huile 5L,13,10378,0,134914,81122,53792,Carte bancaire,Campagne Facebook Ads,4.4
CMD-101204,2024-11-21,RDC,Lubumbashi,Revendeur,PME,Téléphones,iPhone 13,11,500113,10,4951119,3779115,1172004,Espèces,Black Friday,3.4
CMD-101205,2024-06-01,RDC,Matadi,Instagram,Grande entreprise,Informatique,Clé USB 64GB,9,8868,0,79812,56955,22857,Virement bancaire,Promo rentrée,3.2
CMD-101206,2024-07-21,Congo,Brazzaville,Instagram,Particulier,Informatique,Clé USB 64GB,8,10203,10,73462,51979,21483,Espèces,Promo rentrée,4.0
CMD-101207,2024-01-06,RDC,Matadi,Boutique physique,Particulier,Alimentation,Riz 25kg,8,24223,0,193784,112830,80954,Mobile Money,Fête de fin d'année,3.2
CMD-101208,2026-03-06,Congo,Dolisie,Boutique physique,PME,Électroménager,Réfrigérateur LG,15,456017,5,6498243,3933523,2564720,Espèces,Fête de fin d'année,3.1
CMD-101209,2024-12-25,RDC,Lubumbashi,WhatsApp Business,Particulier,Électroménager,Mixeur Moulinex,10,36782,0,367820,294447,73373,Espèces,Campagne Facebook Ads,4.7
CMD-101210,2024-07-06,Cameroun,Yaoundé,Boutique physique,Particulier,Mode,Sac à main,9,33730,0,303570,174436,129134,Carte bancaire,Campagne Facebook Ads,4.6
CMD-101211,2024-07-26,RDC,Lubumbashi,WhatsApp Business,Grande entreprise,Électroménager,Ventilateur Binatone,10,26359,0,263590,210281,53309,Espèces,Promo WhatsApp,3.2
CMD-101212,2025-06-28,Tchad,Sarh,Revendeur,PME,Mode,Montre connectée,4,45986,0,183944,121459,62485,Virement bancaire,Promo rentrée,3.9
CMD-101213,2023-02-12,Tchad,Moundou,Site web,PME,Électroménager,Ventilateur Binatone,7,30727,10,193581,124359,69222,Virement bancaire,Aucune campagne,4.0
CMD-101214,2025-04-07,Cameroun,Garoua,Facebook,PME,Électroménager,Réfrigérateur LG,10,465878,15,3959963,2581774,1378189,Virement bancaire,Fête de fin d'année,3.4
CMD-101215,2026-02-27,Cameroun,Garoua,Revendeur,Particulier,Électroménager,Ventilateur Binatone,10,31344,0,313440,230489,82951,Virement bancaire,Soldes Ramadan,3.5
CMD-101216,2025-07-01,Guinée équatoriale,Malabo,Boutique physique,PME,Mode,Chemise homme,6,17914,5,102110,68188,33922,Espèces,Fête de fin d'année,4.8
CMD-101217,2025-11-25,Cameroun,Garoua,WhatsApp Business,Particulier,Informatique,Imprimante Canon,8,112742,0,901936,703947,197989,Virement bancaire,Fête de fin d'année,4.2
CMD-101218,2023-06-12,Congo,Brazzaville,Facebook,PME,Téléphones,Tecno Spark 20,2,89578,10,161241,90862,70379,Carte bancaire,Fête de fin d'année,4.1
CMD-101219,2024-04-19,Cameroun,Bafoussam,Site web,Particulier,Informatique,Dell Latitude,4,420993,0,1683972,1162845,521127,Carte bancaire,Fête de fin d'année,4.7
CMD-101220,2023-06-07,Tchad,Moundou,Boutique physique,PME,Mode,Sac à main,4,28937,0,115748,82494,33254,Carte bancaire,Aucune campagne,3.1
CMD-101221,2024-05-18,Congo,Nkayi,Facebook,Particulier,Alimentation,Boisson gazeuse,12,3306,10,35705,28624,7081,Espèces,Aucune campagne,4.6
CMD-101222,2023-09-28,Guinée équatoriale,Malabo,Site web,PME,Alimentation,Riz 25kg,7,22409,0,156863,106141,50722,Espèces,Promo WhatsApp,3.5
CMD-101223,2023-03-28,Cameroun,Bafoussam,Instagram,Particulier,Électroménager,Réfrigérateur LG,12,404062,15,4121433,2941148,1180285,Mobile Money,Fête de fin d'année,3.1
CMD-101224,2024-12-25,RDC,Matadi,Site web,Grande entreprise,Mode,Montre connectée,15,49500,15,631125,507858,123267,Virement bancaire,Campagne Facebook Ads,4.6
CMD-101225,2024-02-28,Gabon,Franceville,Facebook,PME,Mode,Sac à main,9,35663,0,320967,246280,74687,Mobile Money,Aucune campagne,3.1
CMD-101226,2023-02-02,RDC,Matadi,Revendeur,Particulier,Mode,Chemise homme,6,16307,5,92950,56109,36841,Virement bancaire,Campagne Facebook Ads,3.4
CMD-101227,2025-06-18,Tchad,Sarh,Instagram,PME,Électroménager,Télévision Hisense 43,7,221058,0,1547406,1227303,320103,Virement bancaire,Fête de fin d'année,3.5
CMD-101228,2023-07-27,Cameroun,Bafoussam,Boutique physique,PME,Électroménager,Ventilateur Binatone,1,26917,0,26917,21323,5594,Virement bancaire,Promo WhatsApp,3.6
CMD-101229,2025-09-08,RCA,Berbérati,Facebook,Particulier,Téléphones,iPhone 13,6,574742,10,3103607,2106787,996820,Espèces,Aucune campagne,3.1
CMD-101230,2025-11-09,Cameroun,Douala,Site web,PME,Téléphones,Tecno Spark 20,12,91610,0,1099320,622401,476919,Mobile Money,Promo WhatsApp,3.4
CMD-101231,2025-11-24,RDC,Goma,Instagram,PME,Alimentation,Lait en poudre,6,6860,0,41160,26727,14433,Virement bancaire,Campagne Facebook Ads,4.2
CMD-101232,2025-06-19,Tchad,N'Djamena,Revendeur,PME,Alimentation,Riz 25kg,3,27197,5,77512,49541,27971,Carte bancaire,Black Friday,4.5
CMD-101233,2023-01-25,Guinée équatoriale,Malabo,WhatsApp Business,PME,Téléphones,Redmi Note 13,5,139803,0,699015,392765,306250,Carte bancaire,Promo WhatsApp,4.9
CMD-101234,2023-03-18,Guinée équatoriale,Malabo,Instagram,Particulier,Mode,Chemise homme,15,17147,0,257205,152809,104396,Carte bancaire,Promo WhatsApp,3.5
CMD-101235,2025-02-01,Cameroun,Bafoussam,Facebook,Grande entreprise,Téléphones,Samsung Galaxy A15,11,96415,0,1060565,759932,300633,Espèces,Soldes Ramadan,4.7
CMD-101236,2024-07-25,RCA,Berbérati,WhatsApp Business,Particulier,Alimentation,Huile 5L,11,10169,15,95081,67435,27646,Mobile Money,Promo WhatsApp,4.6
CMD-101237,2026-04-26,RDC,Goma,Facebook,Particulier,Informatique,Imprimante Canon,8,137182,5,1042584,587858,454726,Carte bancaire,Aucune campagne,3.6
CMD-101238,2025-11-01,Cameroun,Yaoundé,Revendeur,PME,Électroménager,Ventilateur Binatone,15,26272,0,394080,290946,103134,Virement bancaire,Aucune campagne,3.7
CMD-101239,2024-10-04,Gabon,Port-Gentil,Boutique physique,PME,Téléphones,Tecno Spark 20,3,89739,15,228835,129956,98879,Virement bancaire,Campagne Facebook Ads,4.9
CMD-101240,2024-04-27,RDC,Lubumbashi,Instagram,PME,Mode,Montre connectée,1,47205,0,47205,27469,19736,Carte bancaire,Promo WhatsApp,4.0
CMD-101241,2024-10-31,RDC,Lubumbashi,Boutique physique,Particulier,Informatique,Dell Latitude,10,462475,0,4624750,2742392,1882358,Mobile Money,Promo rentrée,4.2
CMD-101242,2023-04-16,Guinée équatoriale,Malabo,WhatsApp Business,Particulier,Électroménager,Ventilateur Binatone,8,31476,15,214037,155166,58871,Carte bancaire,Fête de fin d'année,3.0
CMD-101243,2023-03-21,Guinée équatoriale,Bata,Boutique physique,Particulier,Informatique,HP EliteBook,1,357696,0,357696,228617,129079,Mobile Money,Campagne Facebook Ads,5.0
CMD-101244,2025-12-13,Cameroun,Yaoundé,Site web,PME,Mode,Montre connectée,2,46407,0,92814,66470,26344,Carte bancaire,Promo rentrée,3.1
CMD-101245,2025-03-16,RDC,Goma,Revendeur,Particulier,Électroménager,Réfrigérateur LG,8,441680,15,3003424,1881940,1121484,Virement bancaire,Campagne Facebook Ads,4.7
CMD-101246,2024-04-26,RDC,Goma,Facebook,Grande entreprise,Alimentation,Boisson gazeuse,5,3721,5,17675,11715,5960,Espèces,Black Friday,4.6
CMD-101247,2023-10-30,Cameroun,Bafoussam,Instagram,Particulier,Électroménager,Mixeur Moulinex,1,32195,10,28976,22783,6193,Carte bancaire,Soldes Ramadan,3.2
CMD-101248,2023-09-09,Congo,Dolisie,Revendeur,Grande entreprise,Informatique,Imprimante Canon,10,115177,5,1094182,730410,363772,Espèces,Soldes Ramadan,4.9
CMD-101249,2023-03-06,Cameroun,Bafoussam,Facebook,PME,Téléphones,iPhone 13,3,518803,0,1556409,883783,672626,Carte bancaire,Campagne Facebook Ads,4.7
CMD-101250,2025-05-14,RDC,Matadi,Site web,Grande entreprise,Mode,Chemise homme,8,16798,0,134384,100952,33432,Carte bancaire,Promo rentrée,4.3
CMD-101251,2023-10-15,Guinée équatoriale,Malabo,Site web,PME,Informatique,Clé USB 64GB,2,9195,0,18390,10850,7540,Espèces,Black Friday,3.5
CMD-101252,2025-02-02,RCA,Bangui,Boutique physique,PME,Mode,Chaussures Nike,13,49626,0,645138,478736,166402,Carte bancaire,Black Friday,3.7
CMD-101253,2024-02-07,Cameroun,Garoua,Revendeur,Particulier,Alimentation,Boisson gazeuse,9,3491,10,28278,23139,5139,Virement bancaire,Soldes Ramadan,3.9
CMD-101254,2023-05-09,Tchad,Sarh,Instagram,PME,Informatique,Clé USB 64GB,1,8740,0,8740,5768,2972,Carte bancaire,Fête de fin d'année,3.9
CMD-101255,2026-04-01,Guinée équatoriale,Malabo,Facebook,Particulier,Mode,Chemise homme,5,20211,0,101055,77864,23191,Carte bancaire,Promo rentrée,3.5
CMD-101256,2024-07-14,Cameroun,Bafoussam,Site web,PME,Électroménager,Ventilateur Binatone,1,28210,0,28210,21627,6583,Mobile Money,Aucune campagne,4.1
CMD-101257,2026-02-05,Guinée équatoriale,Bata,Boutique physique,Particulier,Alimentation,Riz 25kg,8,27533,0,220264,152908,67356,Virement bancaire,Aucune campagne,3.6
CMD-101258,2024-05-17,RCA,Berbérati,Boutique physique,Particulier,Électroménager,Mixeur Moulinex,1,37494,0,37494,23950,13544,Carte bancaire,Soldes Ramadan,4.9
CMD-101259,2024-02-22,RCA,Berbérati,Facebook,Particulier,Électroménager,Télévision Hisense 43,11,221782,0,2439602,1938526,501076,Espèces,Fête de fin d'année,4.5
CMD-101260,2023-01-07,Tchad,Sarh,Boutique physique,PME,Alimentation,Riz 25kg,2,27496,0,54992,42911,12081,Carte bancaire,Promo rentrée,4.9
CMD-101261,2023-09-08,Guinée équatoriale,Bata,Site web,PME,Informatique,HP EliteBook,9,414769,10,3359629,2269866,1089763,Mobile Money,Fête de fin d'année,4.0
CMD-101262,2023-02-07,Guinée équatoriale,Malabo,Site web,Particulier,Informatique,Dell Latitude,7,462693,10,2914966,2346938,568028,Mobile Money,Black Friday,4.8
CMD-101263,2024-11-27,Cameroun,Garoua,Instagram,Particulier,Électroménager,Mixeur Moulinex,8,40172,15,273170,176160,97010,Virement bancaire,Black Friday,4.7
CMD-101264,2024-04-09,Cameroun,Yaoundé,Instagram,Grande entreprise,Alimentation,Lait en poudre,13,6802,15,75163,42697,32466,Virement bancaire,Promo WhatsApp,4.7
CMD-101265,2026-03-15,Gabon,Franceville,Revendeur,PME,Informatique,Dell Latitude,15,382406,5,5449286,3273831,2175455,Espèces,Promo WhatsApp,3.7
CMD-101266,2026-02-23,RCA,Bangui,Site web,Particulier,Informatique,Clé USB 64GB,2,8401,0,16802,11938,4864,Virement bancaire,Promo WhatsApp,4.5
CMD-101267,2024-10-01,Tchad,Sarh,Instagram,PME,Informatique,HP EliteBook,10,419028,15,3561738,2263869,1297869,Mobile Money,Campagne Facebook Ads,4.1
CMD-101268,2024-07-28,Congo,Pointe-Noire,Instagram,Particulier,Informatique,Dell Latitude,12,405119,5,4618357,3786155,832202,Espèces,Promo rentrée,3.7
CMD-101269,2023-07-10,RDC,Goma,Site web,Grande entreprise,Informatique,Clé USB 64GB,1,8158,0,8158,5208,2950,Mobile Money,Fête de fin d'année,4.7
CMD-101270,2026-04-07,Congo,Pointe-Noire,WhatsApp Business,Particulier,Informatique,Imprimante Canon,6,134652,0,807912,570087,237825,Espèces,Fête de fin d'année,4.6
CMD-101271,2025-04-06,Guinée équatoriale,Malabo,Boutique physique,PME,Alimentation,Boisson gazeuse,15,3633,0,54495,31450,23045,Virement bancaire,Promo rentrée,4.5
CMD-101272,2025-09-03,RCA,Berbérati,Facebook,PME,Informatique,HP EliteBook,3,348531,10,941034,518587,422447,Mobile Money,Fête de fin d'année,3.1
CMD-101273,2023-08-01,Cameroun,Yaoundé,Boutique physique,PME,Téléphones,iPhone 13,3,492066,10,1328579,982070,346509,Carte bancaire,Soldes Ramadan,4.3
CMD-101274,2026-03-27,RCA,Bangui,WhatsApp Business,PME,Électroménager,Mixeur Moulinex,7,31546,10,198740,156263,42477,Carte bancaire,Promo rentrée,4.6
CMD-101275,2025-04-08,RDC,Lubumbashi,Instagram,Grande entreprise,Alimentation,Lait en poudre,4,7190,0,28760,18491,10269,Espèces,Fête de fin d'année,4.9
CMD-101276,2025-04-10,Cameroun,Douala,Revendeur,PME,Mode,Chemise homme,11,18923,0,208153,169438,38715,Carte bancaire,Aucune campagne,4.2
CMD-101277,2023-05-28,Cameroun,Douala,WhatsApp Business,Particulier,Électroménager,Mixeur Moulinex,12,31851,0,382212,287086,95126,Espèces,Promo rentrée,4.4
CMD-101278,2024-02-27,Tchad,N'Djamena,WhatsApp Business,Grande entreprise,Électroménager,Réfrigérateur LG,14,451103,5,5999670,3473073,2526597,Mobile Money,Campagne Facebook Ads,3.9
CMD-101279,2024-02-17,Gabon,Port-Gentil,WhatsApp Business,Particulier,Mode,Montre connectée,11,49426,0,543686,364118,179568,Virement bancaire,Fête de fin d'année,4.7
CMD-101280,2025-08-07,Cameroun,Yaoundé,Boutique physique,Grande entreprise,Mode,Montre connectée,5,48449,0,242245,133434,108811,Virement bancaire,Aucune campagne,3.3
CMD-101281,2025-05-22,Gabon,Libreville,Instagram,Grande entreprise,Mode,Chaussures Nike,15,53449,0,801735,501419,300316,Mobile Money,Aucune campagne,4.5
CMD-101282,2025-03-10,RDC,Goma,Instagram,Particulier,Informatique,Dell Latitude,8,399097,0,3192776,2479689,713087,Virement bancaire,Black Friday,3.5
CMD-101283,2023-10-24,Congo,Brazzaville,Revendeur,PME,Mode,Montre connectée,4,55037,10,198134,136240,61894,Espèces,Soldes Ramadan,3.2
CMD-101284,2023-08-08,Congo,Dolisie,Facebook,PME,Alimentation,Boisson gazeuse,12,3503,0,42036,29556,12480,Carte bancaire,Campagne Facebook Ads,3.5
CMD-101285,2026-02-08,RCA,Bangui,Facebook,Particulier,Mode,Chaussures Nike,3,62681,0,188043,142441,45602,Virement bancaire,Black Friday,3.8
CMD-101286,2025-04-03,Cameroun,Douala,Site web,Grande entreprise,Informatique,Clé USB 64GB,5,9666,0,48330,34230,14100,Espèces,Promo rentrée,4.3
CMD-101287,2024-12-31,RDC,Matadi,WhatsApp Business,Grande entreprise,Alimentation,Huile 5L,15,9131,0,136965,107052,29913,Espèces,Promo WhatsApp,3.9
CMD-101288,2024-04-18,Cameroun,Bafoussam,Boutique physique,Particulier,Alimentation,Riz 25kg,12,22057,10,238216,188643,49573,Virement bancaire,Promo WhatsApp,3.8
CMD-101289,2023-10-05,Tchad,Sarh,WhatsApp Business,Particulier,Téléphones,Samsung Galaxy A15,11,109007,10,1079170,722122,357048,Espèces,Promo rentrée,3.4
CMD-101290,2025-07-10,Congo,Dolisie,Boutique physique,PME,Téléphones,Redmi Note 13,2,160696,15,273184,193668,79516,Carte bancaire,Aucune campagne,4.8
CMD-101291,2023-01-14,Congo,Pointe-Noire,Instagram,Particulier,Informatique,Dell Latitude,1,427981,0,427981,297913,130068,Virement bancaire,Fête de fin d'année,4.9
CMD-101292,2024-12-15,Congo,Pointe-Noire,Instagram,Grande entreprise,Alimentation,Huile 5L,15,9917,0,148755,98969,49786,Carte bancaire,Promo rentrée,4.9
CMD-101293,2024-04-24,RCA,Bangui,Revendeur,Particulier,Alimentation,Riz 25kg,11,23251,0,255761,197453,58308,Carte bancaire,Campagne Facebook Ads,4.5
CMD-101294,2023-10-03,Cameroun,Yaoundé,Revendeur,Grande entreprise,Électroménager,Télévision Hisense 43,8,210523,5,1599975,977454,622521,Carte bancaire,Fête de fin d'année,3.1
CMD-101295,2023-01-16,RCA,Berbérati,Boutique physique,Grande entreprise,Mode,Sac à main,12,29306,0,351672,238400,113272,Carte bancaire,Soldes Ramadan,3.3
CMD-101296,2023-08-11,Guinée équatoriale,Bata,Revendeur,Particulier,Téléphones,Samsung Galaxy A15,13,89241,0,1160133,686229,473904,Espèces,Soldes Ramadan,3.9
CMD-101297,2026-03-07,Tchad,Sarh,Instagram,PME,Alimentation,Boisson gazeuse,15,3546,10,47871,33216,14655,Carte bancaire,Aucune campagne,3.4
CMD-101298,2023-02-11,Guinée équatoriale,Bata,Facebook,PME,Informatique,Imprimante Canon,5,126188,15,536299,410559,125740,Virement bancaire,Promo rentrée,3.4
CMD-101299,2023-08-20,Guinée équatoriale,Malabo,Instagram,Grande entreprise,Électroménager,Réfrigérateur LG,4,455385,10,1639386,1321971,317415,Carte bancaire,Promo rentrée,4.1
CMD-101300,2026-01-18,Tchad,N'Djamena,WhatsApp Business,Grande entreprise,Alimentation,Huile 5L,13,8850,0,115050,79070,35980,Mobile Money,Fête de fin d'année,4.8
CMD-101301,2023-04-01,Tchad,Sarh,WhatsApp Business,Particulier,Téléphones,iPhone 13,5,511169,0,2555845,1977175,578670,Carte bancaire,Soldes Ramadan,3.9
CMD-101302,2026-01-24,RCA,Bangui,Facebook,PME,Alimentation,Huile 5L,10,9600,5,91200,67911,23289,Carte bancaire,Soldes Ramadan,3.2
CMD-101303,2023-02-19,Gabon,Port-Gentil,Revendeur,Particulier,Téléphones,Samsung Galaxy A15,13,85773,0,1115049,846692,268357,Mobile Money,Fête de fin d'année,4.7
CMD-101304,2026-01-08,Cameroun,Douala,Boutique physique,Grande entreprise,Téléphones,Tecno Spark 20,8,96753,0,774024,517453,256571,Mobile Money,Soldes Ramadan,4.3
CMD-101305,2024-08-21,Cameroun,Garoua,Boutique physique,Grande entreprise,Informatique,Clé USB 64GB,11,8359,10,82755,59940,22815,Carte bancaire,Aucune campagne,3.5
CMD-101306,2024-08-14,RCA,Berbérati,Boutique physique,PME,Informatique,Clé USB 64GB,9,10148,0,91332,53945,37387,Virement bancaire,Promo WhatsApp,4.0
CMD-101307,2024-05-18,Congo,Nkayi,Revendeur,PME,Mode,Chaussures Nike,1,57739,0,57739,42077,15662,Mobile Money,Fête de fin d'année,3.8
CMD-101308,2023-11-02,RCA,Berbérati,Site web,Particulier,Alimentation,Huile 5L,7,9447,0,66129,40581,25548,Espèces,Fête de fin d'année,4.6
CMD-101309,2023-03-27,RCA,Bangui,Boutique physique,Grande entreprise,Informatique,Imprimante Canon,14,113107,10,1425149,928253,496896,Virement bancaire,Promo rentrée,4.1
CMD-101310,2024-12-28,RDC,Lubumbashi,Boutique physique,Grande entreprise,Électroménager,Ventilateur Binatone,10,31192,10,280728,189268,91460,Carte bancaire,Black Friday,4.6
CMD-101311,2025-12-18,Congo,Pointe-Noire,Site web,Grande entreprise,Informatique,HP EliteBook,15,353628,5,5039199,3115535,1923664,Mobile Money,Fête de fin d'année,3.2
CMD-101312,2025-02-13,RCA,Berbérati,WhatsApp Business,Grande entreprise,Électroménager,Ventilateur Binatone,8,31363,0,250904,172930,77974,Mobile Money,Promo WhatsApp,4.4
CMD-101313,2023-12-16,Gabon,Libreville,Revendeur,Grande entreprise,Électroménager,Réfrigérateur LG,3,451147,10,1218097,892906,325191,Espèces,Promo WhatsApp,4.0
CMD-101314,2025-12-18,Gabon,Libreville,Boutique physique,PME,Téléphones,Tecno Spark 20,15,85420,15,1089105,637385,451720,Espèces,Promo rentrée,3.9
CMD-101315,2025-02-04,RDC,Kinshasa,Boutique physique,Particulier,Mode,Chemise homme,11,17954,0,197494,159073,38421,Virement bancaire,Campagne Facebook Ads,4.5
CMD-101316,2023-06-23,Cameroun,Garoua,Facebook,PME,Informatique,Dell Latitude,5,398125,15,1692032,941245,750787,Espèces,Campagne Facebook Ads,3.9
CMD-101317,2026-02-12,Gabon,Franceville,Site web,Particulier,Alimentation,Riz 25kg,13,22955,0,298415,193808,104607,Espèces,Fête de fin d'année,4.4
CMD-101318,2023-04-28,RCA,Bangui,Facebook,Particulier,Mode,Chaussures Nike,11,58963,0,648593,407457,241136,Carte bancaire,Black Friday,5.0
CMD-101319,2024-03-30,Cameroun,Garoua,Boutique physique,Particulier,Électroménager,Télévision Hisense 43,10,225116,15,1913486,1115540,797946,Mobile Money,Soldes Ramadan,4.6
CMD-101320,2024-02-11,Tchad,Moundou,Boutique physique,Grande entreprise,Alimentation,Lait en poudre,12,7277,0,87324,60863,26461,Carte bancaire,Promo WhatsApp,3.5
CMD-101321,2023-06-07,Cameroun,Yaoundé,Site web,Grande entreprise,Mode,Chemise homme,4,16376,5,62229,48588,13641,Virement bancaire,Campagne Facebook Ads,4.9
CMD-101322,2025-12-10,Gabon,Port-Gentil,Boutique physique,Particulier,Téléphones,Redmi Note 13,9,156043,10,1263949,940981,322968,Carte bancaire,Campagne Facebook Ads,4.8
CMD-101323,2025-12-08,Congo,Pointe-Noire,WhatsApp Business,Grande entreprise,Alimentation,Riz 25kg,6,26271,0,157626,110090,47536,Virement bancaire,Fête de fin d'année,4.8
CMD-101324,2025-04-30,RDC,Matadi,Site web,Grande entreprise,Informatique,Imprimante Canon,14,137370,0,1923180,1556428,366752,Carte bancaire,Promo WhatsApp,4.8
CMD-101325,2023-09-10,Gabon,Franceville,Revendeur,Grande entreprise,Informatique,Dell Latitude,15,384084,0,5761260,4107759,1653501,Espèces,Promo rentrée,4.7
CMD-101326,2026-04-16,Tchad,Moundou,Instagram,Particulier,Électroménager,Mixeur Moulinex,7,36136,0,252952,196360,56592,Carte bancaire,Campagne Facebook Ads,3.3
CMD-101327,2025-05-06,RCA,Bangui,Facebook,Particulier,Électroménager,Mixeur Moulinex,2,33601,0,67202,43042,24160,Espèces,Black Friday,3.2
CMD-101328,2024-11-22,Tchad,Sarh,Instagram,PME,Mode,Chaussures Nike,14,54543,0,763602,580387,183215,Virement bancaire,Campagne Facebook Ads,3.5
CMD-101329,2023-02-06,RCA,Bangui,WhatsApp Business,Particulier,Alimentation,Riz 25kg,2,26078,5,49549,37691,11858,Carte bancaire,Fête de fin d'année,4.9
CMD-101330,2025-07-22,RDC,Matadi,Revendeur,Particulier,Alimentation,Riz 25kg,14,26827,0,375578,245739,129839,Mobile Money,Black Friday,3.1
CMD-101331,2024-01-11,Guinée équatoriale,Malabo,Boutique physique,PME,Informatique,Imprimante Canon,6,109561,5,624498,429311,195187,Virement bancaire,Promo WhatsApp,3.9
CMD-101332,2023-03-24,Guinée équatoriale,Malabo,Facebook,Grande entreprise,Alimentation,Huile 5L,9,10524,0,94716,71265,23451,Mobile Money,Campagne Facebook Ads,3.2
CMD-101333,2025-12-18,Tchad,Moundou,Boutique physique,Particulier,Électroménager,Télévision Hisense 43,5,220651,15,937767,746870,190897,Carte bancaire,Soldes Ramadan,3.3
CMD-101334,2023-02-06,Gabon,Franceville,Boutique physique,Grande entreprise,Téléphones,Samsung Galaxy A15,2,101341,5,192548,141830,50718,Espèces,Aucune campagne,4.2
CMD-101335,2025-07-16,Tchad,Sarh,Site web,Particulier,Téléphones,iPhone 13,5,542631,0,2713155,2015755,697400,Virement bancaire,Campagne Facebook Ads,5.0
CMD-101336,2024-08-30,Tchad,Sarh,Revendeur,Grande entreprise,Alimentation,Lait en poudre,13,6864,5,84771,66527,18244,Virement bancaire,Promo rentrée,4.7
CMD-101337,2024-11-07,Tchad,Moundou,Facebook,Particulier,Électroménager,Télévision Hisense 43,10,229085,10,2061765,1272138,789627,Espèces,Aucune campagne,4.1
CMD-101338,2023-10-17,Tchad,N'Djamena,Instagram,PME,Électroménager,Mixeur Moulinex,2,33118,0,66236,41695,24541,Mobile Money,Promo WhatsApp,4.6
CMD-101339,2025-05-05,Tchad,Sarh,Boutique physique,Grande entreprise,Téléphones,Redmi Note 13,3,139929,0,419787,282700,137087,Virement bancaire,Black Friday,4.9
CMD-101340,2025-01-10,RCA,Bangui,Site web,Particulier,Informatique,Dell Latitude,9,441706,0,3975354,2905743,1069611,Mobile Money,Campagne Facebook Ads,4.3
CMD-101341,2026-03-05,Guinée équatoriale,Bata,Facebook,Particulier,Téléphones,iPhone 13,7,583346,0,4083422,3328117,755305,Carte bancaire,Promo WhatsApp,4.2
CMD-101342,2025-02-22,Tchad,Moundou,Facebook,PME,Alimentation,Huile 5L,7,10119,0,70833,53944,16889,Mobile Money,Campagne Facebook Ads,4.1
CMD-101343,2023-10-26,Cameroun,Douala,Site web,PME,Alimentation,Lait en poudre,13,6542,15,72290,55971,16319,Espèces,Campagne Facebook Ads,4.5
CMD-101344,2024-09-28,Congo,Dolisie,Facebook,Grande entreprise,Électroménager,Télévision Hisense 43,7,238134,0,1666938,1181283,485655,Mobile Money,Campagne Facebook Ads,4.7
CMD-101345,2025-03-11,Congo,Brazzaville,Instagram,Particulier,Mode,Sac à main,1,28852,10,25967,17326,8641,Mobile Money,Promo rentrée,4.8
CMD-101346,2024-11-16,Guinée équatoriale,Bata,Boutique physique,Particulier,Alimentation,Huile 5L,2,8742,0,17484,13460,4024,Mobile Money,Promo WhatsApp,4.6
CMD-101347,2024-10-20,Tchad,N'Djamena,Instagram,Particulier,Alimentation,Boisson gazeuse,2,3406,10,6131,3493,2638,Carte bancaire,Campagne Facebook Ads,3.1
CMD-101348,2024-07-07,Tchad,Moundou,Instagram,PME,Mode,Sac à main,1,34639,0,34639,25013,9626,Virement bancaire,Aucune campagne,3.0
CMD-101349,2025-04-23,Gabon,Port-Gentil,Site web,Particulier,Électroménager,Réfrigérateur LG,12,477007,0,5724084,4270313,1453771,Espèces,Promo rentrée,4.3
CMD-101350,2026-03-03,Tchad,N'Djamena,Site web,Particulier,Mode,Montre connectée,15,47813,0,717195,584610,132585,Espèces,Promo rentrée,4.4
CMD-101351,2023-09-29,RDC,Goma,Facebook,PME,Téléphones,Tecno Spark 20,4,80806,0,323224,185556,137668,Carte bancaire,Black Friday,4.9
CMD-101352,2023-12-03,Gabon,Port-Gentil,Boutique physique,Grande entreprise,Téléphones,Redmi Note 13,9,158450,5,1354748,749003,605745,Carte bancaire,Promo rentrée,4.4
CMD-101353,2025-08-15,RDC,Kinshasa,Site web,PME,Électroménager,Ventilateur Binatone,4,30976,15,105319,66961,38358,Virement bancaire,Promo rentrée,4.0
CMD-101354,2026-04-28,Cameroun,Yaoundé,WhatsApp Business,Grande entreprise,Mode,Chaussures Nike,15,58683,0,880245,557121,323124,Espèces,Promo rentrée,3.1
CMD-101355,2023-04-19,Cameroun,Bafoussam,WhatsApp Business,Grande entreprise,Informatique,HP EliteBook,14,350979,0,4913706,3080330,1833376,Espèces,Campagne Facebook Ads,3.5
CMD-101356,2025-10-20,Congo,Nkayi,WhatsApp Business,Particulier,Mode,Chaussures Nike,15,51449,5,733149,549896,183253,Mobile Money,Promo rentrée,4.3
CMD-101357,2023-07-29,Guinée équatoriale,Malabo,Facebook,Grande entreprise,Téléphones,Redmi Note 13,15,154722,10,2088747,1615389,473358,Virement bancaire,Black Friday,4.3
CMD-101358,2025-05-22,Tchad,Sarh,WhatsApp Business,Grande entreprise,Informatique,Clé USB 64GB,13,9745,10,114017,76190,37827,Carte bancaire,Promo rentrée,4.7
CMD-101359,2025-07-09,Guinée équatoriale,Malabo,Boutique physique,PME,Alimentation,Boisson gazeuse,7,3175,0,22225,15658,6567,Virement bancaire,Promo WhatsApp,4.9
CMD-101360,2025-04-09,RCA,Bangui,WhatsApp Business,Particulier,Mode,Montre connectée,12,43933,5,500837,307366,193471,Espèces,Campagne Facebook Ads,4.0
CMD-101361,2024-12-16,Congo,Nkayi,WhatsApp Business,Particulier,Alimentation,Huile 5L,2,10114,0,20228,12110,8118,Virement bancaire,Soldes Ramadan,3.7
CMD-101362,2025-04-09,Guinée équatoriale,Bata,Revendeur,Particulier,Téléphones,iPhone 13,9,596553,0,5368977,3948462,1420515,Carte bancaire,Promo rentrée,4.1
CMD-101363,2025-12-30,Tchad,N'Djamena,Facebook,Particulier,Informatique,Clé USB 64GB,8,9798,0,78384,54910,23474,Virement bancaire,Aucune campagne,4.5
CMD-101364,2023-03-11,Tchad,Sarh,Revendeur,Grande entreprise,Informatique,HP EliteBook,3,354053,0,1062159,828203,233956,Carte bancaire,Soldes Ramadan,4.9
CMD-101365,2024-11-22,Guinée équatoriale,Bata,Site web,Grande entreprise,Alimentation,Boisson gazeuse,9,3997,15,30578,17891,12687,Mobile Money,Soldes Ramadan,4.7
CMD-101366,2023-03-15,Congo,Dolisie,Instagram,Particulier,Informatique,Clé USB 64GB,11,9327,5,97468,78935,18533,Espèces,Black Friday,4.4
CMD-101367,2025-07-14,Cameroun,Bafoussam,Boutique physique,Grande entreprise,Mode,Montre connectée,8,45551,15,309747,185979,123768,Mobile Money,Soldes Ramadan,3.5
CMD-101368,2025-06-12,RCA,Berbérati,Revendeur,Particulier,Mode,Montre connectée,7,49703,10,313129,220799,92330,Carte bancaire,Fête de fin d'année,4.0
CMD-101369,2025-12-09,Tchad,Sarh,Revendeur,Particulier,Électroménager,Ventilateur Binatone,12,25467,15,259764,180192,79572,Carte bancaire,Fête de fin d'année,3.0
CMD-101370,2024-11-10,Congo,Dolisie,Site web,Particulier,Téléphones,iPhone 13,13,597281,5,7376421,5506320,1870101,Mobile Money,Soldes Ramadan,4.4
CMD-101371,2024-01-09,Congo,Brazzaville,Instagram,PME,Informatique,Dell Latitude,13,456379,0,5932927,3692932,2239995,Virement bancaire,Black Friday,4.9
CMD-101372,2025-12-26,Cameroun,Garoua,Facebook,PME,Alimentation,Boisson gazeuse,3,3708,15,9456,7630,1826,Carte bancaire,Campagne Facebook Ads,4.5
CMD-101373,2024-11-02,Cameroun,Douala,Facebook,Grande entreprise,Informatique,Clé USB 64GB,3,8686,15,22150,16252,5898,Virement bancaire,Black Friday,3.4
CMD-101374,2024-03-31,Gabon,Port-Gentil,Site web,Grande entreprise,Électroménager,Mixeur Moulinex,7,39778,0,278446,218427,60019,Espèces,Promo rentrée,3.7
CMD-101375,2024-06-22,Cameroun,Douala,Site web,PME,Alimentation,Lait en poudre,6,6444,15,32865,22420,10445,Mobile Money,Aucune campagne,4.9
CMD-101376,2023-09-03,Gabon,Port-Gentil,Site web,Grande entreprise,Informatique,Imprimante Canon,4,108228,0,432912,311521,121391,Mobile Money,Campagne Facebook Ads,4.8
CMD-101377,2024-11-14,Congo,Nkayi,Facebook,Particulier,Alimentation,Lait en poudre,3,5926,10,16001,12399,3602,Mobile Money,Campagne Facebook Ads,4.2
CMD-101378,2024-11-02,Gabon,Libreville,WhatsApp Business,Grande entreprise,Mode,Chemise homme,2,17663,5,33560,19432,14128,Carte bancaire,Fête de fin d'année,3.4
CMD-101379,2025-05-22,Tchad,N'Djamena,Facebook,Particulier,Mode,Montre connectée,12,53350,10,576180,332047,244133,Mobile Money,Aucune campagne,3.9
CMD-101380,2023-12-30,Gabon,Libreville,Site web,Grande entreprise,Téléphones,iPhone 13,13,571019,0,7423247,5638773,1784474,Mobile Money,Soldes Ramadan,3.9
CMD-101381,2023-01-14,Tchad,Sarh,WhatsApp Business,Particulier,Mode,Chaussures Nike,10,59571,0,595710,449520,146190,Espèces,Promo WhatsApp,3.5
CMD-101382,2026-04-10,Cameroun,Yaoundé,Instagram,Grande entreprise,Informatique,Clé USB 64GB,7,8231,0,57617,45130,12487,Virement bancaire,Fête de fin d'année,4.0
CMD-101383,2024-07-26,Gabon,Libreville,Facebook,Grande entreprise,Électroménager,Ventilateur Binatone,12,27565,0,330780,269735,61045,Virement bancaire,Fête de fin d'année,4.1
CMD-101384,2023-09-01,Guinée équatoriale,Bata,Revendeur,PME,Alimentation,Boisson gazeuse,3,3589,0,10767,8706,2061,Espèces,Promo rentrée,4.9
CMD-101385,2026-04-15,Cameroun,Douala,WhatsApp Business,Particulier,Téléphones,Samsung Galaxy A15,3,104538,0,313614,226609,87005,Carte bancaire,Black Friday,4.3
CMD-101386,2023-03-11,RCA,Bangui,Revendeur,Grande entreprise,Informatique,Imprimante Canon,2,114250,0,228500,146646,81854,Virement bancaire,Aucune campagne,4.0
CMD-101387,2025-02-23,RCA,Bangui,Site web,Grande entreprise,Téléphones,iPhone 13,5,504967,10,2272352,1571771,700581,Virement bancaire,Black Friday,3.8
CMD-101388,2024-08-22,RDC,Lubumbashi,WhatsApp Business,Grande entreprise,Mode,Montre connectée,15,50847,5,724570,539244,185326,Mobile Money,Black Friday,4.3
CMD-101389,2023-12-21,Gabon,Franceville,Boutique physique,Grande entreprise,Électroménager,Télévision Hisense 43,5,219026,0,1095130,757800,337330,Carte bancaire,Black Friday,4.4
CMD-101390,2024-09-16,Guinée équatoriale,Malabo,Boutique physique,PME,Électroménager,Mixeur Moulinex,10,32753,15,278401,153653,124748,Mobile Money,Promo rentrée,4.2
CMD-101391,2024-12-07,Tchad,N'Djamena,WhatsApp Business,PME,Mode,Chemise homme,8,16920,15,115056,80451,34605,Virement bancaire,Aucune campagne,3.0
CMD-101392,2024-10-19,RCA,Bangui,Facebook,Grande entreprise,Mode,Sac à main,13,30245,0,393185,267216,125969,Espèces,Promo WhatsApp,3.5
CMD-101393,2025-07-17,Cameroun,Bafoussam,Revendeur,Grande entreprise,Électroménager,Réfrigérateur LG,6,392956,0,2357736,1622005,735731,Carte bancaire,Soldes Ramadan,3.8
CMD-101394,2023-12-26,Congo,Nkayi,Revendeur,Particulier,Téléphones,Tecno Spark 20,12,85840,0,1030080,746049,284031,Carte bancaire,Promo WhatsApp,3.1
CMD-101395,2023-11-14,Guinée équatoriale,Malabo,Site web,Grande entreprise,Alimentation,Huile 5L,14,10749,0,150486,90153,60333,Carte bancaire,Soldes Ramadan,4.2
CMD-101396,2024-09-12,RDC,Lubumbashi,Site web,Particulier,Téléphones,Redmi Note 13,13,137443,10,1608084,917167,690917,Carte bancaire,Black Friday,3.5
CMD-101397,2026-02-12,Gabon,Franceville,Facebook,PME,Informatique,Dell Latitude,13,438648,10,5132182,3104253,2027929,Mobile Money,Promo WhatsApp,4.9
CMD-101398,2023-02-10,RCA,Berbérati,Facebook,PME,Mode,Sac à main,3,35265,0,105795,65246,40549,Virement bancaire,Aucune campagne,4.1
CMD-101399,2024-01-18,RCA,Bangui,Instagram,Particulier,Électroménager,Ventilateur Binatone,10,30974,10,278766,186348,92418,Carte bancaire,Promo rentrée,4.1
CMD-101400,2024-03-14,Gabon,Libreville,Facebook,Particulier,Alimentation,Lait en poudre,13,6706,5,82820,61623,21197,Carte bancaire,Black Friday,4.0
CMD-101401,2023-04-22,Cameroun,Douala,WhatsApp Business,Particulier,Téléphones,Tecno Spark 20,13,84241,15,930864,710675,220189,Mobile Money,Fête de fin d'année,4.1
CMD-101402,2024-03-07,Guinée équatoriale,Bata,Revendeur,Grande entreprise,Alimentation,Lait en poudre,9,6668,10,54011,36098,17913,Espèces,Soldes Ramadan,4.4
CMD-101403,2023-03-24,Tchad,Moundou,Facebook,PME,Électroménager,Mixeur Moulinex,11,36181,0,397991,304720,93271,Carte bancaire,Promo WhatsApp,3.4
CMD-101404,2023-11-30,RCA,Bangui,Revendeur,Grande entreprise,Alimentation,Boisson gazeuse,2,3552,0,7104,5509,1595,Mobile Money,Promo rentrée,4.9
CMD-101405,2023-02-19,Guinée équatoriale,Malabo,WhatsApp Business,PME,Alimentation,Huile 5L,13,10751,10,125787,94630,31157,Espèces,Soldes Ramadan,3.2
CMD-101406,2023-06-19,Guinée équatoriale,Malabo,Site web,PME,Téléphones,Tecno Spark 20,15,76604,5,1091607,892812,198795,Mobile Money,Aucune campagne,3.4
CMD-101407,2023-11-19,Congo,Brazzaville,Revendeur,Grande entreprise,Mode,Chaussures Nike,11,51575,0,567325,329729,237596,Virement bancaire,Promo WhatsApp,3.2
CMD-101408,2023-08-19,RDC,Lubumbashi,Boutique physique,Particulier,Téléphones,Samsung Galaxy A15,10,103820,15,882470,506620,375850,Carte bancaire,Promo rentrée,3.8
CMD-101409,2025-06-15,Congo,Pointe-Noire,WhatsApp Business,Grande entreprise,Mode,Sac à main,12,31543,15,321739,257356,64383,Carte bancaire,Promo rentrée,4.9
CMD-101410,2024-01-02,Gabon,Franceville,Revendeur,PME,Électroménager,Ventilateur Binatone,7,27561,10,173635,96127,77508,Mobile Money,Black Friday,3.9
CMD-101411,2025-12-10,Guinée équatoriale,Bata,Facebook,Particulier,Électroménager,Réfrigérateur LG,2,407867,10,734161,539183,194978,Espèces,Black Friday,3.3
CMD-101412,2025-01-21,Cameroun,Garoua,Facebook,Grande entreprise,Mode,Sac à main,1,35519,10,31968,19253,12715,Virement bancaire,Campagne Facebook Ads,5.0
CMD-101413,2026-04-09,Guinée équatoriale,Malabo,Boutique physique,Particulier,Téléphones,Tecno Spark 20,12,90672,10,979258,629872,349386,Carte bancaire,Promo WhatsApp,4.0
CMD-101414,2025-01-20,Congo,Brazzaville,WhatsApp Business,Particulier,Informatique,Dell Latitude,7,476192,10,3000010,1914583,1085427,Mobile Money,Fête de fin d'année,3.8
CMD-101415,2023-11-28,Congo,Brazzaville,Site web,PME,Téléphones,Tecno Spark 20,8,96266,5,731622,426711,304911,Espèces,Promo rentrée,4.0
CMD-101416,2024-04-12,Cameroun,Douala,Facebook,Grande entreprise,Mode,Chaussures Nike,7,55360,10,348768,193929,154839,Mobile Money,Fête de fin d'année,3.3
CMD-101417,2023-05-01,Gabon,Port-Gentil,Site web,PME,Électroménager,Réfrigérateur LG,4,451626,0,1806504,1009372,797132,Virement bancaire,Promo WhatsApp,3.2
CMD-101418,2025-01-29,Tchad,Sarh,Revendeur,PME,Mode,Chemise homme,7,20218,0,141526,101641,39885,Espèces,Fête de fin d'année,3.9
CMD-101419,2024-05-29,RDC,Lubumbashi,Boutique physique,Particulier,Électroménager,Télévision Hisense 43,8,255390,0,2043120,1585313,457807,Mobile Money,Aucune campagne,3.9
CMD-101420,2026-02-08,Congo,Pointe-Noire,Instagram,PME,Alimentation,Riz 25kg,1,22843,15,19417,14834,4583,Espèces,Campagne Facebook Ads,3.5
CMD-101421,2025-01-20,Congo,Nkayi,WhatsApp Business,Grande entreprise,Électroménager,Ventilateur Binatone,9,25498,0,229482,158239,71243,Mobile Money,Campagne Facebook Ads,3.9
CMD-101422,2025-07-16,RCA,Bangui,Boutique physique,PME,Informatique,HP EliteBook,8,350021,10,2520152,1414968,1105184,Carte bancaire,Fête de fin d'année,3.2
CMD-101423,2025-03-31,Congo,Pointe-Noire,Revendeur,Particulier,Informatique,Imprimante Canon,9,136616,5,1168067,737124,430943,Mobile Money,Promo rentrée,3.3
CMD-101424,2025-05-22,Tchad,Moundou,Site web,PME,Électroménager,Télévision Hisense 43,9,256415,15,1961575,1267059,694516,Virement bancaire,Promo rentrée,4.4
CMD-101425,2024-02-15,Cameroun,Douala,WhatsApp Business,PME,Alimentation,Riz 25kg,6,22793,15,116245,89158,27087,Espèces,Campagne Facebook Ads,4.2
CMD-101426,2023-10-11,RDC,Matadi,Instagram,Particulier,Mode,Sac à main,2,31625,0,63250,43746,19504,Mobile Money,Promo rentrée,4.4
CMD-101427,2023-02-21,Gabon,Port-Gentil,Boutique physique,Particulier,Mode,Montre connectée,2,46927,0,93854,67504,26350,Virement bancaire,Aucune campagne,4.5
CMD-101428,2024-04-28,RDC,Matadi,Site web,Particulier,Téléphones,iPhone 13,1,470554,15,399971,248352,151619,Espèces,Aucune campagne,4.1
CMD-101429,2025-10-24,Congo,Dolisie,Site web,PME,Électroménager,Réfrigérateur LG,6,460368,0,2762208,1709781,1052427,Virement bancaire,Promo WhatsApp,3.1
CMD-101430,2025-04-29,Guinée équatoriale,Bata,Site web,Grande entreprise,Électroménager,Réfrigérateur LG,4,426641,5,1621236,1191595,429641,Espèces,Promo rentrée,3.8
CMD-101431,2026-03-15,RDC,Matadi,WhatsApp Business,Particulier,Téléphones,Tecno Spark 20,4,86805,0,347220,236441,110779,Espèces,Promo WhatsApp,3.5
CMD-101432,2025-07-02,Cameroun,Yaoundé,Boutique physique,Grande entreprise,Alimentation,Boisson gazeuse,10,3647,0,36470,29862,6608,Espèces,Black Friday,4.6
CMD-101433,2026-01-12,RDC,Lubumbashi,Boutique physique,Particulier,Téléphones,Tecno Spark 20,8,77583,5,589631,454811,134820,Virement bancaire,Promo rentrée,4.7
CMD-101434,2023-06-21,Guinée équatoriale,Malabo,Revendeur,Grande entreprise,Téléphones,iPhone 13,2,578450,10,1041210,837968,203242,Virement bancaire,Black Friday,3.5
CMD-101435,2024-08-16,Congo,Pointe-Noire,Site web,Particulier,Mode,Chaussures Nike,12,60998,10,658779,473668,185111,Mobile Money,Aucune campagne,4.9
CMD-101436,2024-12-30,RDC,Goma,Revendeur,Particulier,Informatique,Dell Latitude,3,457572,5,1304081,1050615,253466,Virement bancaire,Aucune campagne,4.0
CMD-101437,2025-05-07,Gabon,Port-Gentil,Instagram,Grande entreprise,Téléphones,Tecno Spark 20,1,93752,0,93752,65235,28517,Mobile Money,Campagne Facebook Ads,3.9
CMD-101438,2023-06-22,Guinée équatoriale,Malabo,Site web,PME,Électroménager,Ventilateur Binatone,10,25795,10,232155,152960,79195,Espèces,Campagne Facebook Ads,4.9
CMD-101439,2025-09-04,Cameroun,Bafoussam,Boutique physique,PME,Alimentation,Huile 5L,8,10274,5,78083,55143,22940,Mobile Money,Aucune campagne,4.3
CMD-101440,2024-12-27,Gabon,Libreville,Instagram,Grande entreprise,Téléphones,iPhone 13,15,570761,10,7705274,5119007,2586267,Carte bancaire,Black Friday,3.9
CMD-101441,2025-07-31,RDC,Goma,Revendeur,Grande entreprise,Alimentation,Huile 5L,6,10266,0,61596,35657,25939,Virement bancaire,Black Friday,4.2
CMD-101442,2026-01-24,Gabon,Franceville,Facebook,Grande entreprise,Téléphones,Redmi Note 13,12,148387,10,1602580,1044249,558331,Virement bancaire,Promo rentrée,3.5
CMD-101443,2024-11-23,Gabon,Port-Gentil,WhatsApp Business,Particulier,Alimentation,Boisson gazeuse,3,3206,0,9618,5687,3931,Espèces,Aucune campagne,3.2
CMD-101444,2026-03-21,Guinée équatoriale,Malabo,WhatsApp Business,PME,Mode,Chemise homme,9,18660,0,167940,115153,52787,Virement bancaire,Aucune campagne,4.9
CMD-101445,2023-11-06,RCA,Bangui,Site web,PME,Alimentation,Riz 25kg,15,24215,0,363225,238530,124695,Mobile Money,Promo WhatsApp,5.0
CMD-101446,2024-05-23,Congo,Pointe-Noire,Site web,Grande entreprise,Téléphones,iPhone 13,2,495878,0,991756,702514,289242,Carte bancaire,Campagne Facebook Ads,3.7
CMD-101447,2023-01-01,Guinée équatoriale,Malabo,WhatsApp Business,Particulier,Mode,Chaussures Nike,4,52433,15,178273,117671,60602,Espèces,Fête de fin d'année,3.7
CMD-101448,2023-12-06,Tchad,Sarh,Facebook,PME,Téléphones,Redmi Note 13,6,153291,15,781785,434610,347175,Virement bancaire,Black Friday,3.7
CMD-101449,2024-08-15,Gabon,Libreville,Site web,PME,Alimentation,Riz 25kg,7,23507,0,164549,129289,35260,Virement bancaire,Campagne Facebook Ads,3.5
CMD-101450,2026-01-07,Congo,Nkayi,Site web,Grande entreprise,Mode,Chaussures Nike,13,56592,15,625342,387616,237726,Mobile Money,Aucune campagne,4.1
CMD-101451,2023-06-13,Tchad,Sarh,Instagram,Grande entreprise,Téléphones,Redmi Note 13,8,155166,0,1241328,715206,526122,Mobile Money,Campagne Facebook Ads,3.9
CMD-101452,2026-01-23,Cameroun,Garoua,Revendeur,Grande entreprise,Alimentation,Huile 5L,15,9486,5,135176,108916,26260,Carte bancaire,Soldes Ramadan,3.8
CMD-101453,2023-07-04,Tchad,Moundou,Site web,PME,Alimentation,Lait en poudre,5,7361,5,34965,24585,10380,Espèces,Campagne Facebook Ads,3.7
CMD-101454,2023-04-30,RCA,Bangui,Instagram,PME,Téléphones,Samsung Galaxy A15,10,88700,10,798300,585530,212770,Carte bancaire,Soldes Ramadan,4.7
CMD-101455,2023-05-07,RDC,Kinshasa,Site web,Grande entreprise,Informatique,HP EliteBook,2,387075,5,735443,540070,195373,Virement bancaire,Black Friday,3.5
CMD-101456,2024-06-16,RDC,Goma,Site web,Particulier,Électroménager,Ventilateur Binatone,12,29733,0,356796,245818,110978,Virement bancaire,Promo WhatsApp,3.7
CMD-101457,2024-05-27,Congo,Pointe-Noire,Facebook,PME,Téléphones,iPhone 13,13,485665,10,5682281,4615399,1066882,Virement bancaire,Soldes Ramadan,3.4
CMD-101458,2025-06-11,Guinée équatoriale,Bata,Boutique physique,PME,Alimentation,Lait en poudre,7,6658,0,46606,29746,16860,Espèces,Promo WhatsApp,3.5
CMD-101459,2024-09-23,Guinée équatoriale,Bata,WhatsApp Business,Particulier,Mode,Montre connectée,6,49650,0,297900,209789,88111,Mobile Money,Promo WhatsApp,4.5
CMD-101460,2024-01-13,Cameroun,Yaoundé,Facebook,Grande entreprise,Informatique,Imprimante Canon,13,120133,5,1483643,1129772,353871,Espèces,Promo rentrée,4.5
CMD-101461,2025-05-21,Congo,Nkayi,WhatsApp Business,Particulier,Informatique,Imprimante Canon,4,135760,0,543040,400543,142497,Carte bancaire,Black Friday,3.3
CMD-101462,2025-04-01,Gabon,Libreville,Facebook,Grande entreprise,Mode,Montre connectée,15,48940,15,623985,423040,200945,Mobile Money,Promo WhatsApp,3.3
CMD-101463,2025-10-27,Congo,Pointe-Noire,Facebook,Grande entreprise,Téléphones,Tecno Spark 20,5,91569,0,457845,263224,194621,Virement bancaire,Promo rentrée,4.6
CMD-101464,2025-10-09,Congo,Pointe-Noire,WhatsApp Business,Particulier,Téléphones,Redmi Note 13,10,144069,5,1368656,930582,438074,Mobile Money,Black Friday,5.0
CMD-101465,2024-07-13,Tchad,Sarh,Revendeur,PME,Informatique,Clé USB 64GB,15,9867,0,148005,118606,29399,Espèces,Campagne Facebook Ads,3.9
CMD-101466,2025-12-18,Cameroun,Bafoussam,Revendeur,PME,Téléphones,Tecno Spark 20,12,78856,0,946272,534111,412161,Espèces,Black Friday,3.5
CMD-101467,2024-12-18,RDC,Goma,Revendeur,Particulier,Alimentation,Lait en poudre,14,7072,0,99008,66783,32225,Espèces,Fête de fin d'année,4.9
CMD-101468,2025-10-28,Tchad,N'Djamena,Facebook,PME,Informatique,Dell Latitude,2,448533,15,762507,574029,188478,Espèces,Promo rentrée,3.6
CMD-101469,2023-10-26,Congo,Nkayi,Boutique physique,Particulier,Informatique,Imprimante Canon,11,119022,15,1112856,752458,360398,Carte bancaire,Black Friday,4.7
CMD-101470,2023-06-23,Cameroun,Bafoussam,Instagram,Particulier,Informatique,Clé USB 64GB,11,10215,15,95511,73563,21948,Carte bancaire,Soldes Ramadan,3.9
CMD-101471,2023-12-14,Gabon,Franceville,Instagram,PME,Électroménager,Ventilateur Binatone,3,25414,10,68618,47723,20895,Mobile Money,Soldes Ramadan,4.6
CMD-101472,2024-02-03,Tchad,N'Djamena,Site web,Particulier,Téléphones,Redmi Note 13,4,154934,0,619736,395897,223839,Espèces,Soldes Ramadan,3.1
CMD-101473,2024-09-17,Tchad,Sarh,Revendeur,Grande entreprise,Électroménager,Télévision Hisense 43,10,258393,0,2583930,2012617,571313,Mobile Money,Aucune campagne,3.0
CMD-101474,2024-12-08,Congo,Nkayi,Facebook,PME,Mode,Montre connectée,9,46639,0,419751,326352,93399,Espèces,Soldes Ramadan,5.0
CMD-101475,2025-01-10,Gabon,Port-Gentil,Instagram,Grande entreprise,Informatique,Clé USB 64GB,1,9958,0,9958,7680,2278,Carte bancaire,Promo WhatsApp,4.4
CMD-101476,2025-07-23,RCA,Bangui,Site web,Grande entreprise,Téléphones,iPhone 13,4,551674,0,2206696,1301316,905380,Espèces,Campagne Facebook Ads,4.9
CMD-101477,2023-05-05,Tchad,Sarh,Facebook,PME,Mode,Montre connectée,10,49532,0,495320,390755,104565,Carte bancaire,Campagne Facebook Ads,3.6
CMD-101478,2023-07-03,RDC,Kinshasa,Site web,Grande entreprise,Informatique,Clé USB 64GB,11,8409,5,87875,53848,34027,Virement bancaire,Soldes Ramadan,4.7
CMD-101479,2026-04-28,Gabon,Libreville,Site web,Particulier,Informatique,Dell Latitude,15,399392,10,5391792,3909848,1481944,Carte bancaire,Aucune campagne,3.9
CMD-101480,2023-11-18,Guinée équatoriale,Malabo,Site web,Particulier,Électroménager,Réfrigérateur LG,11,447250,5,4673763,2608532,2065231,Carte bancaire,Aucune campagne,4.9
CMD-101481,2023-01-31,Guinée équatoriale,Malabo,WhatsApp Business,Particulier,Alimentation,Huile 5L,3,8896,0,26688,20559,6129,Mobile Money,Promo rentrée,3.4
CMD-101482,2026-02-17,RCA,Berbérati,Revendeur,PME,Mode,Montre connectée,7,44575,0,312025,214404,97621,Virement bancaire,Promo rentrée,4.8
CMD-101483,2024-04-26,Congo,Pointe-Noire,Facebook,PME,Informatique,Dell Latitude,6,418290,0,2509740,1576032,933708,Carte bancaire,Soldes Ramadan,4.8
CMD-101484,2024-02-04,Congo,Pointe-Noire,Instagram,Grande entreprise,Mode,Chemise homme,7,19723,10,124255,89862,34393,Espèces,Campagne Facebook Ads,3.6
CMD-101485,2025-04-07,RCA,Bangui,Boutique physique,PME,Téléphones,Samsung Galaxy A15,4,102916,0,411664,277215,134449,Espèces,Fête de fin d'année,4.8
CMD-101486,2025-06-05,RCA,Berbérati,Revendeur,PME,Mode,Chaussures Nike,6,49768,15,253817,142757,111060,Virement bancaire,Fête de fin d'année,4.9
CMD-101487,2024-04-05,Congo,Pointe-Noire,Boutique physique,PME,Téléphones,Redmi Note 13,15,138983,0,2084745,1545669,539076,Espèces,Promo rentrée,5.0
CMD-101488,2026-02-24,RDC,Goma,Instagram,PME,Alimentation,Lait en poudre,1,6699,0,6699,4348,2351,Carte bancaire,Fête de fin d'année,4.5
CMD-101489,2025-12-17,Tchad,N'Djamena,Instagram,Grande entreprise,Mode,Montre connectée,3,47860,5,136401,103927,32474,Mobile Money,Promo WhatsApp,3.5
CMD-101490,2025-01-13,Tchad,Sarh,Boutique physique,Grande entreprise,Mode,Chaussures Nike,6,49921,10,269574,179472,90102,Virement bancaire,Promo WhatsApp,3.9
CMD-101491,2025-01-04,Congo,Brazzaville,Revendeur,Grande entreprise,Électroménager,Réfrigérateur LG,2,391933,15,666287,503899,162388,Carte bancaire,Promo WhatsApp,3.9
CMD-101492,2023-10-13,Congo,Dolisie,Instagram,PME,Téléphones,Samsung Galaxy A15,13,107910,10,1262547,820032,442515,Espèces,Aucune campagne,4.9
CMD-101493,2023-10-10,Gabon,Libreville,Instagram,Grande entreprise,Mode,Montre connectée,8,46689,0,373512,273097,100415,Carte bancaire,Campagne Facebook Ads,4.0
CMD-101494,2023-10-10,Congo,Pointe-Noire,WhatsApp Business,Particulier,Alimentation,Huile 5L,5,8768,15,37264,26453,10811,Carte bancaire,Aucune campagne,3.9
CMD-101495,2024-06-25,RDC,Goma,Facebook,PME,Alimentation,Riz 25kg,8,21920,15,149056,117462,31594,Carte bancaire,Promo rentrée,4.4
CMD-101496,2025-11-01,Guinée équatoriale,Bata,Site web,Particulier,Informatique,Imprimante Canon,8,133003,0,1064024,676846,387178,Carte bancaire,Campagne Facebook Ads,3.3
CMD-101497,2025-03-28,Guinée équatoriale,Bata,Revendeur,PME,Mode,Chaussures Nike,12,57399,15,585470,329877,255593,Virement bancaire,Fête de fin d'année,3.4
CMD-101498,2025-10-27,Congo,Nkayi,Site web,Grande entreprise,Électroménager,Mixeur Moulinex,14,32690,5,434777,355563,79214,Espèces,Soldes Ramadan,3.3
CMD-101499,2025-11-24,Guinée équatoriale,Bata,Revendeur,PME,Téléphones,Samsung Galaxy A15,2,97030,15,164951,132824,32127,Virement bancaire,Black Friday,3.4
CMD-101500,2025-02-03,Congo,Brazzaville,Boutique physique,Particulier,Mode,Chaussures Nike,7,62446,10,393410,314544,78866,Espèces,Aucune campagne,3.0
CMD-101501,2025-08-07,RCA,Bangui,Boutique physique,Grande entreprise,Téléphones,Samsung Galaxy A15,10,94330,0,943300,674283,269017,Mobile Money,Fête de fin d'année,4.8
CMD-101502,2026-03-12,Cameroun,Bafoussam,Boutique physique,Particulier,Téléphones,Samsung Galaxy A15,12,94114,5,1072900,605517,467383,Virement bancaire,Promo rentrée,3.3
CMD-101503,2023-06-27,Guinée équatoriale,Bata,Site web,PME,Alimentation,Boisson gazeuse,11,3162,5,33043,20461,12582,Espèces,Soldes Ramadan,4.8
CMD-101504,2025-04-24,Gabon,Libreville,Site web,PME,Électroménager,Ventilateur Binatone,7,29351,10,184912,112352,72560,Espèces,Promo WhatsApp,3.7
CMD-101505,2025-08-29,Guinée équatoriale,Malabo,Facebook,Grande entreprise,Mode,Chaussures Nike,10,60404,10,543636,434874,108762,Mobile Money,Black Friday,3.4
CMD-101506,2025-04-05,Guinée équatoriale,Malabo,WhatsApp Business,Particulier,Téléphones,iPhone 13,6,473902,0,2843412,2158617,684795,Virement bancaire,Fête de fin d'année,3.4
CMD-101507,2023-11-07,Cameroun,Garoua,Boutique physique,PME,Mode,Chemise homme,9,19637,0,176733,113302,63431,Espèces,Aucune campagne,3.8
CMD-101508,2024-05-29,RDC,Kinshasa,Site web,Grande entreprise,Mode,Montre connectée,4,50259,0,201036,164291,36745,Carte bancaire,Aucune campagne,4.8
CMD-101509,2024-09-02,Gabon,Libreville,WhatsApp Business,Grande entreprise,Informatique,Dell Latitude,7,474719,15,2824579,2292549,532030,Mobile Money,Fête de fin d'année,3.8
CMD-101510,2025-07-08,Gabon,Libreville,Facebook,Particulier,Mode,Montre connectée,15,46520,0,697800,457922,239878,Espèces,Promo WhatsApp,4.2
CMD-101511,2024-11-13,Cameroun,Yaoundé,Facebook,Particulier,Alimentation,Huile 5L,12,10508,10,113487,63460,50027,Mobile Money,Promo WhatsApp,4.8
CMD-101512,2025-08-05,RCA,Berbérati,Instagram,Particulier,Téléphones,Samsung Galaxy A15,15,91047,0,1365705,1118691,247014,Mobile Money,Black Friday,4.6
CMD-101513,2023-02-18,Gabon,Port-Gentil,Site web,PME,Mode,Montre connectée,1,51440,0,51440,30627,20813,Carte bancaire,Fête de fin d'année,3.8
CMD-101514,2025-06-15,Guinée équatoriale,Bata,Site web,PME,Téléphones,Tecno Spark 20,1,95475,15,81154,47597,33557,Mobile Money,Promo rentrée,4.8
CMD-101515,2024-01-10,Cameroun,Bafoussam,Facebook,Grande entreprise,Téléphones,Samsung Galaxy A15,6,88136,0,528816,414043,114773,Espèces,Promo WhatsApp,4.8
CMD-101516,2025-06-26,RCA,Berbérati,WhatsApp Business,PME,Téléphones,Redmi Note 13,5,127533,5,605782,349518,256264,Mobile Money,Fête de fin d'année,4.4
CMD-101517,2025-03-15,RCA,Berbérati,Revendeur,Grande entreprise,Téléphones,Tecno Spark 20,11,92458,0,1017038,572591,444447,Carte bancaire,Fête de fin d'année,3.6
CMD-101518,2024-03-15,Guinée équatoriale,Malabo,Site web,Grande entreprise,Électroménager,Réfrigérateur LG,1,407130,0,407130,326996,80134,Espèces,Promo rentrée,3.9
CMD-101519,2023-12-23,Congo,Dolisie,Facebook,PME,Alimentation,Riz 25kg,4,27542,0,110168,86783,23385,Carte bancaire,Fête de fin d'année,4.9
CMD-101520,2025-09-24,RCA,Berbérati,Site web,Particulier,Électroménager,Réfrigérateur LG,6,418731,0,2512386,1422054,1090332,Mobile Money,Promo WhatsApp,4.1
CMD-101521,2024-06-22,Tchad,Moundou,Revendeur,Particulier,Alimentation,Riz 25kg,2,24880,15,42296,28278,14018,Virement bancaire,Aucune campagne,3.1
CMD-101522,2025-02-06,Gabon,Franceville,Boutique physique,Particulier,Électroménager,Mixeur Moulinex,11,33196,0,365156,231079,134077,Virement bancaire,Promo WhatsApp,4.7
CMD-101523,2023-01-23,RDC,Matadi,WhatsApp Business,PME,Électroménager,Télévision Hisense 43,6,207462,0,1244772,897329,347443,Espèces,Fête de fin d'année,3.1
CMD-101524,2023-05-06,Cameroun,Bafoussam,Revendeur,Grande entreprise,Électroménager,Télévision Hisense 43,2,233414,0,466828,279918,186910,Carte bancaire,Black Friday,4.3
CMD-101525,2023-03-07,Guinée équatoriale,Malabo,Revendeur,PME,Informatique,Imprimante Canon,14,110857,0,1551998,1162526,389472,Mobile Money,Fête de fin d'année,4.1
CMD-101526,2023-08-27,Cameroun,Douala,Instagram,PME,Alimentation,Lait en poudre,9,6261,0,56349,33296,23053,Carte bancaire,Campagne Facebook Ads,3.2
CMD-101527,2026-02-26,Cameroun,Douala,Site web,PME,Informatique,Imprimante Canon,15,135362,0,2030430,1530221,500209,Espèces,Campagne Facebook Ads,4.1
CMD-101528,2025-03-20,Tchad,N'Djamena,WhatsApp Business,PME,Téléphones,Tecno Spark 20,10,92160,5,875520,555215,320305,Carte bancaire,Campagne Facebook Ads,3.1
CMD-101529,2025-08-06,Congo,Brazzaville,Revendeur,Grande entreprise,Mode,Chemise homme,6,18542,0,111252,68873,42379,Carte bancaire,Promo rentrée,4.8
CMD-101530,2023-01-13,RDC,Kinshasa,Instagram,Grande entreprise,Téléphones,iPhone 13,14,489073,15,5819969,4382566,1437403,Carte bancaire,Promo rentrée,3.4
CMD-101531,2025-09-28,RCA,Bangui,Revendeur,PME,Téléphones,iPhone 13,15,586350,0,8795250,6077593,2717657,Mobile Money,Promo WhatsApp,4.4
CMD-101532,2023-06-17,Congo,Pointe-Noire,Facebook,Grande entreprise,Alimentation,Lait en poudre,4,6720,0,26880,18777,8103,Virement bancaire,Soldes Ramadan,4.5
CMD-101533,2024-11-26,RDC,Lubumbashi,Instagram,Grande entreprise,Téléphones,Redmi Note 13,9,144086,15,1102258,621224,481034,Carte bancaire,Promo rentrée,4.8
CMD-101534,2025-11-08,Tchad,Moundou,Facebook,Particulier,Alimentation,Huile 5L,9,10707,5,91545,72575,18970,Mobile Money,Aucune campagne,3.6
CMD-101535,2024-08-26,Cameroun,Yaoundé,Revendeur,Particulier,Mode,Sac à main,1,29231,10,26308,15987,10321,Carte bancaire,Soldes Ramadan,4.1
CMD-101536,2023-09-27,Cameroun,Douala,Site web,Grande entreprise,Informatique,HP EliteBook,5,368480,0,1842400,1339065,503335,Mobile Money,Promo rentrée,4.8
CMD-101537,2023-01-27,RDC,Goma,Revendeur,Particulier,Alimentation,Huile 5L,12,8574,0,102888,77026,25862,Mobile Money,Fête de fin d'année,3.3
CMD-101538,2023-09-18,RCA,Bangui,Boutique physique,Particulier,Électroménager,Mixeur Moulinex,3,37773,5,107654,69649,38005,Espèces,Soldes Ramadan,4.4
CMD-101539,2025-03-21,Cameroun,Douala,Revendeur,Particulier,Électroménager,Réfrigérateur LG,7,413223,0,2892561,1908895,983666,Espèces,Soldes Ramadan,3.4
CMD-101540,2026-01-05,Guinée équatoriale,Malabo,Boutique physique,Grande entreprise,Mode,Montre connectée,8,47470,10,341784,196835,144949,Mobile Money,Soldes Ramadan,3.4
CMD-101541,2023-11-22,Cameroun,Douala,Site web,Particulier,Mode,Chaussures Nike,8,53604,10,385949,216531,169418,Mobile Money,Campagne Facebook Ads,4.2
CMD-101542,2026-03-08,Congo,Dolisie,WhatsApp Business,Particulier,Électroménager,Télévision Hisense 43,2,242655,5,461045,273766,187279,Virement bancaire,Promo WhatsApp,3.2
CMD-101543,2025-03-16,Congo,Pointe-Noire,Boutique physique,PME,Informatique,Clé USB 64GB,9,10090,5,86270,67047,19223,Carte bancaire,Soldes Ramadan,3.9
CMD-101544,2024-06-05,RDC,Lubumbashi,Boutique physique,PME,Téléphones,Redmi Note 13,6,138658,0,831948,588127,243821,Virement bancaire,Promo WhatsApp,3.6
CMD-101545,2024-09-11,Cameroun,Garoua,Instagram,Particulier,Alimentation,Huile 5L,12,9083,5,103547,66562,36985,Virement bancaire,Black Friday,4.3
CMD-101546,2023-10-28,Cameroun,Yaoundé,Instagram,Grande entreprise,Mode,Sac à main,7,35856,0,250992,144040,106952,Carte bancaire,Campagne Facebook Ads,3.5
CMD-101547,2025-11-17,RCA,Berbérati,Boutique physique,Grande entreprise,Alimentation,Boisson gazeuse,5,3739,0,18695,13710,4985,Virement bancaire,Aucune campagne,4.3
CMD-101548,2023-06-23,RCA,Bangui,Site web,Grande entreprise,Alimentation,Lait en poudre,3,6889,15,17567,11137,6430,Virement bancaire,Fête de fin d'année,4.3
CMD-101549,2024-07-30,Cameroun,Yaoundé,WhatsApp Business,PME,Alimentation,Boisson gazeuse,13,3359,0,43667,32507,11160,Mobile Money,Fête de fin d'année,4.9
CMD-101550,2024-05-08,Tchad,N'Djamena,Revendeur,PME,Électroménager,Mixeur Moulinex,5,39805,0,199025,152932,46093,Virement bancaire,Promo WhatsApp,3.2
CMD-101551,2026-02-28,Congo,Dolisie,Instagram,PME,Informatique,Imprimante Canon,14,122007,15,1451884,951578,500306,Virement bancaire,Promo WhatsApp,4.4
CMD-101552,2026-03-01,Tchad,Sarh,Facebook,PME,Informatique,Imprimante Canon,4,118814,0,475256,317413,157843,Virement bancaire,Soldes Ramadan,3.9
CMD-101553,2023-12-29,Tchad,Sarh,Facebook,Particulier,Mode,Chaussures Nike,7,52368,0,366576,214134,152442,Mobile Money,Aucune campagne,3.7
CMD-101554,2024-10-23,Gabon,Franceville,Facebook,Grande entreprise,Informatique,HP EliteBook,14,374460,5,4980318,3540533,1439785,Virement bancaire,Promo WhatsApp,4.6
CMD-101555,2024-07-19,Gabon,Port-Gentil,Facebook,Grande entreprise,Électroménager,Réfrigérateur LG,14,474876,0,6648264,4470053,2178211,Mobile Money,Fête de fin d'année,3.3
CMD-101556,2026-04-10,Cameroun,Bafoussam,WhatsApp Business,PME,Téléphones,iPhone 13,1,597700,0,597700,433738,163962,Mobile Money,Fête de fin d'année,3.4
CMD-101557,2024-03-26,Guinée équatoriale,Bata,Instagram,Particulier,Informatique,Dell Latitude,12,463007,5,5278280,3710494,1567786,Mobile Money,Soldes Ramadan,4.3
CMD-101558,2023-10-18,Congo,Pointe-Noire,Boutique physique,PME,Alimentation,Riz 25kg,8,27240,0,217920,173972,43948,Virement bancaire,Promo rentrée,4.9
CMD-101559,2023-12-27,Tchad,Moundou,Site web,PME,Informatique,Dell Latitude,4,416088,15,1414700,884791,529909,Espèces,Fête de fin d'année,3.9
CMD-101560,2023-02-21,Guinée équatoriale,Bata,Instagram,PME,Téléphones,Samsung Galaxy A15,8,90107,0,720856,565740,155116,Carte bancaire,Black Friday,4.4
CMD-101561,2024-01-21,RDC,Matadi,Boutique physique,Particulier,Mode,Sac à main,10,32239,15,274032,174683,99349,Espèces,Promo rentrée,3.4
CMD-101562,2025-01-22,RCA,Bangui,Site web,Grande entreprise,Informatique,Dell Latitude,14,424129,10,5344026,3029945,2314081,Mobile Money,Promo rentrée,3.7
CMD-101563,2025-08-06,Congo,Brazzaville,WhatsApp Business,Particulier,Mode,Sac à main,12,29824,0,357888,214841,143047,Virement bancaire,Promo rentrée,4.3
CMD-101564,2023-06-27,Tchad,Moundou,WhatsApp Business,Particulier,Électroménager,Réfrigérateur LG,13,474439,5,5859322,4059651,1799671,Carte bancaire,Promo rentrée,4.0
CMD-101565,2023-12-27,Cameroun,Bafoussam,Boutique physique,Grande entreprise,Alimentation,Boisson gazeuse,6,3770,10,20358,15459,4899,Carte bancaire,Aucune campagne,4.8
CMD-101566,2024-03-12,RCA,Berbérati,WhatsApp Business,Particulier,Électroménager,Télévision Hisense 43,3,248350,10,670545,432573,237972,Carte bancaire,Soldes Ramadan,4.8
CMD-101567,2024-08-11,RCA,Berbérati,Instagram,Grande entreprise,Électroménager,Mixeur Moulinex,15,36069,10,486932,290728,196204,Carte bancaire,Campagne Facebook Ads,3.7
CMD-101568,2023-03-13,Gabon,Libreville,Boutique physique,Particulier,Électroménager,Mixeur Moulinex,7,35234,10,221975,143063,78912,Virement bancaire,Promo rentrée,3.9
CMD-101569,2024-02-14,Tchad,N'Djamena,Boutique physique,Particulier,Mode,Montre connectée,13,54715,10,640166,491564,148602,Virement bancaire,Promo rentrée,3.8
CMD-101570,2026-02-17,Cameroun,Bafoussam,Revendeur,Particulier,Téléphones,iPhone 13,11,577891,10,5721121,3489944,2231177,Mobile Money,Campagne Facebook Ads,4.4
CMD-101571,2024-06-21,RDC,Matadi,WhatsApp Business,Particulier,Informatique,Imprimante Canon,13,120076,0,1560988,995230,565758,Carte bancaire,Black Friday,3.3
CMD-101572,2026-03-05,Cameroun,Douala,Revendeur,Grande entreprise,Téléphones,iPhone 13,5,597627,0,2988135,2095452,892683,Carte bancaire,Black Friday,3.3
CMD-101573,2024-11-22,RCA,Berbérati,Revendeur,Particulier,Mode,Chaussures Nike,7,52016,10,327701,268086,59615,Virement bancaire,Black Friday,3.4
CMD-101574,2025-03-23,Guinée équatoriale,Bata,Instagram,PME,Électroménager,Réfrigérateur LG,14,446014,10,5619777,3174971,2444806,Mobile Money,Campagne Facebook Ads,4.4
CMD-101575,2026-02-24,Cameroun,Douala,Boutique physique,Grande entreprise,Mode,Chemise homme,4,20055,0,80220,60845,19375,Mobile Money,Black Friday,3.6
CMD-101576,2024-04-14,Guinée équatoriale,Bata,Revendeur,PME,Électroménager,Ventilateur Binatone,11,25601,0,281611,205371,76240,Espèces,Promo WhatsApp,4.1
CMD-101577,2023-12-23,Congo,Dolisie,Revendeur,Particulier,Informatique,Clé USB 64GB,1,8913,0,8913,6270,2643,Espèces,Promo rentrée,4.9
CMD-101578,2025-05-27,RDC,Goma,Site web,Grande entreprise,Téléphones,Samsung Galaxy A15,10,103702,15,881467,566254,315213,Mobile Money,Aucune campagne,3.5
CMD-101579,2024-01-14,RCA,Berbérati,Boutique physique,Particulier,Alimentation,Huile 5L,10,9312,10,83808,57332,26476,Mobile Money,Fête de fin d'année,3.1
CMD-101580,2023-10-06,Cameroun,Bafoussam,Boutique physique,Particulier,Électroménager,Réfrigérateur LG,2,443388,15,753760,515538,238222,Espèces,Promo rentrée,4.5
CMD-101581,2023-03-16,Cameroun,Yaoundé,Site web,PME,Mode,Montre connectée,8,49583,15,337165,226761,110404,Carte bancaire,Promo rentrée,4.1
CMD-101582,2024-01-15,Cameroun,Bafoussam,Revendeur,PME,Mode,Montre connectée,4,44158,10,158969,129714,29255,Mobile Money,Promo WhatsApp,3.3
CMD-101583,2024-03-01,Gabon,Franceville,Revendeur,Grande entreprise,Alimentation,Lait en poudre,11,6735,0,74085,45492,28593,Espèces,Black Friday,4.9
CMD-101584,2026-03-30,Congo,Pointe-Noire,WhatsApp Business,Particulier,Mode,Chemise homme,5,17047,10,76712,56112,20600,Mobile Money,Black Friday,4.3
CMD-101585,2025-02-13,Congo,Brazzaville,Facebook,Grande entreprise,Téléphones,Samsung Galaxy A15,6,105501,0,633006,431265,201741,Virement bancaire,Campagne Facebook Ads,3.5
CMD-101586,2024-09-19,Gabon,Port-Gentil,Revendeur,PME,Téléphones,Samsung Galaxy A15,1,88831,10,79948,53993,25955,Virement bancaire,Promo WhatsApp,3.6
CMD-101587,2024-02-17,Gabon,Franceville,Facebook,PME,Mode,Montre connectée,15,46914,0,703710,466801,236909,Mobile Money,Fête de fin d'année,3.8
CMD-101588,2025-08-21,Guinée équatoriale,Bata,Site web,Grande entreprise,Téléphones,Samsung Galaxy A15,7,91301,0,639107,472132,166975,Virement bancaire,Fête de fin d'année,3.4
CMD-101589,2026-03-04,Tchad,Moundou,WhatsApp Business,Grande entreprise,Alimentation,Huile 5L,8,9598,0,76784,60531,16253,Virement bancaire,Black Friday,4.3
CMD-101590,2024-12-17,Gabon,Libreville,Site web,Particulier,Téléphones,iPhone 13,10,528573,0,5285730,3162962,2122768,Virement bancaire,Promo WhatsApp,3.2
CMD-101591,2025-12-10,RCA,Bangui,Site web,Grande entreprise,Mode,Chemise homme,4,20643,0,82572,59105,23467,Espèces,Aucune campagne,4.2
CMD-101592,2024-06-20,RDC,Goma,Facebook,Grande entreprise,Informatique,Clé USB 64GB,11,9077,0,99847,81129,18718,Carte bancaire,Fête de fin d'année,4.7
CMD-101593,2026-04-21,RCA,Berbérati,Site web,Particulier,Téléphones,iPhone 13,10,483770,10,4353930,3485585,868345,Espèces,Fête de fin d'année,3.5
CMD-101594,2025-12-12,Tchad,Moundou,Revendeur,Grande entreprise,Informatique,Dell Latitude,10,470496,5,4469712,2776694,1693018,Carte bancaire,Black Friday,4.5
CMD-101595,2024-03-23,Cameroun,Douala,Revendeur,Grande entreprise,Alimentation,Boisson gazeuse,9,3517,10,28488,21229,7259,Espèces,Promo rentrée,5.0
CMD-101596,2023-12-21,Cameroun,Yaoundé,Instagram,Particulier,Téléphones,Samsung Galaxy A15,15,103555,5,1475659,863045,612614,Virement bancaire,Fête de fin d'année,3.2
CMD-101597,2025-08-25,Gabon,Franceville,WhatsApp Business,Particulier,Informatique,Dell Latitude,5,444181,5,2109860,1371507,738353,Mobile Money,Black Friday,4.6
CMD-101598,2023-05-12,Congo,Pointe-Noire,Site web,Particulier,Informatique,Imprimante Canon,10,120985,0,1209850,790038,419812,Mobile Money,Campagne Facebook Ads,3.3
CMD-101599,2025-08-03,Congo,Brazzaville,Instagram,PME,Informatique,HP EliteBook,3,415984,0,1247952,933638,314314,Virement bancaire,Black Friday,3.7
CMD-101600,2023-06-11,Gabon,Franceville,Site web,Particulier,Informatique,Clé USB 64GB,1,9349,5,8882,7213,1669,Mobile Money,Fête de fin d'année,4.8
CMD-101601,2024-03-29,RCA,Berbérati,WhatsApp Business,Grande entreprise,Alimentation,Boisson gazeuse,4,3376,0,13504,8873,4631,Espèces,Promo rentrée,3.2
CMD-101602,2023-03-10,Cameroun,Garoua,WhatsApp Business,PME,Électroménager,Mixeur Moulinex,14,35064,15,417262,312960,104302,Virement bancaire,Fête de fin d'année,4.7
CMD-101603,2025-07-12,Cameroun,Garoua,Instagram,Grande entreprise,Mode,Sac à main,11,29662,0,326282,199892,126390,Virement bancaire,Campagne Facebook Ads,4.4
CMD-101604,2024-07-28,Guinée équatoriale,Malabo,Site web,Particulier,Téléphones,iPhone 13,12,560020,0,6720240,4728709,1991531,Carte bancaire,Campagne Facebook Ads,3.8
CMD-101605,2023-03-18,RCA,Bangui,Facebook,Particulier,Mode,Montre connectée,15,46632,5,664506,412753,251753,Carte bancaire,Black Friday,3.6
CMD-101606,2025-05-14,Tchad,Moundou,WhatsApp Business,PME,Téléphones,Tecno Spark 20,3,93820,10,253314,203909,49405,Espèces,Soldes Ramadan,3.8
CMD-101607,2024-04-23,Guinée équatoriale,Malabo,Boutique physique,Particulier,Électroménager,Mixeur Moulinex,3,36052,0,108156,77696,30460,Espèces,Promo WhatsApp,3.0
CMD-101608,2024-06-03,Tchad,N'Djamena,Instagram,Particulier,Électroménager,Mixeur Moulinex,15,31587,0,473805,288667,185138,Mobile Money,Soldes Ramadan,3.8
CMD-101609,2024-12-12,RDC,Matadi,Facebook,Particulier,Informatique,HP EliteBook,8,423310,0,3386480,2572013,814467,Mobile Money,Black Friday,4.5
CMD-101610,2026-04-06,Gabon,Franceville,Facebook,PME,Informatique,Dell Latitude,1,386215,0,386215,307335,78880,Carte bancaire,Black Friday,4.1
CMD-101611,2026-04-05,Congo,Brazzaville,Boutique physique,Particulier,Informatique,Dell Latitude,1,391340,0,391340,263677,127663,Virement bancaire,Soldes Ramadan,4.6
CMD-101612,2025-04-27,Cameroun,Yaoundé,Facebook,Grande entreprise,Électroménager,Télévision Hisense 43,1,257662,0,257662,172278,85384,Virement bancaire,Soldes Ramadan,4.8
CMD-101613,2024-01-10,Guinée équatoriale,Malabo,Boutique physique,PME,Mode,Montre connectée,6,53098,5,302659,175113,127546,Espèces,Soldes Ramadan,4.9
CMD-101614,2024-11-26,Tchad,N'Djamena,Boutique physique,Particulier,Alimentation,Lait en poudre,3,7131,5,20324,14629,5695,Carte bancaire,Fête de fin d'année,4.0
CMD-101615,2024-06-05,Tchad,N'Djamena,Revendeur,Grande entreprise,Alimentation,Boisson gazeuse,7,3494,10,22013,13781,8232,Carte bancaire,Black Friday,4.8
CMD-101616,2023-07-24,RDC,Lubumbashi,Boutique physique,Particulier,Électroménager,Ventilateur Binatone,10,30585,0,305850,233821,72029,Mobile Money,Aucune campagne,3.3
CMD-101617,2023-06-01,RDC,Kinshasa,Boutique physique,PME,Électroménager,Télévision Hisense 43,12,238785,15,2435607,1743484,692123,Espèces,Soldes Ramadan,3.9
CMD-101618,2024-12-27,Congo,Brazzaville,Facebook,Grande entreprise,Alimentation,Huile 5L,6,8795,10,47493,34036,13457,Mobile Money,Promo WhatsApp,3.4
CMD-101619,2024-05-26,Congo,Brazzaville,Instagram,Particulier,Électroménager,Mixeur Moulinex,15,35807,5,510250,383747,126503,Carte bancaire,Promo rentrée,3.4
CMD-101620,2024-06-17,Gabon,Port-Gentil,Revendeur,PME,Électroménager,Mixeur Moulinex,2,34787,5,66096,48472,17624,Carte bancaire,Black Friday,4.2
CMD-101621,2023-02-07,RCA,Bangui,Site web,PME,Alimentation,Huile 5L,4,10868,0,43472,27454,16018,Espèces,Promo rentrée,3.6
CMD-101622,2025-11-05,Gabon,Port-Gentil,Boutique physique,Grande entreprise,Téléphones,Tecno Spark 20,1,94778,10,85301,62648,22653,Espèces,Black Friday,4.4
CMD-101623,2024-03-04,Guinée équatoriale,Bata,Site web,Grande entreprise,Mode,Chemise homme,10,19358,0,193580,127232,66348,Espèces,Promo WhatsApp,3.3
CMD-101624,2023-11-24,Cameroun,Garoua,Site web,Particulier,Électroménager,Ventilateur Binatone,15,28686,0,430290,328996,101294,Mobile Money,Promo WhatsApp,4.8
CMD-101625,2025-01-25,Congo,Nkayi,WhatsApp Business,Particulier,Informatique,HP EliteBook,3,418904,0,1256712,700616,556096,Espèces,Promo rentrée,4.1
CMD-101626,2026-04-06,Congo,Dolisie,Instagram,Particulier,Mode,Sac à main,1,30013,0,30013,19066,10947,Virement bancaire,Soldes Ramadan,3.8
CMD-101627,2024-01-04,RCA,Bangui,Instagram,Particulier,Mode,Sac à main,14,33779,0,472906,344891,128015,Espèces,Soldes Ramadan,3.1
CMD-101628,2024-02-24,Gabon,Franceville,WhatsApp Business,Grande entreprise,Alimentation,Riz 25kg,11,25612,0,281732,162338,119394,Mobile Money,Promo rentrée,4.4
CMD-101629,2023-06-21,Gabon,Franceville,WhatsApp Business,Particulier,Alimentation,Huile 5L,12,10581,0,126972,97909,29063,Carte bancaire,Campagne Facebook Ads,3.4
CMD-101630,2026-01-17,Congo,Dolisie,Instagram,PME,Informatique,HP EliteBook,12,377386,0,4528632,3554193,974439,Espèces,Promo rentrée,3.8
CMD-101631,2024-09-17,Congo,Pointe-Noire,Revendeur,Particulier,Alimentation,Boisson gazeuse,5,3636,0,18180,11910,6270,Mobile Money,Campagne Facebook Ads,4.5
CMD-101632,2024-10-04,RDC,Lubumbashi,Revendeur,PME,Alimentation,Lait en poudre,8,6887,5,52342,32244,20098,Virement bancaire,Fête de fin d'année,4.0
CMD-101633,2024-01-05,Guinée équatoriale,Bata,WhatsApp Business,Grande entreprise,Informatique,HP EliteBook,10,383357,0,3833570,2333808,1499762,Virement bancaire,Campagne Facebook Ads,3.2
CMD-101634,2024-08-05,Cameroun,Yaoundé,Facebook,Grande entreprise,Téléphones,Tecno Spark 20,3,76863,15,196001,111185,84816,Carte bancaire,Campagne Facebook Ads,3.3
CMD-101635,2025-04-12,Congo,Dolisie,Site web,Grande entreprise,Mode,Chaussures Nike,2,55977,10,100759,67564,33195,Espèces,Aucune campagne,4.2
CMD-101636,2025-06-03,RCA,Bangui,Boutique physique,Grande entreprise,Électroménager,Mixeur Moulinex,2,37934,0,75868,42895,32973,Carte bancaire,Soldes Ramadan,3.8
CMD-101637,2024-02-01,Congo,Pointe-Noire,WhatsApp Business,Particulier,Téléphones,iPhone 13,15,493572,0,7403580,5149894,2253686,Mobile Money,Fête de fin d'année,4.1
CMD-101638,2026-01-31,RCA,Bangui,Facebook,Grande entreprise,Informatique,Dell Latitude,5,403648,10,1816416,1439998,376418,Carte bancaire,Promo WhatsApp,4.4
CMD-101639,2023-12-02,Guinée équatoriale,Malabo,Instagram,Particulier,Alimentation,Riz 25kg,1,24306,10,21876,16151,5725,Carte bancaire,Black Friday,4.6
CMD-101640,2025-09-17,Guinée équatoriale,Malabo,Revendeur,Particulier,Alimentation,Lait en poudre,11,7133,0,78463,47698,30765,Espèces,Soldes Ramadan,3.8
CMD-101641,2023-08-11,Congo,Nkayi,Boutique physique,Particulier,Électroménager,Ventilateur Binatone,8,25933,5,197091,137782,59309,Carte bancaire,Soldes Ramadan,3.0
CMD-101642,2025-11-06,Tchad,N'Djamena,WhatsApp Business,PME,Électroménager,Mixeur Moulinex,12,36826,0,441912,323354,118558,Carte bancaire,Promo WhatsApp,4.5
CMD-101643,2023-02-10,RCA,Bangui,Instagram,PME,Alimentation,Lait en poudre,6,7000,15,35700,28705,6995,Virement bancaire,Promo rentrée,3.8
CMD-101644,2026-01-07,RCA,Bangui,Revendeur,PME,Mode,Chemise homme,14,18819,0,263466,190063,73403,Carte bancaire,Campagne Facebook Ads,4.0
CMD-101645,2024-12-22,Congo,Brazzaville,Instagram,Grande entreprise,Mode,Montre connectée,7,44601,10,280987,207254,73733,Carte bancaire,Aucune campagne,4.9
CMD-101646,2023-11-05,RCA,Berbérati,Instagram,PME,Informatique,Clé USB 64GB,3,9752,0,29256,23916,5340,Virement bancaire,Aucune campagne,4.4
CMD-101647,2024-02-23,RDC,Lubumbashi,Site web,Grande entreprise,Alimentation,Boisson gazeuse,10,3875,0,38750,24698,14052,Carte bancaire,Fête de fin d'année,3.6
CMD-101648,2025-06-29,Gabon,Libreville,WhatsApp Business,Grande entreprise,Alimentation,Boisson gazeuse,11,3530,15,33006,18233,14773,Mobile Money,Promo WhatsApp,4.5
CMD-101649,2024-09-15,Gabon,Franceville,Instagram,Grande entreprise,Mode,Sac à main,13,33738,5,416665,295570,121095,Virement bancaire,Promo WhatsApp,3.1
CMD-101650,2024-12-21,Congo,Pointe-Noire,Site web,PME,Alimentation,Lait en poudre,5,6964,5,33079,20470,12609,Virement bancaire,Fête de fin d'année,4.4
CMD-101651,2025-07-27,Congo,Brazzaville,Revendeur,PME,Alimentation,Boisson gazeuse,2,3509,0,7018,4407,2611,Carte bancaire,Promo WhatsApp,4.0
CMD-101652,2024-10-09,RCA,Bangui,Site web,Particulier,Mode,Chemise homme,13,18829,0,244777,152155,92622,Virement bancaire,Promo rentrée,3.0
CMD-101653,2025-03-30,Gabon,Libreville,Site web,Particulier,Téléphones,Samsung Galaxy A15,3,94963,5,270645,151710,118935,Mobile Money,Campagne Facebook Ads,3.6
CMD-101654,2026-01-10,Tchad,N'Djamena,WhatsApp Business,Grande entreprise,Informatique,Imprimante Canon,6,123602,0,741612,407995,333617,Mobile Money,Fête de fin d'année,4.1
CMD-101655,2023-08-06,RDC,Goma,Instagram,Particulier,Alimentation,Huile 5L,10,9963,5,94649,58750,35899,Mobile Money,Black Friday,4.1
CMD-101656,2025-03-10,RDC,Goma,Instagram,Particulier,Téléphones,Samsung Galaxy A15,1,90555,15,76972,49502,27470,Espèces,Soldes Ramadan,4.5
CMD-101657,2024-01-28,Cameroun,Douala,Site web,Grande entreprise,Informatique,Clé USB 64GB,5,8318,0,41590,31490,10100,Espèces,Promo WhatsApp,4.7
CMD-101658,2025-12-23,RDC,Kinshasa,Instagram,Grande entreprise,Alimentation,Lait en poudre,15,7021,0,105315,76509,28806,Mobile Money,Promo rentrée,3.9
CMD-101659,2024-08-28,Congo,Brazzaville,Facebook,Particulier,Mode,Chemise homme,15,19295,0,289425,177229,112196,Mobile Money,Promo WhatsApp,3.6
CMD-101660,2025-02-05,RDC,Goma,Boutique physique,PME,Informatique,Clé USB 64GB,9,10130,5,86612,66777,19835,Carte bancaire,Campagne Facebook Ads,3.3
CMD-101661,2025-09-05,Guinée équatoriale,Malabo,Instagram,Particulier,Téléphones,iPhone 13,15,512745,10,6922058,4622347,2299711,Carte bancaire,Campagne Facebook Ads,3.3
CMD-101662,2024-08-26,Cameroun,Douala,Boutique physique,PME,Alimentation,Riz 25kg,6,23015,15,117377,85078,32299,Virement bancaire,Fête de fin d'année,3.9
CMD-101663,2025-06-14,RDC,Matadi,Boutique physique,Particulier,Informatique,Imprimante Canon,11,131564,0,1447204,1029349,417855,Carte bancaire,Fête de fin d'année,3.7
CMD-101664,2023-12-07,Congo,Nkayi,Site web,Particulier,Téléphones,Tecno Spark 20,5,83576,0,417880,254448,163432,Mobile Money,Soldes Ramadan,4.4
CMD-101665,2025-08-25,Cameroun,Bafoussam,Revendeur,Particulier,Électroménager,Mixeur Moulinex,2,39642,0,79284,63499,15785,Virement bancaire,Promo WhatsApp,3.5
CMD-101666,2024-10-19,Cameroun,Bafoussam,WhatsApp Business,Particulier,Informatique,Dell Latitude,10,414383,0,4143830,3076125,1067705,Espèces,Black Friday,4.1
CMD-101667,2025-01-24,RCA,Berbérati,Instagram,Particulier,Électroménager,Télévision Hisense 43,2,230349,10,414629,264730,149899,Mobile Money,Fête de fin d'année,4.2
CMD-101668,2024-07-05,Congo,Pointe-Noire,Facebook,Grande entreprise,Informatique,Imprimante Canon,10,110782,5,1052429,707873,344556,Carte bancaire,Fête de fin d'année,3.9
CMD-101669,2024-08-28,Guinée équatoriale,Malabo,Instagram,Particulier,Informatique,Clé USB 64GB,14,9290,15,110551,86269,24282,Espèces,Aucune campagne,3.2
CMD-101670,2024-11-13,Gabon,Franceville,Site web,Grande entreprise,Alimentation,Lait en poudre,4,6272,10,22580,13657,8923,Mobile Money,Black Friday,3.5
CMD-101671,2024-05-05,Cameroun,Douala,Site web,Grande entreprise,Alimentation,Huile 5L,7,8747,0,61229,45056,16173,Carte bancaire,Promo WhatsApp,4.7
CMD-101672,2023-12-23,Congo,Nkayi,Instagram,Particulier,Alimentation,Huile 5L,13,10719,0,139347,89907,49440,Mobile Money,Fête de fin d'année,4.0
CMD-101673,2024-09-18,Guinée équatoriale,Bata,Revendeur,Particulier,Électroménager,Télévision Hisense 43,11,210599,0,2316589,1350574,966015,Espèces,Soldes Ramadan,3.8
CMD-101674,2025-09-06,Cameroun,Bafoussam,Facebook,PME,Alimentation,Riz 25kg,2,24671,0,49342,31884,17458,Virement bancaire,Promo rentrée,3.4
CMD-101675,2023-05-14,RCA,Berbérati,WhatsApp Business,Particulier,Mode,Montre connectée,15,45151,5,643402,456165,187237,Virement bancaire,Black Friday,5.0
CMD-101676,2024-11-30,Tchad,Sarh,Site web,Grande entreprise,Alimentation,Boisson gazeuse,15,3479,5,49576,30773,18803,Mobile Money,Soldes Ramadan,3.1
CMD-101677,2024-04-24,Congo,Pointe-Noire,Revendeur,Grande entreprise,Téléphones,iPhone 13,8,497623,0,3980984,2760608,1220376,Espèces,Black Friday,4.7
CMD-101678,2024-08-26,Congo,Pointe-Noire,Revendeur,Grande entreprise,Alimentation,Lait en poudre,11,6698,0,73678,43908,29770,Espèces,Aucune campagne,3.8
CMD-101679,2025-10-01,Guinée équatoriale,Bata,Revendeur,Grande entreprise,Alimentation,Boisson gazeuse,8,3299,0,26392,20386,6006,Espèces,Campagne Facebook Ads,3.7
CMD-101680,2025-06-22,Tchad,N'Djamena,Instagram,Grande entreprise,Alimentation,Riz 25kg,14,25154,0,352156,207326,144830,Mobile Money,Campagne Facebook Ads,4.5
CMD-101681,2025-08-04,Cameroun,Garoua,Facebook,Grande entreprise,Alimentation,Huile 5L,11,9995,5,104448,82790,21658,Espèces,Fête de fin d'année,3.0
CMD-101682,2025-03-12,Gabon,Libreville,Boutique physique,Particulier,Informatique,Dell Latitude,7,430115,0,3010805,2081157,929648,Carte bancaire,Soldes Ramadan,5.0
CMD-101683,2023-06-17,Cameroun,Douala,Site web,PME,Électroménager,Télévision Hisense 43,13,231979,10,2714155,1576383,1137772,Mobile Money,Fête de fin d'année,4.2
CMD-101684,2026-03-19,Gabon,Franceville,WhatsApp Business,Particulier,Téléphones,Samsung Galaxy A15,12,104379,15,1064666,849143,215523,Virement bancaire,Promo WhatsApp,4.3
CMD-101685,2026-04-13,Tchad,N'Djamena,Facebook,Particulier,Informatique,Imprimante Canon,3,124808,5,355703,284436,71267,Espèces,Soldes Ramadan,3.4
CMD-101686,2023-09-17,Tchad,Sarh,Boutique physique,Grande entreprise,Téléphones,Redmi Note 13,12,126416,15,1289444,820051,469393,Mobile Money,Promo rentrée,4.3
CMD-101687,2026-03-20,Tchad,N'Djamena,Facebook,Particulier,Alimentation,Riz 25kg,1,23091,10,20782,12135,8647,Espèces,Fête de fin d'année,5.0
CMD-101688,2025-12-31,Congo,Brazzaville,Site web,Grande entreprise,Mode,Chaussures Nike,10,50312,10,452808,289156,163652,Mobile Money,Promo rentrée,4.6
CMD-101689,2023-05-23,Gabon,Port-Gentil,Revendeur,Grande entreprise,Téléphones,Tecno Spark 20,5,81008,5,384788,233095,151693,Virement bancaire,Black Friday,4.8
CMD-101690,2025-04-01,RDC,Matadi,WhatsApp Business,PME,Électroménager,Ventilateur Binatone,2,26719,0,53438,36744,16694,Carte bancaire,Campagne Facebook Ads,4.1
CMD-101691,2024-08-20,Tchad,N'Djamena,WhatsApp Business,Particulier,Téléphones,iPhone 13,9,509828,5,4359030,2503800,1855230,Espèces,Campagne Facebook Ads,3.9
CMD-101692,2023-08-25,RDC,Matadi,Facebook,Particulier,Électroménager,Ventilateur Binatone,10,26501,0,265010,202271,62739,Virement bancaire,Soldes Ramadan,3.2
CMD-101693,2023-11-21,Tchad,N'Djamena,Instagram,Grande entreprise,Électroménager,Mixeur Moulinex,8,35753,5,271723,151514,120209,Virement bancaire,Promo WhatsApp,4.1
CMD-101694,2024-06-09,Congo,Dolisie,Revendeur,Grande entreprise,Électroménager,Télévision Hisense 43,3,236971,5,675368,518651,156717,Virement bancaire,Promo rentrée,3.1
CMD-101695,2024-09-05,Congo,Pointe-Noire,Facebook,Particulier,Alimentation,Lait en poudre,6,6881,0,41286,26438,14848,Espèces,Promo rentrée,3.8
CMD-101696,2023-10-20,Congo,Brazzaville,WhatsApp Business,PME,Alimentation,Riz 25kg,3,24542,0,73626,40658,32968,Carte bancaire,Campagne Facebook Ads,4.0
CMD-101697,2026-03-31,Tchad,N'Djamena,Facebook,Particulier,Informatique,Imprimante Canon,11,116117,0,1277287,884897,392390,Mobile Money,Aucune campagne,3.5
CMD-101698,2023-01-08,RDC,Kinshasa,WhatsApp Business,Grande entreprise,Mode,Montre connectée,7,46321,15,275610,215602,60008,Espèces,Aucune campagne,4.1
CMD-101699,2024-04-30,Tchad,Moundou,Facebook,Grande entreprise,Informatique,Imprimante Canon,13,136827,0,1778751,1389263,389488,Virement bancaire,Black Friday,4.7
CMD-101700,2025-05-20,Guinée équatoriale,Bata,Site web,Particulier,Téléphones,Redmi Note 13,5,157089,0,785445,568102,217343,Mobile Money,Campagne Facebook Ads,4.6
CMD-101701,2025-12-06,RDC,Goma,Site web,PME,Téléphones,Tecno Spark 20,5,96626,10,434817,298304,136513,Carte bancaire,Aucune campagne,4.8
CMD-101702,2025-08-30,RDC,Matadi,Facebook,Particulier,Informatique,Dell Latitude,12,402573,5,4589333,2875999,1713334,Carte bancaire,Soldes Ramadan,3.9
CMD-101703,2023-02-17,Congo,Pointe-Noire,WhatsApp Business,PME,Alimentation,Riz 25kg,6,22758,15,116066,91205,24861,Carte bancaire,Fête de fin d'année,3.4
CMD-101704,2024-04-21,Gabon,Libreville,Site web,Particulier,Téléphones,iPhone 13,2,553177,0,1106354,866094,240260,Espèces,Promo WhatsApp,4.8
CMD-101705,2025-10-10,RDC,Lubumbashi,Revendeur,PME,Téléphones,iPhone 13,13,504334,0,6556342,3706176,2850166,Mobile Money,Aucune campagne,4.4
CMD-101706,2023-05-02,Cameroun,Yaoundé,Revendeur,Grande entreprise,Informatique,Imprimante Canon,13,115205,10,1347899,975442,372457,Espèces,Promo rentrée,4.2
CMD-101707,2026-02-16,RCA,Bangui,Revendeur,PME,Électroménager,Télévision Hisense 43,9,261746,0,2355714,1669242,686472,Espèces,Campagne Facebook Ads,3.9
CMD-101708,2023-10-23,Tchad,Moundou,Boutique physique,PME,Électroménager,Mixeur Moulinex,3,34765,5,99081,77019,22062,Carte bancaire,Black Friday,3.4
CMD-101709,2023-07-23,RDC,Kinshasa,WhatsApp Business,Particulier,Téléphones,Samsung Galaxy A15,1,90069,5,85566,59209,26357,Virement bancaire,Promo rentrée,4.4
CMD-101710,2023-03-07,Cameroun,Bafoussam,WhatsApp Business,PME,Mode,Sac à main,1,36274,0,36274,27580,8694,Virement bancaire,Soldes Ramadan,4.2
CMD-101711,2023-01-21,Cameroun,Douala,Instagram,Grande entreprise,Alimentation,Boisson gazeuse,4,3508,10,12629,8935,3694,Espèces,Promo rentrée,3.7
CMD-101712,2023-02-23,Congo,Pointe-Noire,WhatsApp Business,Grande entreprise,Mode,Sac à main,3,31468,10,84964,68883,16081,Virement bancaire,Promo rentrée,4.6
CMD-101713,2025-02-18,Cameroun,Douala,Revendeur,Grande entreprise,Mode,Sac à main,3,29548,0,88644,61691,26953,Virement bancaire,Promo rentrée,4.1
CMD-101714,2024-07-26,RCA,Berbérati,Boutique physique,PME,Mode,Sac à main,3,29759,0,89277,56724,32553,Mobile Money,Aucune campagne,4.5
CMD-101715,2023-10-24,Cameroun,Douala,Facebook,PME,Mode,Chaussures Nike,8,53031,0,424248,279964,144284,Carte bancaire,Black Friday,4.7
CMD-101716,2026-04-18,Gabon,Libreville,Boutique physique,Particulier,Téléphones,Redmi Note 13,1,131042,0,131042,79668,51374,Mobile Money,Aucune campagne,3.5
CMD-101717,2024-01-10,Gabon,Port-Gentil,Revendeur,PME,Mode,Montre connectée,15,45363,10,612401,340558,271843,Espèces,Promo rentrée,3.8
CMD-101718,2026-02-15,Cameroun,Yaoundé,Revendeur,Particulier,Mode,Montre connectée,2,51018,10,91833,70798,21035,Espèces,Fête de fin d'année,3.0
CMD-101719,2026-03-23,Guinée équatoriale,Bata,Facebook,Grande entreprise,Alimentation,Boisson gazeuse,2,3484,0,6968,4031,2937,Mobile Money,Black Friday,4.3
CMD-101720,2026-01-02,Guinée équatoriale,Bata,Facebook,PME,Alimentation,Lait en poudre,13,6992,15,77262,55149,22113,Virement bancaire,Campagne Facebook Ads,4.8
CMD-101721,2025-10-21,Tchad,Sarh,Facebook,PME,Mode,Sac à main,4,32508,0,130032,103391,26641,Espèces,Promo rentrée,4.1
CMD-101722,2023-08-13,Tchad,Sarh,Instagram,PME,Électroménager,Ventilateur Binatone,14,29801,0,417214,339493,77721,Carte bancaire,Promo rentrée,4.1
CMD-101723,2024-02-17,RDC,Goma,Revendeur,Grande entreprise,Téléphones,Samsung Galaxy A15,7,99067,15,589449,445803,143646,Carte bancaire,Campagne Facebook Ads,3.8
CMD-101724,2023-03-22,Cameroun,Garoua,Boutique physique,Particulier,Électroménager,Télévision Hisense 43,9,222468,5,1902102,1185034,717068,Virement bancaire,Fête de fin d'année,4.0
CMD-101725,2023-12-07,Gabon,Port-Gentil,Revendeur,PME,Électroménager,Mixeur Moulinex,12,38987,0,467844,265640,202204,Carte bancaire,Campagne Facebook Ads,3.4
CMD-101726,2023-02-12,Congo,Dolisie,Site web,PME,Informatique,HP EliteBook,15,361773,0,5426595,2987525,2439070,Carte bancaire,Campagne Facebook Ads,3.0
CMD-101727,2025-11-23,Gabon,Franceville,Site web,Particulier,Mode,Montre connectée,4,50324,10,181167,99878,81289,Mobile Money,Fête de fin d'année,4.0
CMD-101728,2023-11-08,Congo,Nkayi,WhatsApp Business,Grande entreprise,Téléphones,Samsung Galaxy A15,10,108179,0,1081790,707285,374505,Virement bancaire,Black Friday,4.6
CMD-101729,2026-01-17,RDC,Matadi,Boutique physique,Grande entreprise,Alimentation,Riz 25kg,7,21653,15,128836,82576,46260,Virement bancaire,Promo WhatsApp,5.0
CMD-101730,2026-04-22,Gabon,Port-Gentil,Revendeur,Particulier,Électroménager,Réfrigérateur LG,1,380421,10,342379,263735,78644,Carte bancaire,Promo WhatsApp,4.0
CMD-101731,2024-10-13,Congo,Pointe-Noire,Site web,Grande entreprise,Électroménager,Ventilateur Binatone,2,31706,10,57071,44985,12086,Espèces,Soldes Ramadan,3.2
CMD-101732,2023-02-07,Gabon,Port-Gentil,Facebook,Grande entreprise,Alimentation,Huile 5L,13,9911,0,128843,76084,52759,Mobile Money,Promo rentrée,3.4
CMD-101733,2025-02-07,Gabon,Libreville,Site web,Grande entreprise,Informatique,Dell Latitude,5,421351,0,2106755,1412682,694073,Espèces,Fête de fin d'année,4.9
CMD-101734,2023-04-30,Tchad,Sarh,Facebook,Grande entreprise,Informatique,Clé USB 64GB,7,9093,15,54104,30541,23563,Mobile Money,Campagne Facebook Ads,4.1
CMD-101735,2024-08-14,Cameroun,Douala,WhatsApp Business,PME,Alimentation,Huile 5L,15,8877,0,133155,91690,41465,Carte bancaire,Promo rentrée,4.9
CMD-101736,2025-08-15,Tchad,Moundou,Facebook,Grande entreprise,Alimentation,Riz 25kg,8,23172,0,185376,147245,38131,Carte bancaire,Promo WhatsApp,3.5
CMD-101737,2023-07-13,Gabon,Libreville,Site web,Particulier,Électroménager,Télévision Hisense 43,8,208000,0,1664000,954372,709628,Espèces,Promo rentrée,5.0
CMD-101738,2024-12-09,Tchad,N'Djamena,Facebook,Grande entreprise,Mode,Chaussures Nike,11,51929,15,485537,394804,90733,Virement bancaire,Promo rentrée,4.1
CMD-101739,2023-04-21,Congo,Pointe-Noire,Site web,Particulier,Mode,Sac à main,4,29243,5,111124,73371,37753,Carte bancaire,Promo WhatsApp,3.2
CMD-101740,2025-05-24,Congo,Pointe-Noire,Boutique physique,Particulier,Téléphones,Tecno Spark 20,4,97401,0,389604,274010,115594,Mobile Money,Soldes Ramadan,3.1
CMD-101741,2024-04-04,Gabon,Franceville,Revendeur,PME,Informatique,HP EliteBook,8,411865,5,3130174,2356664,773510,Espèces,Promo WhatsApp,4.9
CMD-101742,2024-03-24,RCA,Bangui,Facebook,PME,Informatique,Dell Latitude,15,393154,5,5602445,3715091,1887354,Mobile Money,Promo rentrée,4.7
CMD-101743,2024-02-24,Tchad,N'Djamena,Facebook,PME,Informatique,Dell Latitude,1,416424,15,353961,265736,88225,Carte bancaire,Fête de fin d'année,4.9
CMD-101744,2023-12-01,Cameroun,Garoua,Boutique physique,Grande entreprise,Alimentation,Lait en poudre,2,6648,5,12632,8771,3861,Carte bancaire,Campagne Facebook Ads,4.9
CMD-101745,2025-03-04,RDC,Lubumbashi,Revendeur,PME,Mode,Montre connectée,1,49312,5,46847,34665,12182,Carte bancaire,Campagne Facebook Ads,4.9
CMD-101746,2024-07-06,Cameroun,Garoua,Facebook,PME,Téléphones,Redmi Note 13,15,160922,10,2172447,1454104,718343,Virement bancaire,Campagne Facebook Ads,4.6
CMD-101747,2023-08-11,Congo,Brazzaville,Facebook,Grande entreprise,Alimentation,Riz 25kg,11,22846,0,251306,140694,110612,Virement bancaire,Fête de fin d'année,4.6
CMD-101748,2024-09-21,Cameroun,Yaoundé,Revendeur,PME,Électroménager,Télévision Hisense 43,14,222632,0,3116848,1973126,1143722,Carte bancaire,Promo rentrée,4.5
CMD-101749,2023-12-02,Cameroun,Douala,Site web,Particulier,Informatique,Clé USB 64GB,14,8668,15,103150,77654,25496,Mobile Money,Promo WhatsApp,3.7
CMD-101750,2025-10-06,RCA,Berbérati,Site web,Grande entreprise,Informatique,HP EliteBook,13,353753,15,3908971,2899555,1009416,Mobile Money,Aucune campagne,4.5
CMD-101751,2024-11-21,Cameroun,Bafoussam,Facebook,Grande entreprise,Électroménager,Réfrigérateur LG,14,448212,0,6274968,3970895,2304073,Carte bancaire,Soldes Ramadan,4.4
CMD-101752,2023-02-07,Congo,Dolisie,Boutique physique,Particulier,Alimentation,Lait en poudre,9,5887,5,50334,33189,17145,Mobile Money,Black Friday,3.7
CMD-101753,2024-01-17,Congo,Brazzaville,Boutique physique,Particulier,Informatique,Imprimante Canon,4,127695,0,510780,292273,218507,Virement bancaire,Promo rentrée,3.5
CMD-101754,2023-07-25,Gabon,Franceville,Revendeur,Grande entreprise,Alimentation,Lait en poudre,1,7188,0,7188,4917,2271,Virement bancaire,Promo rentrée,4.4
CMD-101755,2026-04-27,Congo,Brazzaville,Boutique physique,Particulier,Électroménager,Réfrigérateur LG,12,399172,10,4311058,2891059,1419999,Mobile Money,Campagne Facebook Ads,4.2
CMD-101756,2024-05-07,Gabon,Libreville,Revendeur,PME,Téléphones,Tecno Spark 20,5,96028,5,456133,351034,105099,Mobile Money,Aucune campagne,3.2
CMD-101757,2025-03-05,Guinée équatoriale,Bata,WhatsApp Business,PME,Alimentation,Lait en poudre,1,7118,0,7118,5615,1503,Mobile Money,Soldes Ramadan,4.8
CMD-101758,2024-11-04,Tchad,Moundou,Boutique physique,Grande entreprise,Téléphones,iPhone 13,14,595163,5,7915668,6109300,1806368,Mobile Money,Promo rentrée,4.7
CMD-101759,2025-08-25,Cameroun,Bafoussam,Site web,Grande entreprise,Informatique,Dell Latitude,6,433661,15,2211672,1287707,923965,Virement bancaire,Aucune campagne,4.8
CMD-101760,2025-08-16,RCA,Bangui,Instagram,Particulier,Mode,Sac à main,13,32543,0,423059,314360,108699,Virement bancaire,Promo rentrée,3.2
CMD-101761,2024-02-20,Tchad,Sarh,Site web,Grande entreprise,Alimentation,Riz 25kg,13,25293,0,328809,192366,136443,Virement bancaire,Fête de fin d'année,4.4
CMD-101762,2025-05-08,RDC,Matadi,Boutique physique,Particulier,Téléphones,Tecno Spark 20,8,83700,0,669600,375569,294031,Carte bancaire,Campagne Facebook Ads,4.1
CMD-101763,2023-12-14,Gabon,Franceville,Revendeur,PME,Téléphones,iPhone 13,13,513746,10,6010829,3357042,2653787,Carte bancaire,Campagne Facebook Ads,4.3
CMD-101764,2023-03-19,Guinée équatoriale,Malabo,Instagram,Grande entreprise,Électroménager,Ventilateur Binatone,3,26335,0,79005,51786,27219,Virement bancaire,Aucune campagne,4.6
CMD-101765,2024-12-31,Gabon,Port-Gentil,Site web,Grande entreprise,Informatique,Clé USB 64GB,11,9162,5,95743,73361,22382,Mobile Money,Black Friday,3.1
CMD-101766,2024-09-02,Tchad,Moundou,Instagram,Particulier,Électroménager,Réfrigérateur LG,6,383766,0,2302596,1787866,514730,Mobile Money,Promo WhatsApp,4.6
CMD-101767,2024-06-12,Congo,Brazzaville,WhatsApp Business,PME,Électroménager,Télévision Hisense 43,1,263305,15,223810,154680,69130,Carte bancaire,Soldes Ramadan,4.8
CMD-101768,2025-10-27,RCA,Bangui,Boutique physique,Particulier,Alimentation,Huile 5L,10,8875,10,79875,62376,17499,Espèces,Promo rentrée,3.1
CMD-101769,2023-07-26,RCA,Berbérati,Boutique physique,PME,Alimentation,Riz 25kg,14,21692,0,303688,170869,132819,Virement bancaire,Soldes Ramadan,3.7
CMD-101770,2024-04-18,Gabon,Franceville,Site web,PME,Alimentation,Lait en poudre,12,6322,15,64485,49294,15191,Carte bancaire,Fête de fin d'année,4.3
CMD-101771,2024-07-19,Tchad,N'Djamena,Instagram,PME,Téléphones,Samsung Galaxy A15,6,85905,0,515430,406017,109413,Carte bancaire,Promo WhatsApp,4.8
CMD-101772,2023-08-16,Tchad,Sarh,Boutique physique,PME,Mode,Chaussures Nike,6,55996,10,302379,193818,108561,Virement bancaire,Fête de fin d'année,3.3
CMD-101773,2023-07-21,Guinée équatoriale,Malabo,Facebook,Particulier,Électroménager,Mixeur Moulinex,10,34756,10,312804,214080,98724,Virement bancaire,Campagne Facebook Ads,3.7
CMD-101774,2024-08-28,RCA,Bangui,Instagram,Grande entreprise,Alimentation,Lait en poudre,3,6219,5,17725,9839,7886,Espèces,Campagne Facebook Ads,4.6
CMD-101775,2023-02-25,Gabon,Port-Gentil,Boutique physique,Grande entreprise,Mode,Montre connectée,3,43640,0,130920,87613,43307,Virement bancaire,Promo rentrée,3.9
CMD-101776,2023-05-06,Gabon,Port-Gentil,Instagram,PME,Informatique,Clé USB 64GB,9,10338,0,93042,63260,29782,Espèces,Black Friday,3.4
CMD-101777,2024-10-26,Tchad,N'Djamena,Revendeur,Particulier,Électroménager,Ventilateur Binatone,5,30949,0,154745,106136,48609,Virement bancaire,Promo rentrée,4.4
CMD-101778,2023-10-30,Cameroun,Yaoundé,WhatsApp Business,Grande entreprise,Informatique,Imprimante Canon,13,130552,15,1442600,999117,443483,Espèces,Promo rentrée,4.8
CMD-101779,2024-02-28,RDC,Matadi,Boutique physique,Grande entreprise,Mode,Chemise homme,3,16246,15,41428,32767,8661,Carte bancaire,Fête de fin d'année,3.3
CMD-101780,2025-12-19,Cameroun,Bafoussam,Site web,PME,Mode,Montre connectée,12,44860,10,484488,282869,201619,Mobile Money,Promo WhatsApp,3.9
CMD-101781,2024-11-16,RCA,Bangui,WhatsApp Business,PME,Informatique,Clé USB 64GB,10,9628,0,96280,54449,41831,Mobile Money,Fête de fin d'année,4.6
CMD-101782,2024-11-01,Guinée équatoriale,Malabo,Instagram,PME,Alimentation,Huile 5L,8,9025,5,68590,51469,17121,Espèces,Campagne Facebook Ads,4.2
CMD-101783,2025-08-06,Congo,Dolisie,Facebook,PME,Électroménager,Télévision Hisense 43,7,232888,15,1385684,939350,446334,Espèces,Black Friday,4.0
CMD-101784,2024-01-06,RDC,Kinshasa,Instagram,Grande entreprise,Alimentation,Riz 25kg,4,26587,10,95714,59353,36361,Carte bancaire,Promo WhatsApp,4.0
CMD-101785,2023-07-31,RCA,Bangui,Boutique physique,PME,Électroménager,Réfrigérateur LG,12,396486,15,4044158,2385045,1659113,Espèces,Soldes Ramadan,3.2
CMD-101786,2024-08-26,RDC,Matadi,Site web,PME,Alimentation,Riz 25kg,8,22239,0,177912,100599,77313,Mobile Money,Fête de fin d'année,3.3
CMD-101787,2026-03-30,Gabon,Franceville,Site web,Particulier,Mode,Sac à main,1,31798,0,31798,24662,7136,Carte bancaire,Promo rentrée,3.0
CMD-101788,2025-03-25,Cameroun,Bafoussam,Boutique physique,Particulier,Alimentation,Riz 25kg,2,27581,0,55162,33085,22077,Virement bancaire,Aucune campagne,3.5
CMD-101789,2023-06-14,Congo,Pointe-Noire,WhatsApp Business,PME,Mode,Montre connectée,15,53844,0,807660,645182,162478,Mobile Money,Fête de fin d'année,3.8
CMD-101790,2025-07-28,RCA,Bangui,Facebook,PME,Téléphones,iPhone 13,10,493776,0,4937760,3266736,1671024,Carte bancaire,Campagne Facebook Ads,3.4
CMD-101791,2023-01-11,Congo,Nkayi,Site web,Particulier,Électroménager,Télévision Hisense 43,13,232507,0,3022591,2409874,612717,Virement bancaire,Campagne Facebook Ads,4.1
CMD-101792,2026-01-31,Gabon,Port-Gentil,Revendeur,Grande entreprise,Téléphones,Tecno Spark 20,15,83933,15,1070146,765627,304519,Carte bancaire,Soldes Ramadan,3.7
CMD-101793,2023-06-28,Tchad,N'Djamena,Site web,Particulier,Électroménager,Ventilateur Binatone,12,26306,5,299889,179528,120361,Virement bancaire,Black Friday,3.3
CMD-101794,2025-05-31,Gabon,Franceville,Instagram,PME,Téléphones,iPhone 13,13,541217,5,6684030,3783594,2900436,Espèces,Campagne Facebook Ads,4.4
CMD-101795,2026-04-15,Cameroun,Bafoussam,Instagram,Grande entreprise,Électroménager,Télévision Hisense 43,6,263190,10,1421226,969415,451811,Mobile Money,Aucune campagne,3.7
CMD-101796,2023-02-14,Guinée équatoriale,Bata,Site web,Particulier,Informatique,HP EliteBook,7,413077,0,2891539,2178644,712895,Mobile Money,Aucune campagne,3.3
CMD-101797,2024-09-04,Guinée équatoriale,Malabo,WhatsApp Business,Grande entreprise,Alimentation,Riz 25kg,3,22717,0,68151,54119,14032,Mobile Money,Fête de fin d'année,4.8
CMD-101798,2024-01-30,Gabon,Franceville,WhatsApp Business,Particulier,Alimentation,Riz 25kg,10,22951,0,229510,147825,81685,Carte bancaire,Black Friday,3.5
CMD-101799,2024-12-05,Gabon,Libreville,Boutique physique,Particulier,Téléphones,Tecno Spark 20,13,84452,15,933195,716178,217017,Carte bancaire,Fête de fin d'année,4.7
CMD-101800,2026-02-21,Gabon,Port-Gentil,WhatsApp Business,Grande entreprise,Téléphones,Tecno Spark 20,14,85102,10,1072286,825180,247106,Carte bancaire,Campagne Facebook Ads,3.6
CMD-101801,2026-04-27,Guinée équatoriale,Malabo,Boutique physique,Grande entreprise,Électroménager,Mixeur Moulinex,5,38935,5,184942,147614,37328,Mobile Money,Fête de fin d'année,3.9
CMD-101802,2023-07-05,Tchad,Sarh,Site web,Particulier,Alimentation,Huile 5L,2,8850,0,17700,13331,4369,Virement bancaire,Campagne Facebook Ads,3.3
CMD-101803,2023-04-26,Gabon,Franceville,WhatsApp Business,PME,Mode,Chemise homme,15,20135,10,271823,194623,77200,Virement bancaire,Black Friday,3.2
CMD-101804,2023-01-31,Congo,Nkayi,Site web,PME,Mode,Chemise homme,10,17872,0,178720,101459,77261,Mobile Money,Aucune campagne,3.8
CMD-101805,2024-04-14,Cameroun,Bafoussam,Facebook,Particulier,Informatique,HP EliteBook,10,354581,5,3368520,2258631,1109889,Virement bancaire,Black Friday,3.2
CMD-101806,2025-03-27,RDC,Goma,Boutique physique,Particulier,Mode,Chemise homme,3,19205,10,51854,37333,14521,Mobile Money,Aucune campagne,3.5
CMD-101807,2025-12-27,RDC,Kinshasa,Facebook,Particulier,Mode,Sac à main,1,28836,10,25953,15383,10570,Espèces,Promo rentrée,4.8
CMD-101808,2024-10-12,Cameroun,Yaoundé,WhatsApp Business,Grande entreprise,Téléphones,Samsung Galaxy A15,6,101913,0,611478,394861,216617,Carte bancaire,Promo rentrée,3.2
CMD-101809,2025-06-23,Tchad,Sarh,Site web,PME,Téléphones,iPhone 13,4,554604,0,2218416,1530051,688365,Carte bancaire,Fête de fin d'année,4.0
CMD-101810,2024-04-28,RDC,Lubumbashi,Facebook,Grande entreprise,Informatique,Imprimante Canon,14,111938,0,1567132,1074212,492920,Espèces,Soldes Ramadan,4.4
CMD-101811,2026-01-16,Tchad,N'Djamena,Boutique physique,PME,Alimentation,Huile 5L,12,10753,0,129036,81509,47527,Virement bancaire,Soldes Ramadan,4.0
CMD-101812,2025-05-30,RDC,Lubumbashi,Facebook,Grande entreprise,Électroménager,Mixeur Moulinex,13,32988,10,385960,315046,70914,Mobile Money,Black Friday,3.7
CMD-101813,2025-10-28,Gabon,Port-Gentil,Facebook,Grande entreprise,Alimentation,Boisson gazeuse,7,3390,10,21357,13669,7688,Carte bancaire,Campagne Facebook Ads,4.6
CMD-101814,2023-12-19,RCA,Bangui,Site web,PME,Informatique,Clé USB 64GB,12,9885,0,118620,78197,40423,Virement bancaire,Promo WhatsApp,3.0
CMD-101815,2025-02-03,Cameroun,Yaoundé,Site web,PME,Informatique,Imprimante Canon,15,114501,15,1459888,1147795,312093,Carte bancaire,Aucune campagne,3.2
CMD-101816,2025-04-10,Cameroun,Yaoundé,Facebook,PME,Électroménager,Télévision Hisense 43,1,250411,10,225370,135110,90260,Carte bancaire,Aucune campagne,3.3
CMD-101817,2023-12-14,RDC,Lubumbashi,WhatsApp Business,PME,Alimentation,Boisson gazeuse,15,3307,0,49605,28496,21109,Mobile Money,Fête de fin d'année,4.6
CMD-101818,2025-03-18,Tchad,Sarh,Revendeur,PME,Électroménager,Réfrigérateur LG,13,379411,15,4192492,3047453,1145039,Mobile Money,Black Friday,3.3
CMD-101819,2023-04-18,RDC,Matadi,Facebook,PME,Téléphones,iPhone 13,15,576035,0,8640525,6684037,1956488,Carte bancaire,Black Friday,4.9
CMD-101820,2023-06-22,Congo,Nkayi,WhatsApp Business,PME,Informatique,HP EliteBook,1,410131,10,369118,210476,158642,Carte bancaire,Aucune campagne,4.1
CMD-101821,2026-04-27,Tchad,N'Djamena,Boutique physique,Grande entreprise,Électroménager,Mixeur Moulinex,5,38818,0,194090,111300,82790,Mobile Money,Promo WhatsApp,3.4
CMD-101822,2023-08-16,Congo,Brazzaville,Revendeur,PME,Mode,Montre connectée,11,43647,5,456112,285465,170647,Mobile Money,Promo WhatsApp,4.8
CMD-101823,2023-01-22,RDC,Lubumbashi,Facebook,Particulier,Mode,Chemise homme,4,19389,15,65923,52978,12945,Virement bancaire,Black Friday,3.0
CMD-101824,2024-04-01,Cameroun,Garoua,WhatsApp Business,Particulier,Mode,Chaussures Nike,8,60859,15,413842,243995,169847,Virement bancaire,Promo rentrée,4.3
CMD-101825,2025-03-07,Congo,Dolisie,Facebook,Particulier,Informatique,HP EliteBook,7,370468,0,2593276,1927225,666051,Carte bancaire,Promo WhatsApp,3.7
CMD-101826,2023-03-06,Cameroun,Bafoussam,Revendeur,Particulier,Mode,Montre connectée,9,47544,5,406502,321729,84773,Espèces,Aucune campagne,3.8
CMD-101827,2025-08-27,Gabon,Libreville,Facebook,Particulier,Alimentation,Riz 25kg,14,23264,5,309412,237749,71663,Virement bancaire,Promo rentrée,3.7
CMD-101828,2023-12-12,Congo,Nkayi,WhatsApp Business,PME,Alimentation,Huile 5L,3,9261,0,27783,15589,12194,Espèces,Fête de fin d'année,3.6
CMD-101829,2024-11-17,Guinée équatoriale,Bata,Site web,PME,Téléphones,Redmi Note 13,3,133665,0,400995,266929,134066,Espèces,Promo WhatsApp,4.6
CMD-101830,2024-04-06,Tchad,N'Djamena,WhatsApp Business,PME,Électroménager,Télévision Hisense 43,14,223871,10,2820775,1833010,987765,Mobile Money,Fête de fin d'année,3.8
CMD-101831,2023-01-25,RCA,Berbérati,Boutique physique,Grande entreprise,Électroménager,Mixeur Moulinex,9,35296,15,270015,167916,102099,Espèces,Black Friday,5.0
CMD-101832,2024-07-24,Tchad,Moundou,Site web,Grande entreprise,Informatique,Clé USB 64GB,12,10223,0,122676,70498,52178,Mobile Money,Campagne Facebook Ads,3.5
CMD-101833,2023-04-13,Guinée équatoriale,Malabo,Revendeur,Grande entreprise,Alimentation,Huile 5L,8,9817,0,78536,57443,21093,Virement bancaire,Soldes Ramadan,3.6
CMD-101834,2024-03-10,Congo,Dolisie,Instagram,Grande entreprise,Électroménager,Ventilateur Binatone,9,31893,10,258334,160352,97982,Virement bancaire,Promo rentrée,3.9
CMD-101835,2025-03-05,Tchad,Moundou,Instagram,Grande entreprise,Informatique,Clé USB 64GB,5,10116,5,48051,28132,19919,Mobile Money,Fête de fin d'année,4.5
CMD-101836,2023-05-03,RCA,Berbérati,Instagram,Grande entreprise,Téléphones,iPhone 13,14,535278,10,6744503,4749738,1994765,Carte bancaire,Aucune campagne,3.3
CMD-101837,2026-02-25,Guinée équatoriale,Malabo,Facebook,Particulier,Téléphones,iPhone 13,6,473331,5,2697987,1957252,740735,Espèces,Promo WhatsApp,3.8
CMD-101838,2024-06-30,Guinée équatoriale,Bata,Site web,Grande entreprise,Téléphones,iPhone 13,15,472745,15,6027499,3718691,2308808,Carte bancaire,Black Friday,4.8
CMD-101839,2023-09-04,Congo,Nkayi,WhatsApp Business,Particulier,Mode,Montre connectée,11,45731,5,477889,323612,154277,Carte bancaire,Promo WhatsApp,4.1
CMD-101840,2025-07-14,RDC,Matadi,Site web,PME,Alimentation,Boisson gazeuse,13,3221,0,41873,31747,10126,Espèces,Black Friday,4.0
CMD-101841,2024-02-23,Tchad,Moundou,WhatsApp Business,Grande entreprise,Alimentation,Riz 25kg,7,24424,0,170968,120466,50502,Virement bancaire,Promo WhatsApp,3.6
CMD-101842,2023-10-12,Congo,Dolisie,Revendeur,PME,Informatique,HP EliteBook,14,405720,0,5680080,3999744,1680336,Mobile Money,Fête de fin d'année,4.7
CMD-101843,2024-02-26,RCA,Berbérati,Boutique physique,Particulier,Téléphones,Redmi Note 13,11,151315,0,1664465,1098424,566041,Virement bancaire,Campagne Facebook Ads,3.4
CMD-101844,2025-11-08,Cameroun,Douala,Boutique physique,Grande entreprise,Mode,Sac à main,13,33441,0,434733,329101,105632,Carte bancaire,Promo WhatsApp,4.7
CMD-101845,2025-07-26,Congo,Brazzaville,Boutique physique,Grande entreprise,Mode,Chemise homme,15,19662,0,294930,199132,95798,Virement bancaire,Campagne Facebook Ads,4.5
CMD-101846,2024-02-27,Guinée équatoriale,Bata,Site web,Grande entreprise,Alimentation,Boisson gazeuse,3,3504,0,10512,6229,4283,Carte bancaire,Promo rentrée,4.4
CMD-101847,2023-08-20,RCA,Bangui,Site web,Grande entreprise,Informatique,Imprimante Canon,11,137687,10,1363102,1004509,358593,Virement bancaire,Promo WhatsApp,3.6
CMD-101848,2023-01-05,Congo,Nkayi,Site web,Grande entreprise,Alimentation,Huile 5L,2,10015,10,18027,12052,5975,Carte bancaire,Fête de fin d'année,3.7
CMD-101849,2023-06-04,Cameroun,Garoua,Site web,Particulier,Électroménager,Réfrigérateur LG,12,393403,15,4012711,2941877,1070834,Virement bancaire,Promo WhatsApp,3.9
CMD-101850,2024-12-04,Tchad,N'Djamena,Site web,Grande entreprise,Mode,Montre connectée,11,46452,0,510972,374545,136427,Mobile Money,Promo rentrée,4.8
CMD-101851,2023-01-04,RDC,Goma,Instagram,Particulier,Alimentation,Huile 5L,15,10568,10,142668,82055,60613,Mobile Money,Promo WhatsApp,3.4
CMD-101852,2025-11-16,Congo,Brazzaville,Boutique physique,Grande entreprise,Mode,Chemise homme,1,18208,0,18208,11015,7193,Mobile Money,Promo WhatsApp,4.3
CMD-101853,2024-08-29,Cameroun,Bafoussam,Site web,PME,Électroménager,Mixeur Moulinex,10,39776,10,357984,213695,144289,Mobile Money,Soldes Ramadan,4.7
CMD-101854,2026-03-03,Guinée équatoriale,Malabo,Revendeur,PME,Mode,Sac à main,9,32861,10,266175,215815,50360,Espèces,Promo rentrée,3.4
CMD-101855,2025-02-27,Congo,Nkayi,WhatsApp Business,PME,Alimentation,Riz 25kg,7,27222,15,161971,93996,67975,Virement bancaire,Promo WhatsApp,4.7
CMD-101856,2023-09-03,Cameroun,Douala,Revendeur,Particulier,Alimentation,Riz 25kg,9,22400,0,201600,123949,77651,Virement bancaire,Black Friday,3.9
CMD-101857,2024-01-12,RCA,Berbérati,Facebook,Grande entreprise,Informatique,Imprimante Canon,4,117781,10,424012,276880,147132,Virement bancaire,Promo rentrée,4.3
CMD-101858,2023-11-29,Congo,Brazzaville,Facebook,Particulier,Téléphones,iPhone 13,13,554050,15,6122253,3602965,2519288,Virement bancaire,Aucune campagne,4.3
CMD-101859,2024-06-29,Congo,Pointe-Noire,Instagram,Grande entreprise,Électroménager,Mixeur Moulinex,8,34687,0,277496,166306,111190,Mobile Money,Black Friday,4.1
CMD-101860,2024-10-13,Tchad,Moundou,Revendeur,PME,Mode,Chaussures Nike,3,62126,0,186378,114700,71678,Mobile Money,Fête de fin d'année,3.3
CMD-101861,2025-06-19,Gabon,Libreville,Facebook,Grande entreprise,Mode,Chemise homme,9,19592,15,149879,103993,45886,Mobile Money,Black Friday,4.6
CMD-101862,2025-10-17,Guinée équatoriale,Bata,Facebook,PME,Informatique,Dell Latitude,2,414989,15,705482,496580,208902,Virement bancaire,Promo WhatsApp,3.5
CMD-101863,2025-12-19,Cameroun,Yaoundé,Site web,Particulier,Électroménager,Mixeur Moulinex,7,31836,5,211710,162558,49152,Carte bancaire,Fête de fin d'année,3.8
CMD-101864,2023-10-04,Tchad,Moundou,Facebook,Particulier,Alimentation,Lait en poudre,15,7239,15,92298,73318,18980,Virement bancaire,Black Friday,4.5
CMD-101865,2025-07-18,Cameroun,Bafoussam,Site web,Grande entreprise,Alimentation,Huile 5L,1,9461,5,8988,5119,3869,Virement bancaire,Black Friday,4.9
CMD-101866,2026-01-27,Cameroun,Garoua,Facebook,Grande entreprise,Mode,Sac à main,10,36118,10,325062,248218,76844,Virement bancaire,Campagne Facebook Ads,3.5
CMD-101867,2023-09-06,RDC,Matadi,Site web,Particulier,Mode,Montre connectée,10,45447,5,431747,238901,192846,Mobile Money,Aucune campagne,3.5
CMD-101868,2024-01-24,Guinée équatoriale,Bata,Site web,Particulier,Alimentation,Huile 5L,2,9327,10,16789,11626,5163,Carte bancaire,Black Friday,5.0
CMD-101869,2025-08-13,RDC,Kinshasa,WhatsApp Business,Grande entreprise,Téléphones,Samsung Galaxy A15,15,87079,0,1306185,735918,570267,Mobile Money,Campagne Facebook Ads,4.9
CMD-101870,2024-09-07,Gabon,Franceville,WhatsApp Business,Grande entreprise,Électroménager,Réfrigérateur LG,14,407845,10,5138847,2924484,2214363,Virement bancaire,Fête de fin d'année,3.2
CMD-101871,2025-02-24,Cameroun,Bafoussam,Revendeur,Grande entreprise,Électroménager,Réfrigérateur LG,10,442354,5,4202363,3042491,1159872,Carte bancaire,Fête de fin d'année,3.6
CMD-101872,2024-04-20,Congo,Dolisie,Instagram,PME,Alimentation,Huile 5L,1,9781,0,9781,6269,3512,Virement bancaire,Aucune campagne,3.1
CMD-101873,2026-03-10,Guinée équatoriale,Malabo,Site web,Particulier,Alimentation,Boisson gazeuse,9,3942,5,33705,19676,14029,Espèces,Promo WhatsApp,4.9
CMD-101874,2023-01-06,Tchad,N'Djamena,Instagram,PME,Téléphones,Samsung Galaxy A15,8,101148,0,809184,582244,226940,Mobile Money,Aucune campagne,3.9
CMD-101875,2024-08-17,RDC,Goma,Boutique physique,PME,Mode,Sac à main,13,34915,15,385811,279067,106744,Carte bancaire,Campagne Facebook Ads,4.7
CMD-101876,2024-02-02,Gabon,Port-Gentil,Site web,PME,Informatique,HP EliteBook,12,357519,0,4290228,3476708,813520,Virement bancaire,Promo rentrée,4.0
CMD-101877,2024-12-17,Congo,Pointe-Noire,Instagram,Particulier,Mode,Montre connectée,8,45557,0,364456,207661,156795,Carte bancaire,Promo rentrée,3.1
CMD-101878,2025-07-30,Cameroun,Garoua,Facebook,Grande entreprise,Alimentation,Riz 25kg,10,22789,5,216496,130376,86120,Carte bancaire,Campagne Facebook Ads,3.1
CMD-101879,2025-10-07,Gabon,Port-Gentil,Instagram,Grande entreprise,Informatique,Clé USB 64GB,5,9337,0,46685,35505,11180,Virement bancaire,Campagne Facebook Ads,3.9
CMD-101880,2025-08-21,Cameroun,Yaoundé,Boutique physique,Grande entreprise,Informatique,HP EliteBook,15,434024,0,6510360,4796791,1713569,Mobile Money,Campagne Facebook Ads,3.8
CMD-101881,2023-12-07,RDC,Kinshasa,Site web,PME,Alimentation,Boisson gazeuse,2,3572,0,7144,5782,1362,Mobile Money,Fête de fin d'année,4.7
CMD-101882,2024-12-26,Gabon,Port-Gentil,Facebook,PME,Électroménager,Télévision Hisense 43,1,241788,0,241788,169433,72355,Mobile Money,Soldes Ramadan,4.0
CMD-101883,2025-01-19,RCA,Bangui,Revendeur,Particulier,Informatique,Clé USB 64GB,5,8710,10,39195,25709,13486,Virement bancaire,Promo rentrée,3.5
CMD-101884,2023-01-26,RCA,Berbérati,Facebook,PME,Mode,Chaussures Nike,1,53419,10,48078,29634,18444,Mobile Money,Aucune campagne,4.4
CMD-101885,2024-03-04,Gabon,Libreville,Instagram,Particulier,Électroménager,Mixeur Moulinex,3,32212,10,86973,48401,38572,Mobile Money,Black Friday,4.2
CMD-101886,2023-02-13,Tchad,Moundou,Site web,Grande entreprise,Alimentation,Lait en poudre,11,7391,15,69106,56146,12960,Mobile Money,Black Friday,4.3
CMD-101887,2025-06-14,RDC,Goma,WhatsApp Business,Particulier,Électroménager,Télévision Hisense 43,2,262822,5,499362,312735,186627,Carte bancaire,Fête de fin d'année,4.4
CMD-101888,2024-09-06,RCA,Berbérati,Boutique physique,Grande entreprise,Électroménager,Mixeur Moulinex,1,39659,10,35694,29128,6566,Mobile Money,Campagne Facebook Ads,3.5
CMD-101889,2023-03-29,Guinée équatoriale,Bata,Boutique physique,Grande entreprise,Mode,Chaussures Nike,9,59397,10,481116,337149,143967,Mobile Money,Aucune campagne,4.2
CMD-101890,2023-10-25,RCA,Bangui,Instagram,Particulier,Alimentation,Boisson gazeuse,14,3344,0,46816,28272,18544,Mobile Money,Fête de fin d'année,4.6
CMD-101891,2024-05-08,Tchad,Moundou,Boutique physique,Particulier,Alimentation,Boisson gazeuse,9,3191,0,28719,22001,6718,Virement bancaire,Promo rentrée,3.4
CMD-101892,2023-01-15,Gabon,Port-Gentil,Facebook,PME,Électroménager,Mixeur Moulinex,1,34243,10,30819,24480,6339,Espèces,Fête de fin d'année,4.0
CMD-101893,2023-05-11,RDC,Kinshasa,Revendeur,Particulier,Alimentation,Huile 5L,15,10071,0,151065,86345,64720,Espèces,Soldes Ramadan,3.6
CMD-101894,2025-04-14,Cameroun,Garoua,Facebook,Grande entreprise,Mode,Montre connectée,13,47849,5,590936,346118,244818,Virement bancaire,Promo rentrée,3.4
CMD-101895,2023-02-03,Gabon,Libreville,Instagram,Grande entreprise,Téléphones,Tecno Spark 20,12,84667,15,863604,599641,263963,Virement bancaire,Promo rentrée,3.3
CMD-101896,2023-03-27,Cameroun,Bafoussam,WhatsApp Business,PME,Alimentation,Lait en poudre,1,6387,0,6387,4191,2196,Mobile Money,Fête de fin d'année,3.8
CMD-101897,2026-01-21,Congo,Brazzaville,Boutique physique,Particulier,Alimentation,Riz 25kg,11,25399,0,279389,216834,62555,Mobile Money,Aucune campagne,4.2
CMD-101898,2024-06-21,Congo,Brazzaville,Revendeur,Particulier,Téléphones,Tecno Spark 20,11,77112,0,848232,497504,350728,Virement bancaire,Campagne Facebook Ads,3.7
CMD-101899,2024-01-18,Gabon,Franceville,Boutique physique,Particulier,Mode,Chemise homme,4,20058,10,72209,52373,19836,Virement bancaire,Promo rentrée,4.9
CMD-101900,2024-07-13,Cameroun,Bafoussam,Site web,Particulier,Informatique,Clé USB 64GB,15,8764,0,131460,81453,50007,Mobile Money,Fête de fin d'année,5.0
CMD-101901,2023-07-05,Gabon,Franceville,Boutique physique,Grande entreprise,Alimentation,Boisson gazeuse,12,3399,0,40788,24912,15876,Mobile Money,Soldes Ramadan,3.2
CMD-101902,2024-08-02,Tchad,Sarh,Instagram,PME,Mode,Chemise homme,11,17776,0,195536,122506,73030,Carte bancaire,Campagne Facebook Ads,4.5
CMD-101903,2025-04-14,Cameroun,Garoua,WhatsApp Business,PME,Électroménager,Réfrigérateur LG,8,442735,0,3541880,2249172,1292708,Mobile Money,Campagne Facebook Ads,3.8
CMD-101904,2023-11-12,RDC,Lubumbashi,Instagram,Particulier,Informatique,Clé USB 64GB,1,9107,0,9107,6112,2995,Carte bancaire,Black Friday,4.5
CMD-101905,2023-05-19,Gabon,Libreville,Revendeur,Grande entreprise,Informatique,Imprimante Canon,1,110130,0,110130,80817,29313,Mobile Money,Promo WhatsApp,3.9
CMD-101906,2025-02-03,RDC,Kinshasa,Facebook,PME,Informatique,Clé USB 64GB,1,8880,5,8436,5942,2494,Mobile Money,Black Friday,3.3
CMD-101907,2024-06-25,Cameroun,Garoua,Facebook,Particulier,Informatique,Clé USB 64GB,10,8697,15,73925,48151,25774,Mobile Money,Soldes Ramadan,4.5
CMD-101908,2023-06-13,Guinée équatoriale,Bata,Site web,Grande entreprise,Mode,Chaussures Nike,6,59436,0,356616,251279,105337,Virement bancaire,Promo WhatsApp,4.5
CMD-101909,2024-02-03,RCA,Berbérati,Revendeur,Grande entreprise,Mode,Sac à main,7,31440,0,220080,153947,66133,Virement bancaire,Fête de fin d'année,4.8
CMD-101910,2024-05-12,RCA,Berbérati,Revendeur,PME,Mode,Chaussures Nike,6,58941,0,353646,268218,85428,Virement bancaire,Campagne Facebook Ads,5.0
CMD-101911,2024-01-16,RCA,Bangui,Site web,PME,Alimentation,Boisson gazeuse,4,3898,15,13254,7648,5606,Virement bancaire,Promo WhatsApp,3.3
CMD-101912,2023-09-30,Cameroun,Yaoundé,Instagram,PME,Électroménager,Mixeur Moulinex,12,37681,15,384347,261104,123243,Espèces,Promo rentrée,3.4
CMD-101913,2025-07-31,Cameroun,Yaoundé,Site web,Grande entreprise,Informatique,Dell Latitude,13,395205,5,4880782,3916282,964500,Carte bancaire,Fête de fin d'année,3.8
CMD-101914,2025-12-31,Cameroun,Bafoussam,Revendeur,Particulier,Mode,Sac à main,10,36264,0,362640,221368,141272,Mobile Money,Black Friday,4.7
CMD-101915,2024-01-22,Cameroun,Yaoundé,WhatsApp Business,Grande entreprise,Téléphones,Samsung Galaxy A15,5,101857,0,509285,289080,220205,Espèces,Fête de fin d'année,3.5
CMD-101916,2023-01-19,Cameroun,Yaoundé,Instagram,PME,Informatique,Clé USB 64GB,11,8258,10,81755,56560,25195,Espèces,Campagne Facebook Ads,4.6
CMD-101917,2025-06-25,Congo,Dolisie,Site web,Grande entreprise,Informatique,Imprimante Canon,3,134900,0,404700,322548,82152,Mobile Money,Black Friday,3.6
CMD-101918,2024-05-18,Tchad,N'Djamena,WhatsApp Business,Particulier,Téléphones,Samsung Galaxy A15,1,102519,5,97394,74304,23090,Virement bancaire,Soldes Ramadan,3.4
CMD-101919,2023-06-04,RCA,Bangui,Revendeur,Grande entreprise,Électroménager,Ventilateur Binatone,8,28472,0,227776,137807,89969,Mobile Money,Promo WhatsApp,3.8
CMD-101920,2025-01-10,RDC,Goma,Instagram,Particulier,Mode,Chaussures Nike,15,60536,0,908040,550254,357786,Espèces,Aucune campagne,3.1
CMD-101921,2023-03-18,Gabon,Libreville,Revendeur,PME,Alimentation,Boisson gazeuse,3,3701,0,11103,8288,2815,Mobile Money,Black Friday,4.3
CMD-101922,2025-05-26,RDC,Goma,WhatsApp Business,PME,Téléphones,Redmi Note 13,8,153352,0,1226816,842468,384348,Mobile Money,Campagne Facebook Ads,3.9
CMD-101923,2024-12-31,RDC,Lubumbashi,Instagram,PME,Téléphones,Samsung Galaxy A15,4,102281,0,409124,313924,95200,Virement bancaire,Soldes Ramadan,4.3
CMD-101924,2024-03-03,Congo,Dolisie,WhatsApp Business,Grande entreprise,Alimentation,Lait en poudre,5,6361,5,30215,21885,8330,Virement bancaire,Soldes Ramadan,3.2
CMD-101925,2023-03-12,Tchad,Sarh,Site web,PME,Informatique,HP EliteBook,5,398880,15,1695240,1164025,531215,Espèces,Promo rentrée,4.2
CMD-101926,2023-09-19,Guinée équatoriale,Bata,WhatsApp Business,Grande entreprise,Alimentation,Huile 5L,3,10505,5,29940,18864,11076,Espèces,Promo WhatsApp,3.3
CMD-101927,2025-12-28,Congo,Brazzaville,Boutique physique,Grande entreprise,Téléphones,Tecno Spark 20,12,88146,15,899090,721368,177722,Mobile Money,Fête de fin d'année,4.6
CMD-101928,2024-01-09,Tchad,Moundou,Instagram,Grande entreprise,Alimentation,Boisson gazeuse,4,3370,0,13480,9961,3519,Carte bancaire,Black Friday,4.4
CMD-101929,2025-03-25,Cameroun,Garoua,Revendeur,Grande entreprise,Mode,Chemise homme,3,19920,15,50796,30154,20642,Virement bancaire,Promo rentrée,4.4
CMD-101930,2023-04-29,Guinée équatoriale,Malabo,Site web,PME,Électroménager,Mixeur Moulinex,8,36101,10,259928,188502,71426,Mobile Money,Promo WhatsApp,3.7
CMD-101931,2025-01-27,Tchad,N'Djamena,Instagram,Grande entreprise,Mode,Chaussures Nike,12,52249,15,532940,329870,203070,Espèces,Promo WhatsApp,3.8
CMD-101932,2025-03-03,Congo,Dolisie,Revendeur,Grande entreprise,Alimentation,Lait en poudre,11,6571,0,72281,50827,21454,Carte bancaire,Promo rentrée,3.4
CMD-101933,2023-05-02,Guinée équatoriale,Bata,WhatsApp Business,PME,Électroménager,Mixeur Moulinex,7,38534,0,269738,209489,60249,Mobile Money,Promo WhatsApp,4.1
CMD-101934,2025-11-03,RDC,Lubumbashi,Facebook,PME,Téléphones,Samsung Galaxy A15,7,93162,0,652134,487641,164493,Virement bancaire,Soldes Ramadan,3.8
CMD-101935,2023-12-19,Tchad,Moundou,Instagram,PME,Informatique,Imprimante Canon,13,130759,5,1614874,1041686,573188,Mobile Money,Promo rentrée,3.5
CMD-101936,2023-09-29,Congo,Nkayi,Boutique physique,PME,Alimentation,Lait en poudre,6,6696,5,38168,29322,8846,Mobile Money,Promo WhatsApp,3.6
CMD-101937,2024-06-16,RDC,Goma,Site web,Grande entreprise,Informatique,Imprimante Canon,2,112617,0,225234,176273,48961,Virement bancaire,Fête de fin d'année,3.1
CMD-101938,2023-02-04,Congo,Brazzaville,WhatsApp Business,PME,Électroménager,Mixeur Moulinex,9,35057,10,283962,232704,51258,Virement bancaire,Campagne Facebook Ads,4.0
CMD-101939,2024-09-02,Congo,Pointe-Noire,Facebook,Particulier,Mode,Chaussures Nike,4,55112,0,220448,173737,46711,Carte bancaire,Aucune campagne,4.6
CMD-101940,2026-01-12,RCA,Berbérati,Site web,Particulier,Téléphones,Tecno Spark 20,1,93442,0,93442,69843,23599,Mobile Money,Aucune campagne,4.2
CMD-101941,2025-06-06,Guinée équatoriale,Bata,Site web,PME,Téléphones,Tecno Spark 20,5,90694,0,453470,320897,132573,Virement bancaire,Campagne Facebook Ads,4.3
CMD-101942,2024-03-05,Guinée équatoriale,Bata,Site web,PME,Électroménager,Télévision Hisense 43,6,263926,10,1425201,887267,537934,Mobile Money,Fête de fin d'année,3.7
CMD-101943,2025-10-04,Gabon,Libreville,Site web,Particulier,Mode,Sac à main,6,34828,5,198520,149482,49038,Espèces,Promo WhatsApp,3.6
CMD-101944,2026-01-28,RCA,Bangui,Revendeur,PME,Alimentation,Boisson gazeuse,11,3166,0,34826,24650,10176,Mobile Money,Black Friday,3.1
CMD-101945,2023-07-04,RCA,Berbérati,Site web,Grande entreprise,Informatique,Dell Latitude,11,469550,0,5165050,3958423,1206627,Carte bancaire,Fête de fin d'année,3.7
CMD-101946,2024-04-10,Tchad,Moundou,Revendeur,PME,Alimentation,Riz 25kg,8,22747,0,181976,107631,74345,Virement bancaire,Promo WhatsApp,3.2
CMD-101947,2023-05-17,Gabon,Franceville,Instagram,Grande entreprise,Mode,Montre connectée,6,50515,0,303090,220407,82683,Espèces,Soldes Ramadan,4.0
CMD-101948,2024-10-17,Tchad,Sarh,Site web,PME,Électroménager,Mixeur Moulinex,1,35882,15,30500,17838,12662,Espèces,Promo rentrée,4.6
CMD-101949,2025-05-29,Tchad,Moundou,Revendeur,PME,Électroménager,Mixeur Moulinex,11,38206,0,420266,341335,78931,Virement bancaire,Soldes Ramadan,3.1
CMD-101950,2024-03-05,Tchad,Moundou,Instagram,Particulier,Électroménager,Ventilateur Binatone,7,31070,0,217490,174119,43371,Mobile Money,Promo WhatsApp,3.2
CMD-101951,2023-07-08,RDC,Lubumbashi,Site web,Particulier,Alimentation,Huile 5L,11,10845,15,101401,58137,43264,Virement bancaire,Aucune campagne,5.0
CMD-101952,2026-02-27,Tchad,N'Djamena,Site web,Grande entreprise,Informatique,Dell Latitude,15,418055,0,6270825,4840196,1430629,Mobile Money,Promo WhatsApp,3.6
CMD-101953,2025-07-11,Cameroun,Yaoundé,Site web,Particulier,Électroménager,Ventilateur Binatone,12,26210,15,267342,181235,86107,Carte bancaire,Black Friday,4.2
CMD-101954,2024-07-12,Cameroun,Bafoussam,Revendeur,Grande entreprise,Alimentation,Riz 25kg,1,25850,5,24558,15604,8954,Virement bancaire,Promo rentrée,4.7
CMD-101955,2025-06-30,RCA,Berbérati,Facebook,PME,Mode,Montre connectée,10,47075,0,470750,267886,202864,Carte bancaire,Aucune campagne,3.8
CMD-101956,2023-05-16,Tchad,N'Djamena,Boutique physique,PME,Alimentation,Riz 25kg,14,24314,0,340396,229749,110647,Virement bancaire,Aucune campagne,3.7
CMD-101957,2024-06-23,Congo,Dolisie,Instagram,PME,Informatique,Clé USB 64GB,3,9011,10,24330,14761,9569,Carte bancaire,Aucune campagne,4.1
CMD-101958,2023-08-11,Congo,Brazzaville,Revendeur,Grande entreprise,Téléphones,Redmi Note 13,7,128774,0,901418,640270,261148,Mobile Money,Soldes Ramadan,3.4
CMD-101959,2025-12-07,Guinée équatoriale,Bata,Revendeur,Particulier,Téléphones,Samsung Galaxy A15,3,107549,15,274250,209269,64981,Carte bancaire,Campagne Facebook Ads,4.3
CMD-101960,2023-03-17,Guinée équatoriale,Malabo,Boutique physique,PME,Mode,Chaussures Nike,15,55024,15,701556,529895,171661,Carte bancaire,Black Friday,4.7
CMD-101961,2025-11-13,RDC,Lubumbashi,Instagram,Grande entreprise,Alimentation,Huile 5L,7,9864,0,69048,42150,26898,Espèces,Aucune campagne,4.3
CMD-101962,2025-04-27,RDC,Kinshasa,Revendeur,Particulier,Électroménager,Télévision Hisense 43,1,231191,0,231191,155884,75307,Carte bancaire,Fête de fin d'année,4.7
CMD-101963,2023-12-16,Gabon,Franceville,Revendeur,Particulier,Mode,Chaussures Nike,13,56194,0,730522,547693,182829,Mobile Money,Fête de fin d'année,4.7
CMD-101964,2023-07-11,Gabon,Port-Gentil,Site web,Grande entreprise,Téléphones,iPhone 13,8,555895,0,4447160,2875171,1571989,Carte bancaire,Aucune campagne,4.0
CMD-101965,2023-08-03,Gabon,Franceville,Facebook,Particulier,Informatique,Imprimante Canon,1,117335,10,105602,73403,32199,Espèces,Promo WhatsApp,4.9
CMD-101966,2026-01-02,Congo,Pointe-Noire,Boutique physique,PME,Électroménager,Mixeur Moulinex,11,38441,0,422851,255225,167626,Virement bancaire,Campagne Facebook Ads,5.0
CMD-101967,2023-04-20,Guinée équatoriale,Malabo,WhatsApp Business,Particulier,Téléphones,Redmi Note 13,15,156544,10,2113344,1417061,696283,Espèces,Campagne Facebook Ads,4.7
CMD-101968,2026-03-22,Guinée équatoriale,Bata,Boutique physique,Particulier,Informatique,Clé USB 64GB,9,8756,5,74864,60909,13955,Virement bancaire,Soldes Ramadan,4.6
CMD-101969,2025-09-09,Guinée équatoriale,Bata,Instagram,Grande entreprise,Informatique,HP EliteBook,2,383040,0,766080,548170,217910,Carte bancaire,Campagne Facebook Ads,3.4
CMD-101970,2023-10-29,Congo,Dolisie,WhatsApp Business,Particulier,Alimentation,Lait en poudre,6,6586,0,39516,28150,11366,Virement bancaire,Aucune campagne,4.3
CMD-101971,2024-09-15,Guinée équatoriale,Malabo,WhatsApp Business,Particulier,Téléphones,Tecno Spark 20,10,94134,0,941340,659866,281474,Carte bancaire,Fête de fin d'année,4.3
CMD-101972,2024-05-21,Congo,Nkayi,Instagram,Particulier,Informatique,HP EliteBook,9,374961,15,2868452,1774591,1093861,Virement bancaire,Black Friday,4.2
CMD-101973,2024-12-08,Gabon,Port-Gentil,Site web,PME,Mode,Montre connectée,12,46255,0,555060,414259,140801,Espèces,Soldes Ramadan,4.5
CMD-101974,2023-11-27,Congo,Nkayi,Boutique physique,Grande entreprise,Informatique,HP EliteBook,7,348045,0,2436315,1561436,874879,Mobile Money,Promo WhatsApp,4.8
CMD-101975,2024-09-06,Tchad,Sarh,Revendeur,PME,Téléphones,iPhone 13,15,597796,0,8966940,6838983,2127957,Virement bancaire,Soldes Ramadan,4.7
CMD-101976,2023-09-21,Congo,Dolisie,Revendeur,Particulier,Alimentation,Huile 5L,12,9706,5,110649,69455,41194,Virement bancaire,Fête de fin d'année,4.2
CMD-101977,2023-03-02,RCA,Bangui,Revendeur,Grande entreprise,Électroménager,Réfrigérateur LG,13,393914,15,4352750,2802856,1549894,Virement bancaire,Soldes Ramadan,4.2
CMD-101978,2025-02-12,Guinée équatoriale,Malabo,Instagram,PME,Téléphones,Tecno Spark 20,7,84513,5,562012,327788,234224,Mobile Money,Promo rentrée,5.0
CMD-101979,2023-09-20,Cameroun,Garoua,Revendeur,Particulier,Mode,Sac à main,5,30191,0,150955,88504,62451,Espèces,Aucune campagne,3.3
CMD-101980,2025-05-17,Tchad,Sarh,Instagram,PME,Téléphones,Samsung Galaxy A15,15,108978,15,1389470,928421,461049,Espèces,Aucune campagne,4.1
CMD-101981,2024-09-15,RCA,Bangui,Instagram,Particulier,Téléphones,Redmi Note 13,14,141831,0,1985634,1267623,718011,Espèces,Fête de fin d'année,3.6
CMD-101982,2025-03-20,Congo,Brazzaville,Instagram,PME,Électroménager,Mixeur Moulinex,13,39010,0,507130,341622,165508,Carte bancaire,Campagne Facebook Ads,4.8
CMD-101983,2025-02-16,Guinée équatoriale,Bata,Site web,Grande entreprise,Téléphones,Samsung Galaxy A15,9,94613,5,808942,609080,199862,Espèces,Soldes Ramadan,3.4
CMD-101984,2025-09-22,RCA,Berbérati,Instagram,PME,Alimentation,Boisson gazeuse,6,3659,0,21954,15864,6090,Mobile Money,Fête de fin d'année,4.4
CMD-101985,2024-01-02,Tchad,N'Djamena,Facebook,PME,Téléphones,Tecno Spark 20,15,94739,10,1278977,815106,463871,Mobile Money,Soldes Ramadan,4.5
CMD-101986,2023-10-16,RCA,Bangui,Site web,Particulier,Informatique,Imprimante Canon,15,128500,10,1734750,1141151,593599,Mobile Money,Fête de fin d'année,3.4
CMD-101987,2023-06-21,RDC,Lubumbashi,Instagram,PME,Électroménager,Réfrigérateur LG,5,475140,0,2375700,1549080,826620,Carte bancaire,Black Friday,3.7
CMD-101988,2025-08-13,Gabon,Libreville,Facebook,Particulier,Téléphones,iPhone 13,12,569616,5,6493623,4493687,1999936,Mobile Money,Black Friday,4.2
CMD-101989,2025-06-10,Guinée équatoriale,Malabo,Site web,Particulier,Informatique,HP EliteBook,10,372611,0,3726110,2492839,1233271,Mobile Money,Soldes Ramadan,3.8
CMD-101990,2024-05-13,Tchad,Moundou,WhatsApp Business,Grande entreprise,Alimentation,Riz 25kg,1,22199,15,18870,13108,5762,Mobile Money,Fête de fin d'année,3.2
CMD-101991,2023-08-01,Congo,Pointe-Noire,Boutique physique,PME,Informatique,Dell Latitude,7,428545,5,2849825,1698849,1150976,Mobile Money,Aucune campagne,4.9
CMD-101992,2024-11-08,RDC,Kinshasa,Boutique physique,PME,Téléphones,Redmi Note 13,11,144357,5,1508531,952368,556163,Mobile Money,Black Friday,4.5
CMD-101993,2024-06-23,Guinée équatoriale,Bata,Revendeur,Particulier,Alimentation,Huile 5L,4,10745,15,36533,20804,15729,Mobile Money,Promo WhatsApp,3.4
CMD-101994,2024-11-17,Congo,Pointe-Noire,Revendeur,PME,Électroménager,Mixeur Moulinex,1,33118,10,29807,19868,9939,Mobile Money,Soldes Ramadan,5.0
CMD-101995,2023-02-25,Gabon,Libreville,Instagram,Particulier,Électroménager,Télévision Hisense 43,12,212495,0,2549940,1945172,604768,Mobile Money,Fête de fin d'année,3.8
CMD-101996,2024-05-26,Congo,Dolisie,Revendeur,Grande entreprise,Informatique,Dell Latitude,1,388022,5,368621,244982,123639,Carte bancaire,Black Friday,3.4
CMD-101997,2026-04-17,Cameroun,Yaoundé,Revendeur,Particulier,Informatique,HP EliteBook,1,436165,0,436165,342235,93930,Mobile Money,Fête de fin d'année,3.3
CMD-101998,2023-08-22,RDC,Lubumbashi,Facebook,Grande entreprise,Téléphones,Samsung Galaxy A15,11,103055,0,1133605,883748,249857,Espèces,Black Friday,4.5
CMD-101999,2023-08-28,Cameroun,Douala,WhatsApp Business,Particulier,Électroménager,Mixeur Moulinex,11,33025,0,363275,250513,112762,Espèces,Fête de fin d'année,4.6
CMD-102000,2024-09-03,Guinée équatoriale,Bata,Facebook,Grande entreprise,Informatique,Imprimante Canon,3,114497,0,343491,235346,108145,Virement bancaire,Promo WhatsApp,4.5
CMD-102001,2023-12-23,Guinée équatoriale,Malabo,Revendeur,Grande entreprise,Électroménager,Télévision Hisense 43,10,236439,5,2246171,1352640,893531,Espèces,Black Friday,4.5
CMD-102002,2025-01-08,RDC,Matadi,Instagram,Particulier,Mode,Sac à main,5,34094,10,153423,110768,42655,Espèces,Promo WhatsApp,3.4
CMD-102003,2024-11-11,Guinée équatoriale,Malabo,Boutique physique,PME,Informatique,Dell Latitude,7,481092,5,3199262,2080000,1119262,Virement bancaire,Campagne Facebook Ads,4.1
CMD-102004,2025-05-03,RDC,Lubumbashi,Boutique physique,PME,Informatique,Dell Latitude,14,445155,0,6232170,4470266,1761904,Virement bancaire,Campagne Facebook Ads,3.8
CMD-102005,2025-06-23,Gabon,Libreville,Facebook,PME,Électroménager,Ventilateur Binatone,14,29271,0,409794,243007,166787,Virement bancaire,Soldes Ramadan,4.6
CMD-102006,2025-04-15,Gabon,Franceville,Revendeur,Grande entreprise,Électroménager,Télévision Hisense 43,4,239268,15,813512,598857,214655,Espèces,Soldes Ramadan,3.3
CMD-102007,2026-04-28,Cameroun,Yaoundé,Boutique physique,PME,Informatique,Dell Latitude,15,473632,5,6749256,4612040,2137216,Virement bancaire,Promo rentrée,3.3
CMD-102008,2024-03-11,Cameroun,Bafoussam,Facebook,PME,Mode,Sac à main,12,33802,0,405624,258575,147049,Espèces,Aucune campagne,4.9
CMD-102009,2023-10-29,RCA,Berbérati,Instagram,Grande entreprise,Électroménager,Réfrigérateur LG,7,460403,5,3061680,2287983,773697,Carte bancaire,Aucune campagne,3.6
CMD-102010,2025-10-21,Tchad,Sarh,Instagram,Grande entreprise,Téléphones,Redmi Note 13,2,138406,0,276812,202606,74206,Carte bancaire,Soldes Ramadan,3.2
CMD-102011,2025-02-16,RDC,Kinshasa,Revendeur,Particulier,Téléphones,Tecno Spark 20,1,87063,0,87063,59026,28037,Mobile Money,Promo rentrée,3.1
CMD-102012,2023-02-09,Gabon,Franceville,WhatsApp Business,PME,Alimentation,Lait en poudre,14,6633,10,83576,66362,17214,Espèces,Aucune campagne,4.1
CMD-102013,2024-09-01,Cameroun,Douala,Instagram,PME,Électroménager,Réfrigérateur LG,5,419814,0,2099070,1490090,608980,Carte bancaire,Fête de fin d'année,4.6
CMD-102014,2025-04-10,RCA,Berbérati,WhatsApp Business,Grande entreprise,Électroménager,Mixeur Moulinex,7,38871,0,272097,174960,97137,Mobile Money,Promo WhatsApp,3.4
CMD-102015,2023-06-13,Cameroun,Garoua,Boutique physique,Particulier,Téléphones,Tecno Spark 20,7,93939,0,657573,451436,206137,Virement bancaire,Soldes Ramadan,5.0
CMD-102016,2023-02-22,RDC,Goma,Site web,Particulier,Alimentation,Lait en poudre,2,6858,5,13031,10648,2383,Carte bancaire,Fête de fin d'année,3.8
CMD-102017,2026-03-15,Cameroun,Douala,Instagram,Grande entreprise,Téléphones,Samsung Galaxy A15,7,88051,0,616357,469677,146680,Carte bancaire,Aucune campagne,3.1
CMD-102018,2024-07-11,Tchad,Moundou,WhatsApp Business,PME,Alimentation,Riz 25kg,13,26126,0,339638,207564,132074,Virement bancaire,Campagne Facebook Ads,4.9
CMD-102019,2024-06-27,RDC,Lubumbashi,Boutique physique,Particulier,Informatique,HP EliteBook,5,346331,10,1558490,1086709,471781,Virement bancaire,Promo WhatsApp,3.2
CMD-102020,2023-01-22,Tchad,N'Djamena,Site web,Grande entreprise,Téléphones,Samsung Galaxy A15,5,107081,0,535405,309467,225938,Mobile Money,Campagne Facebook Ads,5.0
CMD-102021,2025-05-04,Congo,Pointe-Noire,Boutique physique,PME,Informatique,Dell Latitude,15,473744,0,7106160,4924582,2181578,Mobile Money,Soldes Ramadan,4.7
CMD-102022,2024-11-05,Congo,Pointe-Noire,Facebook,Particulier,Électroménager,Télévision Hisense 43,3,214014,0,642042,397816,244226,Mobile Money,Black Friday,3.6
CMD-102023,2023-07-16,Gabon,Libreville,Site web,Particulier,Téléphones,Redmi Note 13,1,150337,10,135304,110378,24926,Carte bancaire,Aucune campagne,4.0
CMD-102024,2025-10-11,RDC,Kinshasa,WhatsApp Business,Grande entreprise,Téléphones,iPhone 13,13,530471,15,5861705,4622629,1239076,Mobile Money,Aucune campagne,3.2
CMD-102025,2023-11-27,RCA,Berbérati,Site web,Grande entreprise,Téléphones,Tecno Spark 20,5,95757,15,406968,319146,87822,Mobile Money,Fête de fin d'année,4.9
CMD-102026,2025-09-19,Congo,Pointe-Noire,Boutique physique,Grande entreprise,Électroménager,Ventilateur Binatone,14,29624,0,414736,243414,171322,Carte bancaire,Promo WhatsApp,4.9
CMD-102027,2024-05-04,RDC,Goma,Boutique physique,Particulier,Mode,Montre connectée,5,53522,0,267610,190913,76697,Virement bancaire,Fête de fin d'année,4.1
CMD-102028,2023-11-07,Tchad,N'Djamena,Facebook,Particulier,Mode,Chaussures Nike,13,57441,0,746733,444840,301893,Mobile Money,Soldes Ramadan,3.2
CMD-102029,2024-01-15,Cameroun,Douala,Instagram,Grande entreprise,Informatique,Dell Latitude,6,383396,10,2070339,1509554,560785,Espèces,Campagne Facebook Ads,3.8
CMD-102030,2023-06-03,Gabon,Port-Gentil,Revendeur,PME,Électroménager,Télévision Hisense 43,3,250565,5,714111,535362,178749,Espèces,Promo WhatsApp,3.0
CMD-102031,2024-08-01,RCA,Bangui,Site web,Particulier,Mode,Chemise homme,9,18565,0,167085,111111,55974,Mobile Money,Promo rentrée,4.0
CMD-102032,2024-03-02,Gabon,Libreville,Site web,PME,Alimentation,Boisson gazeuse,7,3544,15,21087,16818,4269,Carte bancaire,Campagne Facebook Ads,3.7
CMD-102033,2025-01-10,Cameroun,Bafoussam,Boutique physique,PME,Téléphones,Redmi Note 13,3,139640,0,418920,316416,102504,Virement bancaire,Campagne Facebook Ads,3.8
CMD-102034,2023-08-16,Congo,Nkayi,Boutique physique,PME,Téléphones,Samsung Galaxy A15,2,92483,15,157222,125567,31655,Virement bancaire,Campagne Facebook Ads,4.7
CMD-102035,2025-04-23,Cameroun,Garoua,Site web,Particulier,Téléphones,Redmi Note 13,13,154280,0,2005640,1104959,900681,Espèces,Campagne Facebook Ads,3.8
CMD-102036,2024-01-29,Guinée équatoriale,Malabo,Boutique physique,Particulier,Mode,Sac à main,9,29925,5,255859,168883,86976,Espèces,Campagne Facebook Ads,4.0
CMD-102037,2023-11-14,Guinée équatoriale,Malabo,Site web,PME,Électroménager,Mixeur Moulinex,3,36331,0,108993,65095,43898,Virement bancaire,Fête de fin d'année,3.6
CMD-102038,2023-03-07,Guinée équatoriale,Malabo,Boutique physique,Particulier,Alimentation,Huile 5L,6,10924,10,58990,41929,17061,Espèces,Promo WhatsApp,3.0
CMD-102039,2024-05-19,Tchad,N'Djamena,Boutique physique,PME,Électroménager,Télévision Hisense 43,15,251950,15,3212363,1866943,1345420,Carte bancaire,Fête de fin d'année,3.7
CMD-102040,2023-01-16,Guinée équatoriale,Bata,Instagram,PME,Électroménager,Mixeur Moulinex,13,37127,10,434386,254306,180080,Mobile Money,Soldes Ramadan,4.6
CMD-102041,2023-09-19,RCA,Berbérati,Boutique physique,Particulier,Mode,Chaussures Nike,10,59938,10,539442,331687,207755,Mobile Money,Fête de fin d'année,4.9
CMD-102042,2023-09-16,Congo,Dolisie,Site web,Particulier,Informatique,Dell Latitude,5,386106,0,1930530,1516100,414430,Espèces,Fête de fin d'année,4.6
CMD-102043,2023-12-25,RDC,Matadi,Site web,Grande entreprise,Mode,Chemise homme,12,20177,0,242124,169163,72961,Carte bancaire,Promo rentrée,3.2
CMD-102044,2024-04-10,RDC,Lubumbashi,Site web,Particulier,Informatique,Clé USB 64GB,15,9358,15,119315,96809,22506,Carte bancaire,Promo rentrée,3.9
CMD-102045,2024-10-15,Cameroun,Bafoussam,Site web,PME,Informatique,Dell Latitude,14,453652,10,5716016,4032314,1683702,Espèces,Promo WhatsApp,4.6
CMD-102046,2024-01-18,Guinée équatoriale,Bata,Revendeur,Particulier,Alimentation,Boisson gazeuse,12,3822,10,41278,31168,10110,Virement bancaire,Aucune campagne,4.2
CMD-102047,2025-05-28,RDC,Kinshasa,Boutique physique,Grande entreprise,Informatique,Imprimante Canon,15,112596,10,1520046,1164766,355280,Mobile Money,Promo WhatsApp,3.0
CMD-102048,2023-03-30,Gabon,Port-Gentil,Facebook,Particulier,Mode,Sac à main,4,32418,0,129672,84317,45355,Virement bancaire,Promo WhatsApp,3.2
CMD-102049,2025-01-02,Congo,Brazzaville,Boutique physique,Grande entreprise,Mode,Chaussures Nike,5,57581,10,259115,146612,112503,Espèces,Black Friday,3.4
CMD-102050,2024-09-09,RDC,Matadi,Instagram,Particulier,Alimentation,Huile 5L,11,10005,5,104553,65853,38700,Espèces,Campagne Facebook Ads,3.9
CMD-102051,2024-05-28,Guinée équatoriale,Malabo,Facebook,Grande entreprise,Alimentation,Boisson gazeuse,11,3311,15,30958,18204,12754,Mobile Money,Campagne Facebook Ads,3.3
CMD-102052,2024-12-01,Congo,Dolisie,Instagram,Grande entreprise,Téléphones,Redmi Note 13,12,130410,0,1564920,1164988,399932,Mobile Money,Fête de fin d'année,3.5
CMD-102053,2025-02-25,Tchad,Moundou,Instagram,Grande entreprise,Informatique,Clé USB 64GB,5,10003,10,45014,36038,8976,Virement bancaire,Promo rentrée,3.3
CMD-102054,2023-10-23,Cameroun,Garoua,Facebook,Grande entreprise,Électroménager,Télévision Hisense 43,8,210532,0,1684256,1027123,657133,Espèces,Fête de fin d'année,4.2
CMD-102055,2024-04-08,Cameroun,Yaoundé,Boutique physique,Particulier,Téléphones,iPhone 13,11,537916,0,5917076,4093713,1823363,Virement bancaire,Promo WhatsApp,3.1
CMD-102056,2023-09-26,Cameroun,Douala,Boutique physique,PME,Mode,Sac à main,2,32682,0,65364,46543,18821,Virement bancaire,Aucune campagne,3.1
CMD-102057,2025-02-22,Guinée équatoriale,Malabo,Instagram,Particulier,Téléphones,iPhone 13,11,499295,0,5492245,4355123,1137122,Virement bancaire,Black Friday,4.2
CMD-102058,2023-04-03,Cameroun,Garoua,Facebook,Particulier,Téléphones,Tecno Spark 20,2,94328,10,169791,100577,69214,Carte bancaire,Black Friday,3.6
CMD-102059,2025-02-04,Congo,Nkayi,Instagram,Grande entreprise,Téléphones,Samsung Galaxy A15,2,99190,15,168623,103829,64794,Virement bancaire,Promo rentrée,4.2
CMD-102060,2024-11-30,Tchad,N'Djamena,Instagram,Particulier,Téléphones,Samsung Galaxy A15,11,86014,15,804231,568653,235578,Carte bancaire,Campagne Facebook Ads,3.9
CMD-102061,2024-09-25,Gabon,Port-Gentil,Instagram,Grande entreprise,Informatique,Clé USB 64GB,2,9256,0,18512,11950,6562,Carte bancaire,Black Friday,3.0
CMD-102062,2025-08-17,Congo,Dolisie,Site web,Particulier,Informatique,Dell Latitude,3,456004,0,1368012,1107871,260141,Espèces,Fête de fin d'année,3.9
CMD-102063,2023-08-31,RDC,Goma,Facebook,Particulier,Mode,Chemise homme,14,17302,0,242228,184393,57835,Mobile Money,Promo rentrée,4.2
CMD-102064,2023-12-29,RCA,Berbérati,Revendeur,PME,Mode,Montre connectée,7,51737,0,362159,204899,157260,Mobile Money,Black Friday,4.3
CMD-102065,2023-04-23,Congo,Brazzaville,Boutique physique,Grande entreprise,Alimentation,Riz 25kg,14,25801,0,361214,245167,116047,Mobile Money,Black Friday,3.8
CMD-102066,2025-06-23,Cameroun,Yaoundé,Revendeur,PME,Téléphones,Samsung Galaxy A15,7,96863,10,610237,447629,162608,Virement bancaire,Black Friday,3.0
CMD-102067,2026-04-14,Gabon,Libreville,WhatsApp Business,PME,Électroménager,Mixeur Moulinex,4,37484,0,149936,104291,45645,Espèces,Soldes Ramadan,3.3
CMD-102068,2023-11-08,Tchad,Moundou,WhatsApp Business,Particulier,Mode,Sac à main,15,32783,0,491745,308441,183304,Mobile Money,Promo rentrée,4.2
CMD-102069,2026-03-02,RCA,Bangui,WhatsApp Business,Particulier,Mode,Chemise homme,13,20287,10,237358,178761,58597,Mobile Money,Black Friday,4.8
CMD-102070,2025-02-17,Cameroun,Garoua,WhatsApp Business,PME,Mode,Chemise homme,10,19164,10,172476,134512,37964,Espèces,Promo rentrée,4.2
CMD-102071,2025-12-08,RDC,Lubumbashi,Boutique physique,Particulier,Mode,Montre connectée,6,50041,0,300246,237731,62515,Espèces,Soldes Ramadan,3.3
CMD-102072,2025-06-01,Guinée équatoriale,Malabo,WhatsApp Business,PME,Mode,Chemise homme,3,19351,5,55151,34693,20458,Mobile Money,Campagne Facebook Ads,3.9
CMD-102073,2024-05-24,Cameroun,Bafoussam,Facebook,Grande entreprise,Électroménager,Télévision Hisense 43,6,261226,0,1567356,1269250,298106,Virement bancaire,Fête de fin d'année,4.0
CMD-102074,2026-04-20,Guinée équatoriale,Bata,WhatsApp Business,PME,Alimentation,Lait en poudre,7,6272,5,41709,28698,13011,Espèces,Soldes Ramadan,3.9
CMD-102075,2025-04-26,Gabon,Libreville,Site web,PME,Téléphones,iPhone 13,7,549311,0,3845177,2120882,1724295,Espèces,Promo WhatsApp,4.2
CMD-102076,2025-07-05,Tchad,Moundou,Revendeur,PME,Téléphones,Tecno Spark 20,14,90783,5,1207414,913767,293647,Carte bancaire,Aucune campagne,4.8
CMD-102077,2024-07-05,Cameroun,Garoua,Boutique physique,Particulier,Téléphones,Redmi Note 13,10,153216,0,1532160,1125984,406176,Mobile Money,Fête de fin d'année,4.7
CMD-102078,2025-08-03,RDC,Goma,Revendeur,Grande entreprise,Téléphones,Tecno Spark 20,3,93232,0,279696,221268,58428,Mobile Money,Fête de fin d'année,4.1
CMD-102079,2025-11-30,Gabon,Port-Gentil,Revendeur,Particulier,Alimentation,Lait en poudre,14,7275,0,101850,59213,42637,Virement bancaire,Promo rentrée,3.6
CMD-102080,2023-10-22,Cameroun,Yaoundé,WhatsApp Business,PME,Alimentation,Huile 5L,2,9244,10,16640,12209,4431,Carte bancaire,Soldes Ramadan,4.5
CMD-102081,2025-06-30,Congo,Dolisie,WhatsApp Business,PME,Informatique,HP EliteBook,12,429640,5,4897896,3223081,1674815,Carte bancaire,Soldes Ramadan,3.0
CMD-102082,2023-11-07,Cameroun,Bafoussam,Boutique physique,Grande entreprise,Électroménager,Réfrigérateur LG,2,385073,0,770146,607249,162897,Espèces,Aucune campagne,3.1
CMD-102083,2024-03-11,Gabon,Libreville,Instagram,Grande entreprise,Mode,Chemise homme,13,20541,10,240330,145389,94941,Virement bancaire,Promo rentrée,3.8
CMD-102084,2024-02-28,Guinée équatoriale,Malabo,Facebook,Grande entreprise,Alimentation,Lait en poudre,8,7026,15,47777,27384,20393,Espèces,Aucune campagne,3.8
CMD-102085,2024-07-27,Gabon,Port-Gentil,Boutique physique,Particulier,Alimentation,Huile 5L,1,9885,0,9885,7884,2001,Carte bancaire,Black Friday,4.1
CMD-102086,2023-01-02,Gabon,Franceville,Facebook,PME,Informatique,HP EliteBook,15,395572,0,5933580,3862962,2070618,Virement bancaire,Promo rentrée,3.2
CMD-102087,2025-11-09,RDC,Goma,Revendeur,Grande entreprise,Alimentation,Riz 25kg,9,26866,0,241794,195115,46679,Mobile Money,Fête de fin d'année,4.2
CMD-102088,2025-04-10,Gabon,Franceville,Site web,PME,Téléphones,Samsung Galaxy A15,5,86959,0,434795,246635,188160,Mobile Money,Soldes Ramadan,3.8
CMD-102089,2025-07-27,Cameroun,Garoua,Site web,Particulier,Électroménager,Réfrigérateur LG,5,432080,0,2160400,1466639,693761,Carte bancaire,Promo rentrée,3.6
CMD-102090,2025-07-05,Tchad,Sarh,Instagram,Grande entreprise,Téléphones,Samsung Galaxy A15,15,95078,0,1426170,931270,494900,Espèces,Promo rentrée,3.2
CMD-102091,2025-12-15,Congo,Pointe-Noire,Revendeur,Grande entreprise,Électroménager,Ventilateur Binatone,13,31583,0,410579,270692,139887,Carte bancaire,Promo WhatsApp,4.4
CMD-102092,2025-11-25,RCA,Bangui,Boutique physique,Particulier,Mode,Chaussures Nike,2,54529,5,103606,68852,34754,Virement bancaire,Campagne Facebook Ads,5.0
CMD-102093,2024-02-12,Guinée équatoriale,Bata,Boutique physique,PME,Mode,Chemise homme,10,19511,10,175599,106154,69445,Mobile Money,Soldes Ramadan,3.3
CMD-102094,2023-05-18,Gabon,Libreville,Instagram,PME,Informatique,Dell Latitude,6,397907,0,2387442,1727979,659463,Virement bancaire,Soldes Ramadan,4.2
CMD-102095,2025-11-08,Cameroun,Garoua,WhatsApp Business,PME,Électroménager,Télévision Hisense 43,4,263774,10,949587,690497,259090,Virement bancaire,Soldes Ramadan,3.3
CMD-102096,2026-01-09,Cameroun,Douala,Instagram,PME,Mode,Montre connectée,6,49914,0,299484,219808,79676,Virement bancaire,Aucune campagne,4.6
CMD-102097,2023-11-19,Guinée équatoriale,Malabo,Instagram,Particulier,Téléphones,Tecno Spark 20,1,79722,10,71750,46067,25683,Virement bancaire,Campagne Facebook Ads,4.8
CMD-102098,2023-05-06,RDC,Matadi,WhatsApp Business,Grande entreprise,Alimentation,Huile 5L,5,9302,15,39534,25703,13831,Espèces,Fête de fin d'année,3.3
CMD-102099,2023-01-16,RDC,Kinshasa,Site web,PME,Électroménager,Réfrigérateur LG,13,435158,0,5657054,4549243,1107811,Carte bancaire,Soldes Ramadan,4.1
CMD-102100,2025-08-31,Guinée équatoriale,Malabo,Revendeur,Particulier,Mode,Sac à main,9,35720,0,321480,259284,62196,Mobile Money,Campagne Facebook Ads,3.9
CMD-102101,2025-03-09,Tchad,Moundou,Site web,Particulier,Électroménager,Télévision Hisense 43,3,246864,5,703563,510904,192659,Mobile Money,Promo WhatsApp,3.4
CMD-102102,2024-08-27,Congo,Brazzaville,Instagram,Particulier,Téléphones,Samsung Galaxy A15,14,88861,0,1244054,731527,512527,Mobile Money,Fête de fin d'année,4.4
CMD-102103,2023-09-04,RCA,Berbérati,Site web,Grande entreprise,Mode,Montre connectée,2,52288,15,88890,70568,18322,Virement bancaire,Promo rentrée,4.4
CMD-102104,2025-04-12,RDC,Goma,Site web,Grande entreprise,Alimentation,Lait en poudre,6,7104,5,40493,30685,9808,Virement bancaire,Aucune campagne,3.6
CMD-102105,2025-01-20,Guinée équatoriale,Malabo,Facebook,Particulier,Électroménager,Télévision Hisense 43,13,222295,0,2889835,2069261,820574,Virement bancaire,Soldes Ramadan,3.3
CMD-102106,2023-06-30,RCA,Berbérati,Facebook,Particulier,Électroménager,Ventilateur Binatone,10,26602,15,226117,135493,90624,Mobile Money,Promo WhatsApp,4.2
CMD-102107,2024-11-16,Congo,Dolisie,Revendeur,Grande entreprise,Informatique,Clé USB 64GB,11,8647,0,95117,71890,23227,Mobile Money,Promo rentrée,4.0
CMD-102108,2023-03-04,Gabon,Libreville,WhatsApp Business,PME,Téléphones,Samsung Galaxy A15,2,94927,0,189854,125900,63954,Espèces,Aucune campagne,4.0
CMD-102109,2026-02-13,Tchad,Sarh,WhatsApp Business,Particulier,Électroménager,Télévision Hisense 43,14,233951,0,3275314,2330142,945172,Espèces,Fête de fin d'année,4.8
CMD-102110,2024-08-03,Tchad,Sarh,Instagram,Grande entreprise,Électroménager,Télévision Hisense 43,8,258429,10,1860689,1117270,743419,Mobile Money,Campagne Facebook Ads,4.1
CMD-102111,2024-05-06,Gabon,Port-Gentil,Boutique physique,Particulier,Électroménager,Ventilateur Binatone,11,27911,0,307021,225129,81892,Mobile Money,Promo WhatsApp,4.6
CMD-102112,2025-03-15,RCA,Bangui,Facebook,Grande entreprise,Mode,Montre connectée,6,44955,10,242757,142822,99935,Carte bancaire,Soldes Ramadan,4.1
CMD-102113,2023-10-17,RDC,Lubumbashi,Instagram,Grande entreprise,Informatique,HP EliteBook,1,419030,15,356176,280579,75597,Mobile Money,Promo rentrée,3.0
CMD-102114,2024-11-23,Gabon,Franceville,WhatsApp Business,PME,Mode,Chaussures Nike,6,50682,0,304092,213186,90906,Mobile Money,Promo WhatsApp,3.6
CMD-102115,2024-03-20,RCA,Bangui,Revendeur,Particulier,Téléphones,Tecno Spark 20,4,83305,5,316559,246331,70228,Mobile Money,Promo rentrée,3.8
CMD-102116,2026-02-06,Congo,Pointe-Noire,Boutique physique,Grande entreprise,Téléphones,Samsung Galaxy A15,9,104992,10,850436,521653,328783,Mobile Money,Campagne Facebook Ads,3.9
CMD-102117,2024-07-24,Gabon,Franceville,Site web,Grande entreprise,Téléphones,Tecno Spark 20,9,90178,0,811602,519992,291610,Carte bancaire,Aucune campagne,3.1
CMD-102118,2025-06-27,RCA,Bangui,Boutique physique,Particulier,Alimentation,Huile 5L,1,10743,15,9132,5566,3566,Virement bancaire,Promo WhatsApp,3.8
CMD-102119,2025-11-30,Cameroun,Douala,Site web,PME,Alimentation,Riz 25kg,3,27510,15,70151,50614,19537,Virement bancaire,Soldes Ramadan,3.1
CMD-102120,2023-06-30,Gabon,Port-Gentil,Facebook,Grande entreprise,Téléphones,iPhone 13,15,561315,0,8419725,6889416,1530309,Carte bancaire,Soldes Ramadan,3.1
CMD-102121,2025-10-28,Guinée équatoriale,Malabo,WhatsApp Business,Particulier,Téléphones,Redmi Note 13,8,158545,10,1141524,765875,375649,Mobile Money,Soldes Ramadan,3.6
CMD-102122,2023-02-28,Gabon,Libreville,Boutique physique,PME,Mode,Sac à main,8,36789,15,250166,195917,54249,Virement bancaire,Promo WhatsApp,4.5
CMD-102123,2026-01-16,RDC,Kinshasa,WhatsApp Business,PME,Alimentation,Lait en poudre,8,6496,0,51968,37817,14151,Carte bancaire,Promo WhatsApp,4.6
CMD-102124,2023-11-27,Tchad,Sarh,Instagram,Particulier,Informatique,HP EliteBook,2,411227,5,781332,615186,166146,Carte bancaire,Black Friday,3.9
CMD-102125,2024-02-03,RDC,Matadi,Instagram,Particulier,Mode,Montre connectée,9,53169,10,430669,238169,192500,Virement bancaire,Campagne Facebook Ads,3.9
CMD-102126,2024-10-13,Gabon,Libreville,Boutique physique,Particulier,Électroménager,Réfrigérateur LG,8,408600,10,2941920,1810151,1131769,Espèces,Fête de fin d'année,4.1
CMD-102127,2025-02-17,Tchad,Moundou,Site web,Particulier,Mode,Montre connectée,3,48406,10,130697,101382,29315,Espèces,Soldes Ramadan,3.6
CMD-102128,2024-08-18,Tchad,N'Djamena,Instagram,Particulier,Informatique,HP EliteBook,15,348881,15,4448233,3576919,871314,Virement bancaire,Fête de fin d'année,3.2
CMD-102129,2024-12-19,RDC,Lubumbashi,Site web,Grande entreprise,Alimentation,Riz 25kg,14,22434,0,314076,246297,67779,Virement bancaire,Promo rentrée,4.6
CMD-102130,2023-03-31,RCA,Bangui,Site web,Particulier,Informatique,Clé USB 64GB,1,8226,15,6993,4527,2466,Espèces,Fête de fin d'année,3.0
CMD-102131,2025-08-06,Tchad,Sarh,Revendeur,Particulier,Électroménager,Ventilateur Binatone,9,31046,5,265444,171048,94396,Mobile Money,Campagne Facebook Ads,5.0
CMD-102132,2023-01-28,Cameroun,Yaoundé,Site web,PME,Téléphones,Samsung Galaxy A15,2,102863,0,205726,132029,73697,Mobile Money,Promo WhatsApp,3.1
CMD-102133,2024-01-07,Gabon,Libreville,WhatsApp Business,PME,Alimentation,Riz 25kg,7,25569,10,161085,103585,57500,Carte bancaire,Campagne Facebook Ads,3.3
CMD-102134,2023-02-10,Congo,Pointe-Noire,Facebook,Particulier,Mode,Sac à main,15,29134,5,415160,299958,115202,Virement bancaire,Soldes Ramadan,4.9
CMD-102135,2025-08-19,RCA,Berbérati,Revendeur,Grande entreprise,Électroménager,Télévision Hisense 43,12,253283,5,2887427,1871455,1015972,Espèces,Promo rentrée,4.9
CMD-102136,2025-01-22,RCA,Berbérati,Revendeur,PME,Mode,Chaussures Nike,13,58327,0,758251,479495,278756,Espèces,Promo rentrée,4.8
CMD-102137,2025-02-02,RCA,Berbérati,Facebook,Grande entreprise,Alimentation,Lait en poudre,13,6188,15,68378,43219,25159,Mobile Money,Fête de fin d'année,3.4
CMD-102138,2024-07-02,RDC,Matadi,Facebook,Grande entreprise,Alimentation,Lait en poudre,6,7357,10,39728,23980,15748,Carte bancaire,Soldes Ramadan,4.0
CMD-102139,2024-03-18,Gabon,Franceville,Instagram,PME,Alimentation,Lait en poudre,11,6110,5,63850,49462,14388,Espèces,Black Friday,3.9
CMD-102140,2024-08-18,Cameroun,Douala,Revendeur,PME,Mode,Montre connectée,6,49494,0,296964,237441,59523,Carte bancaire,Soldes Ramadan,3.5
CMD-102141,2024-11-21,Guinée équatoriale,Bata,Boutique physique,PME,Informatique,Dell Latitude,14,480416,5,6389533,5233925,1155608,Mobile Money,Campagne Facebook Ads,4.7
CMD-102142,2025-12-25,RCA,Berbérati,Instagram,Particulier,Informatique,HP EliteBook,6,436479,0,2618874,1861725,757149,Mobile Money,Promo rentrée,3.5
CMD-102143,2026-03-07,RDC,Lubumbashi,Instagram,PME,Informatique,Dell Latitude,15,481510,10,6500385,4906435,1593950,Carte bancaire,Soldes Ramadan,3.1
CMD-102144,2023-01-10,RDC,Lubumbashi,Boutique physique,Particulier,Alimentation,Boisson gazeuse,5,3705,0,18525,13524,5001,Virement bancaire,Black Friday,3.5
CMD-102145,2023-01-10,Gabon,Franceville,Facebook,Particulier,Informatique,HP EliteBook,6,345652,0,2073912,1526532,547380,Carte bancaire,Aucune campagne,3.6
CMD-102146,2024-06-26,Congo,Dolisie,Revendeur,Grande entreprise,Électroménager,Télévision Hisense 43,4,257871,0,1031484,820433,211051,Carte bancaire,Campagne Facebook Ads,4.5
CMD-102147,2023-07-25,Cameroun,Bafoussam,WhatsApp Business,Grande entreprise,Alimentation,Boisson gazeuse,4,3218,15,10942,8159,2783,Espèces,Aucune campagne,3.2
CMD-102148,2023-11-02,Congo,Dolisie,Revendeur,PME,Électroménager,Ventilateur Binatone,6,26492,5,151005,116367,34638,Carte bancaire,Campagne Facebook Ads,4.1
CMD-102149,2026-02-08,RCA,Berbérati,Facebook,PME,Téléphones,Samsung Galaxy A15,9,94132,0,847188,586849,260339,Espèces,Fête de fin d'année,4.4
CMD-102150,2024-04-20,Congo,Dolisie,Boutique physique,PME,Mode,Chaussures Nike,13,57799,15,638679,365210,273469,Espèces,Fête de fin d'année,3.6
CMD-102151,2025-05-05,Guinée équatoriale,Bata,WhatsApp Business,Grande entreprise,Informatique,Dell Latitude,12,425644,0,5107728,4083259,1024469,Mobile Money,Promo WhatsApp,3.3
CMD-102152,2024-10-12,RDC,Lubumbashi,Facebook,PME,Électroménager,Ventilateur Binatone,5,27896,0,139480,108568,30912,Carte bancaire,Campagne Facebook Ads,4.7
CMD-102153,2023-08-31,RDC,Goma,Revendeur,PME,Téléphones,Tecno Spark 20,13,85516,10,1000538,619868,380670,Virement bancaire,Black Friday,4.0
CMD-102154,2024-04-26,Congo,Pointe-Noire,Site web,PME,Mode,Sac à main,2,33628,5,63894,39290,24604,Mobile Money,Promo WhatsApp,4.8
CMD-102155,2026-04-23,RCA,Berbérati,WhatsApp Business,Grande entreprise,Téléphones,iPhone 13,6,472223,0,2833338,2109981,723357,Virement bancaire,Promo WhatsApp,4.1
CMD-102156,2025-12-22,Cameroun,Douala,Facebook,Grande entreprise,Électroménager,Mixeur Moulinex,5,38339,10,172526,137733,34793,Espèces,Campagne Facebook Ads,4.9
CMD-102157,2025-01-20,Congo,Dolisie,Revendeur,Particulier,Électroménager,Réfrigérateur LG,3,416776,0,1250328,822964,427364,Carte bancaire,Campagne Facebook Ads,3.1
CMD-102158,2025-06-23,RCA,Bangui,WhatsApp Business,Grande entreprise,Téléphones,Tecno Spark 20,5,79315,0,396575,300254,96321,Mobile Money,Promo rentrée,3.8
CMD-102159,2023-06-24,RCA,Berbérati,Revendeur,Particulier,Informatique,HP EliteBook,12,369097,0,4429164,2668138,1761026,Espèces,Black Friday,4.0
CMD-102160,2026-04-13,RDC,Goma,Boutique physique,Grande entreprise,Électroménager,Réfrigérateur LG,15,382004,15,4870551,3804160,1066391,Mobile Money,Fête de fin d'année,4.0
CMD-102161,2024-11-26,Congo,Nkayi,Instagram,Particulier,Électroménager,Réfrigérateur LG,11,476293,10,4715301,2754475,1960826,Carte bancaire,Aucune campagne,4.6
CMD-102162,2023-11-15,Congo,Nkayi,Site web,Grande entreprise,Électroménager,Réfrigérateur LG,12,383625,10,4143150,2825944,1317206,Carte bancaire,Promo WhatsApp,3.3
CMD-102163,2023-08-22,Tchad,N'Djamena,Facebook,Particulier,Informatique,Clé USB 64GB,4,9628,5,36587,27808,8779,Virement bancaire,Promo WhatsApp,4.5
CMD-102164,2023-06-15,Congo,Nkayi,WhatsApp Business,Particulier,Informatique,Imprimante Canon,14,125845,10,1585647,1231939,353708,Espèces,Fête de fin d'année,3.7
CMD-102165,2025-12-02,Gabon,Libreville,Instagram,Grande entreprise,Téléphones,Tecno Spark 20,1,79282,15,67390,43929,23461,Mobile Money,Black Friday,3.5
CMD-102166,2025-03-23,RCA,Berbérati,Revendeur,Particulier,Informatique,HP EliteBook,3,398472,10,1075875,707857,368018,Espèces,Promo rentrée,3.1
CMD-102167,2024-09-01,Tchad,Sarh,Site web,Grande entreprise,Électroménager,Télévision Hisense 43,7,246378,5,1638414,1201683,436731,Carte bancaire,Black Friday,4.3
CMD-102168,2023-09-28,Guinée équatoriale,Bata,Boutique physique,Particulier,Alimentation,Riz 25kg,1,22053,0,22053,17071,4982,Espèces,Promo rentrée,3.9
CMD-102169,2023-01-06,Cameroun,Yaoundé,Site web,Grande entreprise,Informatique,Clé USB 64GB,1,8326,0,8326,4938,3388,Carte bancaire,Fête de fin d'année,3.2
CMD-102170,2023-06-07,Guinée équatoriale,Malabo,Revendeur,PME,Électroménager,Réfrigérateur LG,13,435768,0,5664984,4163696,1501288,Mobile Money,Soldes Ramadan,4.8
CMD-102171,2023-06-26,Guinée équatoriale,Bata,Revendeur,PME,Électroménager,Ventilateur Binatone,14,25263,10,318314,223660,94654,Carte bancaire,Soldes Ramadan,4.3
CMD-102172,2023-03-29,RDC,Kinshasa,WhatsApp Business,Particulier,Mode,Chemise homme,11,18387,5,192145,115235,76910,Espèces,Soldes Ramadan,3.0
CMD-102173,2024-07-04,RCA,Bangui,Boutique physique,Grande entreprise,Téléphones,Redmi Note 13,15,126309,0,1894635,1263909,630726,Espèces,Promo rentrée,4.1
CMD-102174,2026-04-11,Cameroun,Yaoundé,Site web,PME,Mode,Chaussures Nike,9,54605,0,491445,387347,104098,Espèces,Fête de fin d'année,4.5
CMD-102175,2023-08-24,Gabon,Port-Gentil,Instagram,PME,Mode,Montre connectée,3,50602,0,151806,97364,54442,Virement bancaire,Promo rentrée,4.2
CMD-102176,2023-10-17,Cameroun,Bafoussam,WhatsApp Business,Grande entreprise,Mode,Chaussures Nike,12,59884,10,646748,443105,203643,Espèces,Promo WhatsApp,4.7
CMD-102177,2023-02-21,Congo,Brazzaville,Instagram,Particulier,Mode,Montre connectée,15,52516,10,708966,431806,277160,Virement bancaire,Promo rentrée,3.7
CMD-102178,2024-08-14,Cameroun,Bafoussam,Boutique physique,PME,Informatique,HP EliteBook,3,411296,0,1233888,907642,326246,Espèces,Campagne Facebook Ads,4.3
CMD-102179,2023-08-15,RDC,Matadi,Instagram,PME,Électroménager,Ventilateur Binatone,7,26633,0,186431,102579,83852,Mobile Money,Soldes Ramadan,3.1
CMD-102180,2025-03-23,Gabon,Libreville,Revendeur,PME,Téléphones,iPhone 13,3,506417,0,1519251,881815,637436,Carte bancaire,Promo WhatsApp,5.0
CMD-102181,2025-03-04,Gabon,Port-Gentil,Instagram,Particulier,Téléphones,iPhone 13,7,508715,10,3204905,2608082,596823,Carte bancaire,Promo WhatsApp,4.2
CMD-102182,2024-04-11,Tchad,Sarh,WhatsApp Business,Grande entreprise,Électroménager,Réfrigérateur LG,1,407221,0,407221,277453,129768,Mobile Money,Campagne Facebook Ads,3.8
CMD-102183,2023-12-10,Gabon,Franceville,Boutique physique,PME,Électroménager,Mixeur Moulinex,13,39855,10,466304,270771,195533,Espèces,Aucune campagne,4.0
CMD-102184,2023-10-25,Cameroun,Garoua,Boutique physique,Grande entreprise,Téléphones,Samsung Galaxy A15,15,91775,5,1307794,981582,326212,Virement bancaire,Black Friday,4.2
CMD-102185,2023-08-22,Cameroun,Yaoundé,Site web,PME,Informatique,Clé USB 64GB,2,9266,0,18532,10630,7902,Mobile Money,Campagne Facebook Ads,3.9
CMD-102186,2024-05-31,Guinée équatoriale,Bata,Instagram,PME,Informatique,Clé USB 64GB,9,9478,15,72507,50071,22436,Virement bancaire,Aucune campagne,4.7
CMD-102187,2023-08-15,Tchad,N'Djamena,Instagram,PME,Informatique,Dell Latitude,15,469166,0,7037490,4802311,2235179,Virement bancaire,Fête de fin d'année,3.6
CMD-102188,2024-03-08,Tchad,Sarh,Revendeur,Grande entreprise,Téléphones,Samsung Galaxy A15,15,108487,5,1545940,882394,663546,Espèces,Promo WhatsApp,4.3
CMD-102189,2025-01-20,Guinée équatoriale,Malabo,Instagram,Particulier,Téléphones,Redmi Note 13,4,155018,0,620072,440884,179188,Virement bancaire,Promo rentrée,4.7
CMD-102190,2023-07-01,RDC,Goma,WhatsApp Business,Grande entreprise,Alimentation,Lait en poudre,4,6643,10,23915,16427,7488,Mobile Money,Promo WhatsApp,4.1
CMD-102191,2025-05-22,Tchad,N'Djamena,Facebook,Particulier,Téléphones,Samsung Galaxy A15,13,90420,0,1175460,805060,370400,Carte bancaire,Promo rentrée,5.0
CMD-102192,2025-12-15,RDC,Lubumbashi,Site web,Particulier,Électroménager,Ventilateur Binatone,15,26043,0,390645,222963,167682,Mobile Money,Fête de fin d'année,3.7
CMD-102193,2025-01-30,RCA,Bangui,Facebook,Grande entreprise,Électroménager,Ventilateur Binatone,11,26343,0,289773,218033,71740,Carte bancaire,Fête de fin d'année,4.0
CMD-102194,2024-03-22,RCA,Berbérati,WhatsApp Business,Particulier,Électroménager,Réfrigérateur LG,3,428592,0,1285776,1054055,231721,Espèces,Campagne Facebook Ads,4.2
CMD-102195,2024-10-22,Gabon,Libreville,Boutique physique,Grande entreprise,Mode,Chemise homme,2,19951,15,33917,25428,8489,Espèces,Campagne Facebook Ads,4.1
CMD-102196,2025-04-11,RDC,Matadi,Boutique physique,Grande entreprise,Électroménager,Réfrigérateur LG,14,451837,0,6325718,4686094,1639624,Virement bancaire,Black Friday,4.6
CMD-102197,2026-02-10,Tchad,Sarh,WhatsApp Business,Particulier,Informatique,Imprimante Canon,5,110930,0,554650,413379,141271,Espèces,Promo WhatsApp,3.5
CMD-102198,2025-12-03,Cameroun,Douala,Facebook,Grande entreprise,Alimentation,Huile 5L,1,10675,5,10142,7215,2927,Mobile Money,Soldes Ramadan,4.3
CMD-102199,2024-07-22,Tchad,Moundou,Boutique physique,Grande entreprise,Informatique,Imprimante Canon,15,131647,10,1777235,1200521,576714,Carte bancaire,Soldes Ramadan,4.8
CMD-102200,2025-11-06,Congo,Nkayi,WhatsApp Business,Particulier,Mode,Sac à main,6,34006,0,204036,135276,68760,Virement bancaire,Black Friday,3.1
CMD-102201,2024-08-24,RDC,Matadi,Revendeur,Particulier,Téléphones,Redmi Note 13,12,130762,5,1490687,1084255,406432,Espèces,Black Friday,4.9
CMD-102202,2024-04-15,RCA,Bangui,Boutique physique,PME,Électroménager,Télévision Hisense 43,2,246579,10,443843,349517,94326,Carte bancaire,Black Friday,4.6
CMD-102203,2023-07-24,RCA,Bangui,Facebook,PME,Mode,Chemise homme,5,20258,0,101290,80092,21198,Espèces,Black Friday,4.3
CMD-102204,2024-07-26,Gabon,Franceville,Facebook,Particulier,Informatique,Dell Latitude,11,481451,0,5295961,3137763,2158198,Espèces,Promo WhatsApp,3.5
CMD-102205,2024-11-19,RDC,Goma,Facebook,Particulier,Téléphones,Samsung Galaxy A15,11,102976,5,1076100,782851,293249,Espèces,Promo rentrée,3.8
CMD-102206,2024-01-30,Gabon,Port-Gentil,Facebook,PME,Informatique,Dell Latitude,10,434610,15,3694185,2096588,1597597,Carte bancaire,Fête de fin d'année,3.9
CMD-102207,2023-06-05,Guinée équatoriale,Bata,Boutique physique,Particulier,Téléphones,Samsung Galaxy A15,9,107095,0,963855,630454,333401,Carte bancaire,Fête de fin d'année,4.3
CMD-102208,2023-03-14,RDC,Goma,WhatsApp Business,Particulier,Alimentation,Boisson gazeuse,3,3805,10,10274,8397,1877,Virement bancaire,Promo WhatsApp,4.3
CMD-102209,2024-04-23,RCA,Berbérati,Instagram,Particulier,Mode,Montre connectée,10,45279,0,452790,318700,134090,Espèces,Promo rentrée,3.5
CMD-102210,2024-09-17,Guinée équatoriale,Malabo,Revendeur,Grande entreprise,Alimentation,Huile 5L,10,10157,10,91413,69850,21563,Carte bancaire,Fête de fin d'année,3.3
CMD-102211,2024-02-17,Congo,Nkayi,Revendeur,Grande entreprise,Mode,Sac à main,9,34757,0,312813,206684,106129,Carte bancaire,Black Friday,4.6
CMD-102212,2025-06-12,Gabon,Libreville,Facebook,Grande entreprise,Mode,Chemise homme,2,20425,15,34723,24036,10687,Mobile Money,Aucune campagne,4.8
CMD-102213,2023-10-01,RDC,Goma,Facebook,Particulier,Informatique,Dell Latitude,5,404154,10,1818693,1086997,731696,Virement bancaire,Fête de fin d'année,4.1
CMD-102214,2025-12-07,Cameroun,Garoua,Facebook,Grande entreprise,Téléphones,iPhone 13,3,594630,10,1605501,1157682,447819,Espèces,Promo WhatsApp,4.6
CMD-102215,2024-03-05,Guinée équatoriale,Malabo,Boutique physique,PME,Électroménager,Ventilateur Binatone,13,31530,5,389396,243961,145435,Virement bancaire,Fête de fin d'année,3.6
CMD-102216,2026-04-27,Congo,Dolisie,Facebook,PME,Mode,Chaussures Nike,13,57054,0,741702,408843,332859,Carte bancaire,Aucune campagne,4.6
CMD-102217,2025-02-11,Tchad,Moundou,Instagram,PME,Électroménager,Télévision Hisense 43,5,249525,10,1122863,813138,309725,Virement bancaire,Aucune campagne,4.0
CMD-102218,2023-02-15,Tchad,Sarh,Instagram,Grande entreprise,Alimentation,Boisson gazeuse,8,3164,15,21516,12452,9064,Mobile Money,Promo rentrée,4.7
CMD-102219,2024-03-16,Guinée équatoriale,Bata,Facebook,Grande entreprise,Alimentation,Lait en poudre,15,5983,0,89745,72703,17042,Virement bancaire,Promo rentrée,4.6
CMD-102220,2024-11-24,Gabon,Port-Gentil,Revendeur,Grande entreprise,Mode,Chemise homme,7,18144,0,127008,69856,57152,Virement bancaire,Promo rentrée,3.2
CMD-102221,2024-01-06,RCA,Bangui,Revendeur,Particulier,Mode,Montre connectée,11,46710,10,462429,365060,97369,Espèces,Aucune campagne,3.4
CMD-102222,2023-02-04,RCA,Berbérati,Instagram,PME,Alimentation,Boisson gazeuse,1,3922,0,3922,2500,1422,Carte bancaire,Promo WhatsApp,4.3
CMD-102223,2026-02-22,Gabon,Port-Gentil,Instagram,Grande entreprise,Téléphones,Tecno Spark 20,14,91628,0,1282792,1017683,265109,Carte bancaire,Fête de fin d'année,3.9
CMD-102224,2024-05-07,Guinée équatoriale,Bata,Revendeur,PME,Téléphones,iPhone 13,1,577782,0,577782,326468,251314,Virement bancaire,Soldes Ramadan,4.1
CMD-102225,2024-08-11,Cameroun,Bafoussam,Revendeur,PME,Informatique,HP EliteBook,11,381070,0,4191770,2890944,1300826,Mobile Money,Soldes Ramadan,4.1
CMD-102226,2023-06-12,RDC,Lubumbashi,WhatsApp Business,PME,Informatique,Imprimante Canon,4,108568,0,434272,241398,192874,Virement bancaire,Aucune campagne,4.7
CMD-102227,2025-01-25,Gabon,Libreville,Revendeur,PME,Alimentation,Huile 5L,1,10352,15,8800,7027,1773,Virement bancaire,Fête de fin d'année,3.3
CMD-102228,2023-04-16,Tchad,Moundou,Revendeur,PME,Mode,Chaussures Nike,15,52473,0,787095,521086,266009,Carte bancaire,Fête de fin d'année,4.9
CMD-102229,2025-02-12,Gabon,Franceville,Revendeur,Particulier,Informatique,Dell Latitude,11,440489,5,4603111,3163906,1439205,Carte bancaire,Promo rentrée,4.5
CMD-102230,2025-09-03,Tchad,N'Djamena,Revendeur,Particulier,Électroménager,Mixeur Moulinex,4,34744,15,118130,78420,39710,Virement bancaire,Black Friday,4.4
CMD-102231,2025-05-26,Guinée équatoriale,Malabo,Instagram,Particulier,Mode,Chemise homme,5,20098,5,95466,64403,31063,Virement bancaire,Black Friday,3.3
CMD-102232,2026-02-09,RDC,Matadi,Site web,PME,Alimentation,Boisson gazeuse,12,3185,10,34398,27293,7105,Virement bancaire,Fête de fin d'année,4.8
CMD-102233,2025-10-25,Guinée équatoriale,Bata,WhatsApp Business,Grande entreprise,Informatique,Imprimante Canon,11,116605,0,1282655,1031326,251329,Espèces,Campagne Facebook Ads,4.4
CMD-102234,2024-05-06,Cameroun,Bafoussam,Instagram,PME,Mode,Chemise homme,15,19916,0,298740,241926,56814,Virement bancaire,Fête de fin d'année,4.0
CMD-102235,2024-09-23,Congo,Dolisie,Facebook,Particulier,Électroménager,Réfrigérateur LG,14,428401,5,5697734,3679406,2018328,Espèces,Promo rentrée,4.2
CMD-102236,2023-04-30,Congo,Dolisie,Revendeur,Grande entreprise,Mode,Sac à main,11,35015,0,385165,276524,108641,Mobile Money,Aucune campagne,4.6
CMD-102237,2024-05-10,Guinée équatoriale,Bata,Revendeur,PME,Téléphones,Redmi Note 13,6,139944,15,713715,490097,223618,Espèces,Black Friday,4.5
CMD-102238,2023-09-24,Tchad,Moundou,Instagram,Particulier,Mode,Chemise homme,4,17738,0,70952,56529,14423,Mobile Money,Campagne Facebook Ads,4.9
CMD-102239,2023-05-03,Congo,Dolisie,Facebook,Grande entreprise,Mode,Chaussures Nike,14,63243,15,752592,429913,322679,Espèces,Campagne Facebook Ads,4.5
CMD-102240,2023-07-28,RDC,Kinshasa,Facebook,Grande entreprise,Téléphones,Redmi Note 13,14,137002,0,1918028,1099847,818181,Carte bancaire,Soldes Ramadan,4.4
CMD-102241,2025-05-20,RDC,Goma,Site web,Grande entreprise,Mode,Montre connectée,2,46943,0,93886,63561,30325,Virement bancaire,Aucune campagne,4.8
CMD-102242,2025-02-24,RDC,Kinshasa,WhatsApp Business,Grande entreprise,Informatique,Clé USB 64GB,12,9412,5,107297,78458,28839,Mobile Money,Soldes Ramadan,4.1
CMD-102243,2023-02-04,Gabon,Franceville,Site web,Particulier,Électroménager,Télévision Hisense 43,7,226727,10,1428381,1011672,416709,Espèces,Soldes Ramadan,4.1
CMD-102244,2025-05-15,Cameroun,Yaoundé,Boutique physique,PME,Électroménager,Réfrigérateur LG,12,396950,15,4048890,2430154,1618736,Espèces,Campagne Facebook Ads,4.8
CMD-102245,2024-12-27,RDC,Lubumbashi,Boutique physique,Grande entreprise,Alimentation,Lait en poudre,3,7336,0,22008,13610,8398,Virement bancaire,Promo WhatsApp,3.1
CMD-102246,2023-07-04,Congo,Dolisie,Revendeur,Grande entreprise,Mode,Chemise homme,8,20104,0,160832,112417,48415,Espèces,Black Friday,3.5
CMD-102247,2024-06-21,Gabon,Port-Gentil,Boutique physique,Grande entreprise,Informatique,Imprimante Canon,14,111846,0,1565844,999595,566249,Carte bancaire,Soldes Ramadan,3.6
CMD-102248,2025-04-12,Cameroun,Bafoussam,Instagram,PME,Électroménager,Télévision Hisense 43,2,237893,15,404419,296895,107524,Espèces,Promo rentrée,3.8
CMD-102249,2024-12-28,Cameroun,Douala,WhatsApp Business,PME,Électroménager,Télévision Hisense 43,2,236065,0,472130,260775,211355,Virement bancaire,Campagne Facebook Ads,4.0
CMD-102250,2025-01-16,Gabon,Franceville,Revendeur,Particulier,Téléphones,iPhone 13,4,591612,10,2129804,1617525,512279,Virement bancaire,Aucune campagne,4.3
CMD-102251,2023-06-05,Tchad,Moundou,Site web,PME,Informatique,HP EliteBook,13,396846,0,5158998,3820692,1338306,Espèces,Fête de fin d'année,4.8
CMD-102252,2024-02-25,Guinée équatoriale,Malabo,Boutique physique,Grande entreprise,Mode,Montre connectée,6,52294,0,313764,190795,122969,Carte bancaire,Fête de fin d'année,4.9
CMD-102253,2023-05-14,Tchad,Sarh,Instagram,Particulier,Téléphones,Samsung Galaxy A15,12,86817,0,1041804,843173,198631,Espèces,Black Friday,4.6
CMD-102254,2024-05-10,RCA,Bangui,Boutique physique,Grande entreprise,Informatique,Dell Latitude,2,450359,0,900718,635044,265674,Mobile Money,Black Friday,5.0
CMD-102255,2024-08-28,Congo,Dolisie,Boutique physique,Particulier,Électroménager,Ventilateur Binatone,15,26552,0,398280,325529,72751,Carte bancaire,Promo rentrée,4.4
CMD-102256,2023-03-21,Gabon,Franceville,Facebook,PME,Informatique,Imprimante Canon,4,133469,0,533876,339863,194013,Mobile Money,Promo WhatsApp,3.4
CMD-102257,2026-01-29,RDC,Kinshasa,Facebook,PME,Téléphones,Samsung Galaxy A15,10,109245,15,928583,612829,315754,Virement bancaire,Promo WhatsApp,3.6
CMD-102258,2026-02-17,RCA,Berbérati,WhatsApp Business,Grande entreprise,Électroménager,Télévision Hisense 43,6,263807,0,1582842,921710,661132,Mobile Money,Black Friday,4.5
CMD-102259,2023-07-30,RDC,Goma,Boutique physique,Grande entreprise,Informatique,Dell Latitude,1,421782,15,358515,205124,153391,Virement bancaire,Soldes Ramadan,3.0
CMD-102260,2023-09-29,RDC,Kinshasa,Facebook,Particulier,Téléphones,Samsung Galaxy A15,15,103401,15,1318363,983777,334586,Mobile Money,Promo WhatsApp,3.3
CMD-102261,2024-12-29,Tchad,N'Djamena,Instagram,Particulier,Mode,Sac à main,3,34296,15,87455,67239,20216,Virement bancaire,Campagne Facebook Ads,4.9
CMD-102262,2026-03-19,Tchad,Sarh,Revendeur,Particulier,Mode,Sac à main,1,33032,15,28078,17497,10581,Mobile Money,Promo rentrée,4.6
CMD-102263,2024-12-21,Gabon,Franceville,WhatsApp Business,Grande entreprise,Électroménager,Mixeur Moulinex,11,38496,15,359938,287615,72323,Virement bancaire,Promo rentrée,4.0
CMD-102264,2024-07-01,RCA,Bangui,Site web,PME,Électroménager,Mixeur Moulinex,1,31907,15,27121,19756,7365,Carte bancaire,Fête de fin d'année,4.1
CMD-102265,2024-11-16,Guinée équatoriale,Malabo,Revendeur,Particulier,Alimentation,Lait en poudre,2,6085,0,12170,6983,5187,Espèces,Soldes Ramadan,3.4
CMD-102266,2025-02-17,Tchad,Sarh,Site web,Particulier,Téléphones,Tecno Spark 20,15,89924,10,1213974,798609,415365,Carte bancaire,Campagne Facebook Ads,3.1
CMD-102267,2024-06-23,Guinée équatoriale,Malabo,Instagram,Grande entreprise,Informatique,HP EliteBook,7,416401,0,2914807,2300745,614062,Espèces,Promo rentrée,3.9
CMD-102268,2024-11-07,RCA,Bangui,Revendeur,PME,Informatique,HP EliteBook,11,389754,15,3644200,2579344,1064856,Carte bancaire,Promo rentrée,3.9
CMD-102269,2025-10-04,Congo,Nkayi,Site web,PME,Informatique,Imprimante Canon,7,132157,0,925099,637395,287704,Virement bancaire,Fête de fin d'année,4.1
CMD-102270,2023-09-20,RDC,Lubumbashi,WhatsApp Business,Grande entreprise,Téléphones,Tecno Spark 20,7,90503,0,633521,419711,213810,Mobile Money,Promo rentrée,4.8
CMD-102271,2024-07-21,Congo,Brazzaville,Instagram,Particulier,Alimentation,Lait en poudre,1,7348,5,6981,5405,1576,Mobile Money,Black Friday,4.3
CMD-102272,2025-12-03,Tchad,N'Djamena,Facebook,Grande entreprise,Électroménager,Télévision Hisense 43,2,250695,15,426182,263898,162284,Carte bancaire,Aucune campagne,4.2
CMD-102273,2026-02-27,Cameroun,Garoua,Facebook,Particulier,Informatique,HP EliteBook,10,409573,0,4095730,2539746,1555984,Espèces,Promo WhatsApp,4.5
CMD-102274,2024-03-16,Cameroun,Yaoundé,Site web,PME,Alimentation,Boisson gazeuse,15,3231,15,41196,27205,13991,Carte bancaire,Black Friday,4.3
CMD-102275,2025-04-07,RCA,Berbérati,Site web,Grande entreprise,Mode,Chaussures Nike,13,57153,10,668691,504840,163851,Virement bancaire,Campagne Facebook Ads,4.6
CMD-102276,2025-12-31,Guinée équatoriale,Bata,WhatsApp Business,Grande entreprise,Mode,Sac à main,10,35927,0,359270,272707,86563,Carte bancaire,Soldes Ramadan,4.3
CMD-102277,2025-11-10,Tchad,N'Djamena,Instagram,Grande entreprise,Téléphones,Tecno Spark 20,3,81716,0,245148,137593,107555,Espèces,Soldes Ramadan,4.0
CMD-102278,2025-03-28,Guinée équatoriale,Bata,Site web,Particulier,Mode,Montre connectée,11,49142,0,540562,386458,154104,Virement bancaire,Fête de fin d'année,3.6
CMD-102279,2024-04-18,RCA,Berbérati,WhatsApp Business,Particulier,Alimentation,Boisson gazeuse,14,3652,0,51128,30143,20985,Virement bancaire,Fête de fin d'année,3.7
CMD-102280,2026-01-05,Gabon,Franceville,Facebook,Particulier,Informatique,Dell Latitude,15,430809,10,5815922,3965918,1850004,Mobile Money,Soldes Ramadan,4.4
CMD-102281,2024-10-23,RCA,Berbérati,Revendeur,Grande entreprise,Alimentation,Lait en poudre,11,7291,0,80201,53390,26811,Mobile Money,Campagne Facebook Ads,4.5
CMD-102282,2024-12-29,Tchad,Sarh,Boutique physique,PME,Mode,Montre connectée,5,47215,0,236075,168922,67153,Virement bancaire,Fête de fin d'année,4.6
CMD-102283,2023-04-13,Congo,Nkayi,WhatsApp Business,PME,Mode,Montre connectée,4,54424,0,217696,173427,44269,Carte bancaire,Promo rentrée,4.1
CMD-102284,2025-08-31,Guinée équatoriale,Malabo,WhatsApp Business,Particulier,Mode,Sac à main,14,29101,15,346302,221067,125235,Espèces,Black Friday,4.3
CMD-102285,2025-02-20,Cameroun,Garoua,Boutique physique,Grande entreprise,Alimentation,Huile 5L,5,10384,10,46728,27812,18916,Espèces,Promo WhatsApp,3.8
CMD-102286,2024-09-06,RCA,Bangui,Boutique physique,PME,Téléphones,Samsung Galaxy A15,5,85692,0,428460,258389,170071,Carte bancaire,Promo WhatsApp,4.1
CMD-102287,2024-12-09,RCA,Bangui,Facebook,PME,Informatique,Clé USB 64GB,7,10320,5,68628,39678,28950,Mobile Money,Fête de fin d'année,3.7
CMD-102288,2025-04-05,Cameroun,Yaoundé,WhatsApp Business,PME,Mode,Chaussures Nike,10,61744,5,586568,458147,128421,Carte bancaire,Promo rentrée,4.3
CMD-102289,2023-05-09,RCA,Berbérati,Revendeur,Particulier,Électroménager,Ventilateur Binatone,15,30077,0,451155,324152,127003,Espèces,Promo WhatsApp,3.2
CMD-102290,2025-01-01,RDC,Lubumbashi,Revendeur,Grande entreprise,Alimentation,Boisson gazeuse,12,3187,0,38244,30115,8129,Carte bancaire,Aucune campagne,4.9
CMD-102291,2023-11-22,Cameroun,Douala,Instagram,PME,Mode,Montre connectée,6,53697,10,289964,170343,119621,Carte bancaire,Aucune campagne,3.8
CMD-102292,2023-02-15,Gabon,Port-Gentil,Facebook,Particulier,Mode,Chemise homme,5,19567,0,97835,65585,32250,Mobile Money,Aucune campagne,4.7
CMD-102293,2024-07-21,Tchad,N'Djamena,Facebook,Grande entreprise,Mode,Montre connectée,6,47643,0,285858,201415,84443,Carte bancaire,Fête de fin d'année,3.6
CMD-102294,2024-05-15,Cameroun,Douala,Revendeur,PME,Mode,Chemise homme,10,18636,10,167724,126635,41089,Virement bancaire,Fête de fin d'année,4.0
CMD-102295,2025-09-12,RDC,Matadi,Facebook,PME,Mode,Chemise homme,7,19710,10,124173,98398,25775,Espèces,Soldes Ramadan,3.0
CMD-102296,2023-07-28,Guinée équatoriale,Malabo,Instagram,Grande entreprise,Informatique,Dell Latitude,13,423350,5,5228373,3803408,1424965,Carte bancaire,Black Friday,3.7
CMD-102297,2024-05-08,RCA,Bangui,Boutique physique,PME,Alimentation,Boisson gazeuse,13,3685,0,47905,32645,15260,Carte bancaire,Fête de fin d'année,3.6
CMD-102298,2024-11-13,Tchad,Moundou,Instagram,PME,Mode,Chaussures Nike,1,58629,0,58629,34194,24435,Carte bancaire,Campagne Facebook Ads,4.3
CMD-102299,2026-01-03,Gabon,Franceville,WhatsApp Business,PME,Informatique,Dell Latitude,11,385534,15,3604743,2238012,1366731,Espèces,Promo WhatsApp,4.0
CMD-102300,2025-09-26,Tchad,Moundou,Instagram,Grande entreprise,Mode,Chemise homme,2,17204,0,34408,24945,9463,Espèces,Soldes Ramadan,3.6
CMD-102301,2025-02-02,Gabon,Port-Gentil,Boutique physique,Grande entreprise,Électroménager,Télévision Hisense 43,3,220672,0,662016,459988,202028,Espèces,Promo WhatsApp,3.7
CMD-102302,2023-04-01,RCA,Berbérati,Site web,PME,Mode,Chemise homme,15,18457,15,235327,155403,79924,Mobile Money,Campagne Facebook Ads,3.3
CMD-102303,2024-09-10,Cameroun,Bafoussam,Facebook,Particulier,Électroménager,Mixeur Moulinex,4,37989,15,129163,98488,30675,Virement bancaire,Promo rentrée,3.9
CMD-102304,2025-10-06,Gabon,Port-Gentil,Instagram,Grande entreprise,Alimentation,Lait en poudre,11,7014,0,77154,57632,19522,Carte bancaire,Fête de fin d'année,4.3
CMD-102305,2024-08-03,Congo,Dolisie,Instagram,Particulier,Informatique,Imprimante Canon,1,123546,0,123546,84606,38940,Mobile Money,Promo WhatsApp,3.7
CMD-102306,2023-03-05,Congo,Brazzaville,Boutique physique,Particulier,Alimentation,Lait en poudre,2,5881,5,11174,7195,3979,Virement bancaire,Soldes Ramadan,4.3
CMD-102307,2023-12-31,Congo,Nkayi,Facebook,PME,Mode,Chemise homme,10,16350,10,147150,98114,49036,Mobile Money,Promo WhatsApp,4.9
CMD-102308,2026-04-13,RCA,Bangui,Instagram,Grande entreprise,Téléphones,iPhone 13,10,573354,0,5733540,4182257,1551283,Carte bancaire,Fête de fin d'année,3.8
CMD-102309,2025-04-14,Cameroun,Bafoussam,Boutique physique,PME,Mode,Sac à main,6,35833,0,214998,159071,55927,Carte bancaire,Black Friday,3.1
CMD-102310,2024-12-08,Tchad,Sarh,WhatsApp Business,Grande entreprise,Électroménager,Télévision Hisense 43,13,211909,0,2754817,1686583,1068234,Mobile Money,Promo rentrée,4.6
CMD-102311,2024-09-26,Gabon,Libreville,WhatsApp Business,PME,Téléphones,Redmi Note 13,15,156004,0,2340060,1598201,741859,Virement bancaire,Campagne Facebook Ads,5.0
CMD-102312,2023-05-09,RCA,Bangui,Facebook,Grande entreprise,Informatique,Clé USB 64GB,12,9836,10,106229,70301,35928,Mobile Money,Black Friday,4.9
CMD-102313,2025-06-13,RCA,Bangui,Site web,Particulier,Téléphones,Redmi Note 13,11,151232,0,1663552,1262683,400869,Virement bancaire,Campagne Facebook Ads,4.7
CMD-102314,2026-04-25,Congo,Brazzaville,Revendeur,Particulier,Informatique,Dell Latitude,11,421583,15,3941802,2669137,1272665,Carte bancaire,Aucune campagne,4.9
CMD-102315,2024-02-06,Guinée équatoriale,Bata,WhatsApp Business,Particulier,Mode,Chaussures Nike,2,60640,15,103088,60272,42816,Espèces,Soldes Ramadan,4.6
CMD-102316,2026-01-24,RCA,Bangui,WhatsApp Business,PME,Informatique,Dell Latitude,13,417649,0,5429437,3844621,1584816,Espèces,Promo WhatsApp,4.1
CMD-102317,2024-03-15,Guinée équatoriale,Bata,Revendeur,PME,Mode,Chemise homme,11,19031,5,198874,158497,40377,Espèces,Fête de fin d'année,3.4
CMD-102318,2024-12-02,Congo,Pointe-Noire,Instagram,PME,Alimentation,Riz 25kg,13,26234,10,306938,223987,82951,Carte bancaire,Aucune campagne,3.2
CMD-102319,2023-07-25,Congo,Dolisie,WhatsApp Business,PME,Électroménager,Réfrigérateur LG,4,436024,15,1482482,1072926,409556,Virement bancaire,Aucune campagne,4.4
CMD-102320,2023-10-03,Gabon,Libreville,Boutique physique,PME,Alimentation,Boisson gazeuse,14,3584,0,50176,31121,19055,Carte bancaire,Black Friday,3.3
CMD-102321,2026-01-14,Cameroun,Garoua,Instagram,Particulier,Informatique,HP EliteBook,15,351257,0,5268855,3527958,1740897,Carte bancaire,Promo rentrée,3.4
CMD-102322,2023-01-22,Tchad,Moundou,Revendeur,Grande entreprise,Mode,Chemise homme,8,20285,0,162280,121340,40940,Virement bancaire,Promo WhatsApp,5.0
CMD-102323,2025-05-12,Congo,Brazzaville,Revendeur,Particulier,Mode,Montre connectée,3,52085,0,156255,86049,70206,Virement bancaire,Black Friday,4.3
CMD-102324,2023-04-12,Congo,Nkayi,Boutique physique,Grande entreprise,Électroménager,Réfrigérateur LG,5,435288,10,1958796,1286112,672684,Virement bancaire,Campagne Facebook Ads,4.3
CMD-102325,2024-09-01,Tchad,N'Djamena,Instagram,PME,Téléphones,Tecno Spark 20,15,94076,0,1411140,923623,487517,Virement bancaire,Promo WhatsApp,4.3
CMD-102326,2024-04-17,Gabon,Libreville,Boutique physique,PME,Alimentation,Riz 25kg,7,21822,15,129841,103181,26660,Espèces,Campagne Facebook Ads,4.2
CMD-102327,2023-08-23,Guinée équatoriale,Malabo,Site web,PME,Alimentation,Lait en poudre,11,5875,0,64625,37824,26801,Mobile Money,Promo rentrée,4.4
CMD-102328,2025-03-12,Tchad,N'Djamena,Boutique physique,PME,Informatique,HP EliteBook,4,379725,10,1367010,804341,562669,Espèces,Black Friday,3.9
CMD-102329,2024-11-29,Congo,Dolisie,Instagram,Particulier,Électroménager,Réfrigérateur LG,10,404141,5,3839340,2866946,972394,Carte bancaire,Black Friday,4.9
CMD-102330,2024-07-19,Congo,Nkayi,WhatsApp Business,Grande entreprise,Alimentation,Riz 25kg,9,25847,5,220992,143434,77558,Carte bancaire,Black Friday,4.0
CMD-102331,2023-06-19,Guinée équatoriale,Bata,Facebook,PME,Alimentation,Huile 5L,13,9745,0,126685,76248,50437,Carte bancaire,Campagne Facebook Ads,3.0
CMD-102332,2024-12-07,Gabon,Libreville,WhatsApp Business,Grande entreprise,Mode,Chemise homme,6,20332,5,115893,81699,34194,Mobile Money,Fête de fin d'année,3.2
CMD-102333,2026-04-08,Congo,Pointe-Noire,Site web,Grande entreprise,Électroménager,Mixeur Moulinex,4,32259,0,129036,83778,45258,Mobile Money,Black Friday,4.4
CMD-102334,2023-02-24,Gabon,Franceville,Facebook,PME,Mode,Chaussures Nike,8,62273,0,498184,389278,108906,Virement bancaire,Promo rentrée,3.4
CMD-102335,2024-11-06,Tchad,Moundou,Instagram,PME,Téléphones,Tecno Spark 20,5,95839,15,407316,266032,141284,Carte bancaire,Campagne Facebook Ads,3.2
CMD-102336,2026-02-15,RCA,Berbérati,Instagram,PME,Électroménager,Mixeur Moulinex,8,34870,0,278960,162112,116848,Virement bancaire,Campagne Facebook Ads,3.9
CMD-102337,2026-04-17,RCA,Berbérati,Instagram,Grande entreprise,Téléphones,Samsung Galaxy A15,7,92145,0,645015,411288,233727,Carte bancaire,Campagne Facebook Ads,4.6
CMD-102338,2025-05-10,Congo,Nkayi,Revendeur,Grande entreprise,Électroménager,Réfrigérateur LG,4,401708,0,1606832,1135450,471382,Virement bancaire,Fête de fin d'année,4.5
CMD-102339,2025-12-28,Guinée équatoriale,Bata,Site web,PME,Informatique,Imprimante Canon,2,131384,0,262768,183035,79733,Virement bancaire,Soldes Ramadan,4.7
CMD-102340,2023-11-29,Guinée équatoriale,Malabo,Instagram,Grande entreprise,Téléphones,Samsung Galaxy A15,6,94691,0,568146,442122,126024,Espèces,Campagne Facebook Ads,4.0
CMD-102341,2025-09-18,Tchad,Sarh,Site web,PME,Informatique,Clé USB 64GB,7,9971,0,69797,40414,29383,Virement bancaire,Fête de fin d'année,4.9
CMD-102342,2025-07-22,RDC,Goma,Instagram,Grande entreprise,Informatique,Imprimante Canon,7,118242,0,827694,569593,258101,Carte bancaire,Fête de fin d'année,3.3
CMD-102343,2024-06-12,Tchad,Moundou,Instagram,Grande entreprise,Informatique,HP EliteBook,13,361305,0,4696965,3355468,1341497,Espèces,Soldes Ramadan,4.9
CMD-102344,2025-04-15,RDC,Kinshasa,Site web,Particulier,Mode,Montre connectée,12,50281,10,543035,325353,217682,Virement bancaire,Campagne Facebook Ads,3.1
CMD-102345,2025-02-06,Tchad,Moundou,Revendeur,Particulier,Téléphones,Redmi Note 13,15,141424,5,2015292,1347301,667991,Virement bancaire,Black Friday,3.9
CMD-102346,2025-06-28,RDC,Lubumbashi,Boutique physique,Particulier,Mode,Montre connectée,10,45404,15,385934,296448,89486,Virement bancaire,Campagne Facebook Ads,3.1
CMD-102347,2023-03-08,Cameroun,Garoua,Revendeur,Particulier,Téléphones,Tecno Spark 20,9,89187,0,802683,482096,320587,Espèces,Black Friday,3.8
CMD-102348,2024-04-15,Cameroun,Yaoundé,Instagram,Particulier,Électroménager,Mixeur Moulinex,1,38393,0,38393,27509,10884,Virement bancaire,Campagne Facebook Ads,3.5
CMD-102349,2024-12-05,RCA,Bangui,WhatsApp Business,PME,Mode,Chemise homme,12,17219,0,206628,135895,70733,Virement bancaire,Aucune campagne,4.3
CMD-102350,2023-04-10,RDC,Goma,Instagram,PME,Électroménager,Télévision Hisense 43,2,214851,0,429702,264463,165239,Espèces,Aucune campagne,3.1
CMD-102351,2026-03-31,Guinée équatoriale,Bata,Site web,Particulier,Informatique,Clé USB 64GB,13,10230,0,132990,76973,56017,Espèces,Black Friday,4.3
CMD-102352,2025-06-28,Gabon,Port-Gentil,Facebook,Particulier,Informatique,Dell Latitude,9,462226,0,4160034,2566104,1593930,Espèces,Fête de fin d'année,3.8
CMD-102353,2023-02-26,Guinée équatoriale,Malabo,Boutique physique,Particulier,Mode,Montre connectée,9,49560,5,423738,295335,128403,Carte bancaire,Black Friday,4.4
CMD-102354,2024-10-29,Congo,Brazzaville,Instagram,Particulier,Téléphones,Redmi Note 13,1,157568,0,157568,113100,44468,Carte bancaire,Aucune campagne,4.1
CMD-102355,2023-06-06,Guinée équatoriale,Bata,WhatsApp Business,PME,Alimentation,Lait en poudre,3,7344,10,19829,13567,6262,Espèces,Campagne Facebook Ads,3.5
CMD-102356,2024-09-07,RDC,Lubumbashi,Boutique physique,Particulier,Alimentation,Riz 25kg,8,27094,10,195077,127955,67122,Carte bancaire,Campagne Facebook Ads,3.2
CMD-102357,2025-12-15,Cameroun,Douala,Facebook,Grande entreprise,Mode,Chaussures Nike,1,53957,15,45864,25736,20128,Mobile Money,Black Friday,4.0
CMD-102358,2025-01-20,Congo,Brazzaville,Boutique physique,PME,Électroménager,Réfrigérateur LG,2,453931,5,862469,558388,304081,Espèces,Aucune campagne,4.9
CMD-102359,2025-08-13,RDC,Lubumbashi,Revendeur,Particulier,Téléphones,Samsung Galaxy A15,14,106591,5,1417661,938582,479079,Mobile Money,Fête de fin d'année,3.6
CMD-102360,2025-03-26,Cameroun,Bafoussam,Site web,PME,Alimentation,Lait en poudre,5,6298,0,31490,19273,12217,Espèces,Soldes Ramadan,3.1
CMD-102361,2023-10-18,Tchad,N'Djamena,Revendeur,Grande entreprise,Électroménager,Réfrigérateur LG,10,479597,10,4316373,3483890,832483,Carte bancaire,Promo WhatsApp,4.8
CMD-102362,2023-11-11,Tchad,Sarh,Instagram,PME,Téléphones,Redmi Note 13,1,153846,0,153846,98554,55292,Mobile Money,Fête de fin d'année,3.5
CMD-102363,2023-04-01,RCA,Berbérati,Site web,PME,Alimentation,Riz 25kg,10,25405,0,254050,146288,107762,Virement bancaire,Aucune campagne,4.4
CMD-102364,2023-04-05,Guinée équatoriale,Bata,Site web,Particulier,Électroménager,Réfrigérateur LG,10,391558,0,3915580,2757717,1157863,Espèces,Black Friday,3.2
CMD-102365,2024-02-09,Cameroun,Yaoundé,Site web,PME,Électroménager,Ventilateur Binatone,14,25226,0,353164,249102,104062,Carte bancaire,Aucune campagne,4.5
CMD-102366,2024-03-08,Congo,Dolisie,Revendeur,PME,Alimentation,Boisson gazeuse,15,3432,0,51480,29388,22092,Mobile Money,Fête de fin d'année,4.6
CMD-102367,2023-08-15,Tchad,N'Djamena,Facebook,Particulier,Téléphones,Redmi Note 13,6,155067,5,883882,558374,325508,Espèces,Aucune campagne,5.0
CMD-102368,2025-11-25,Guinée équatoriale,Bata,WhatsApp Business,Grande entreprise,Électroménager,Ventilateur Binatone,3,27898,0,83694,59619,24075,Mobile Money,Black Friday,4.9
CMD-102369,2025-08-02,Gabon,Franceville,Facebook,PME,Alimentation,Lait en poudre,12,6580,15,67116,44782,22334,Carte bancaire,Soldes Ramadan,4.0
CMD-102370,2025-02-09,Gabon,Libreville,Boutique physique,PME,Informatique,Imprimante Canon,10,134902,10,1214118,830165,383953,Virement bancaire,Campagne Facebook Ads,3.7
CMD-102371,2024-04-08,RCA,Berbérati,Site web,Grande entreprise,Électroménager,Réfrigérateur LG,14,394452,10,4970096,2796455,2173641,Mobile Money,Soldes Ramadan,3.5
CMD-102372,2023-04-13,Gabon,Libreville,Boutique physique,Grande entreprise,Informatique,Clé USB 64GB,10,10044,0,100440,72231,28209,Mobile Money,Promo WhatsApp,4.1
CMD-102373,2025-04-10,RCA,Berbérati,Revendeur,Particulier,Mode,Sac à main,8,32121,0,256968,202317,54651,Carte bancaire,Fête de fin d'année,3.8
CMD-102374,2023-06-23,Gabon,Franceville,Facebook,Grande entreprise,Électroménager,Réfrigérateur LG,4,421322,10,1516760,928789,587971,Mobile Money,Promo rentrée,4.4
CMD-102375,2025-07-31,RCA,Berbérati,WhatsApp Business,PME,Électroménager,Ventilateur Binatone,4,25961,15,88268,51255,37013,Espèces,Promo rentrée,3.4
CMD-102376,2023-05-15,Gabon,Port-Gentil,WhatsApp Business,Grande entreprise,Informatique,Clé USB 64GB,10,10281,0,102810,80939,21871,Carte bancaire,Black Friday,4.0
CMD-102377,2026-01-08,Gabon,Franceville,Revendeur,PME,Alimentation,Boisson gazeuse,8,3850,0,30800,18253,12547,Virement bancaire,Soldes Ramadan,4.3
CMD-102378,2023-12-12,RDC,Matadi,WhatsApp Business,Grande entreprise,Mode,Chaussures Nike,6,52926,10,285801,158724,127077,Espèces,Promo WhatsApp,3.3
CMD-102379,2026-02-26,RCA,Bangui,Boutique physique,Grande entreprise,Mode,Chemise homme,1,16392,0,16392,9649,6743,Mobile Money,Promo WhatsApp,3.0
CMD-102380,2025-07-13,Gabon,Port-Gentil,WhatsApp Business,Grande entreprise,Mode,Chaussures Nike,14,61059,0,854826,539650,315176,Espèces,Fête de fin d'année,4.0
CMD-102381,2025-10-06,Gabon,Franceville,Revendeur,Grande entreprise,Téléphones,iPhone 13,3,551368,0,1654104,1088647,565457,Mobile Money,Soldes Ramadan,4.2
CMD-102382,2024-04-18,RDC,Matadi,Instagram,Grande entreprise,Informatique,Imprimante Canon,10,114739,0,1147390,725792,421598,Mobile Money,Fête de fin d'année,4.4
CMD-102383,2025-08-18,Gabon,Libreville,WhatsApp Business,PME,Alimentation,Huile 5L,13,10904,0,141752,84642,57110,Virement bancaire,Black Friday,4.1
CMD-102384,2024-05-24,Cameroun,Douala,Revendeur,Particulier,Électroménager,Mixeur Moulinex,1,39674,0,39674,24790,14884,Mobile Money,Black Friday,4.3
CMD-102385,2024-06-03,Cameroun,Bafoussam,Site web,Grande entreprise,Informatique,HP EliteBook,14,358977,0,5025678,3792885,1232793,Espèces,Black Friday,3.0
CMD-102386,2023-05-29,RCA,Berbérati,WhatsApp Business,Particulier,Électroménager,Réfrigérateur LG,4,402165,0,1608660,1025573,583087,Carte bancaire,Fête de fin d'année,3.8
CMD-102387,2025-10-18,Congo,Pointe-Noire,Site web,PME,Mode,Chaussures Nike,6,62524,0,375144,260450,114694,Mobile Money,Fête de fin d'année,3.1
CMD-102388,2023-11-17,Cameroun,Yaoundé,Facebook,Particulier,Informatique,Imprimante Canon,7,117166,0,820162,582567,237595,Carte bancaire,Fête de fin d'année,3.7
CMD-102389,2024-12-08,Cameroun,Douala,Facebook,Grande entreprise,Mode,Chaussures Nike,10,50753,0,507530,391823,115707,Carte bancaire,Soldes Ramadan,4.8
CMD-102390,2025-08-21,RCA,Berbérati,Revendeur,PME,Alimentation,Boisson gazeuse,15,3816,0,57240,41009,16231,Espèces,Fête de fin d'année,3.2
CMD-102391,2023-09-27,RDC,Kinshasa,Instagram,Particulier,Mode,Montre connectée,13,45967,10,537814,387541,150273,Mobile Money,Campagne Facebook Ads,5.0
CMD-102392,2026-01-03,Guinée équatoriale,Bata,Revendeur,PME,Téléphones,Redmi Note 13,3,155588,0,466764,341328,125436,Carte bancaire,Fête de fin d'année,4.3
CMD-102393,2023-11-12,Cameroun,Douala,Site web,Grande entreprise,Téléphones,Redmi Note 13,7,158884,0,1112188,624176,488012,Virement bancaire,Aucune campagne,3.1
CMD-102394,2024-03-17,Guinée équatoriale,Bata,Instagram,Particulier,Mode,Montre connectée,8,53727,0,429816,258430,171386,Mobile Money,Soldes Ramadan,4.4
CMD-102395,2023-04-13,Guinée équatoriale,Malabo,Site web,Particulier,Téléphones,Samsung Galaxy A15,2,107265,5,203804,152412,51392,Virement bancaire,Campagne Facebook Ads,4.5
CMD-102396,2025-03-11,Tchad,Sarh,Instagram,Particulier,Alimentation,Riz 25kg,9,25163,0,226467,141741,84726,Mobile Money,Promo WhatsApp,4.3
CMD-102397,2025-05-11,Tchad,Moundou,Boutique physique,PME,Alimentation,Boisson gazeuse,2,3611,15,6139,3961,2178,Mobile Money,Soldes Ramadan,4.9
CMD-102398,2023-12-27,Tchad,Moundou,Boutique physique,PME,Informatique,Clé USB 64GB,13,9352,0,121576,79346,42230,Carte bancaire,Soldes Ramadan,4.0
CMD-102399,2024-01-31,RDC,Lubumbashi,Facebook,PME,Téléphones,Samsung Galaxy A15,11,101383,0,1115213,748091,367122,Espèces,Promo rentrée,3.9
CMD-102400,2025-12-01,RDC,Lubumbashi,Site web,Grande entreprise,Téléphones,Tecno Spark 20,1,92833,10,83550,55955,27595,Espèces,Promo rentrée,4.5
CMD-102401,2023-06-12,RCA,Berbérati,Instagram,PME,Informatique,Imprimante Canon,10,124458,5,1182351,797604,384747,Mobile Money,Promo WhatsApp,3.5
CMD-102402,2023-07-26,RDC,Matadi,Facebook,PME,Mode,Chemise homme,2,20107,0,40214,30400,9814,Virement bancaire,Promo rentrée,3.2
CMD-102403,2023-07-03,Gabon,Franceville,Revendeur,Grande entreprise,Alimentation,Boisson gazeuse,14,3501,0,49014,30252,18762,Virement bancaire,Black Friday,4.0
CMD-102404,2024-03-14,Tchad,N'Djamena,Instagram,Grande entreprise,Téléphones,Samsung Galaxy A15,3,93800,0,281400,187328,94072,Virement bancaire,Promo WhatsApp,3.5
CMD-102405,2023-08-10,Guinée équatoriale,Malabo,WhatsApp Business,PME,Téléphones,Tecno Spark 20,2,84543,15,143724,100670,43054,Mobile Money,Fête de fin d'année,4.2
CMD-102406,2023-04-28,Gabon,Franceville,Facebook,PME,Mode,Sac à main,1,35616,0,35616,22114,13502,Espèces,Fête de fin d'année,3.3
CMD-102407,2023-03-16,Congo,Pointe-Noire,Site web,Grande entreprise,Informatique,Imprimante Canon,10,137776,10,1239984,1014620,225364,Carte bancaire,Aucune campagne,4.3
CMD-102408,2025-02-12,Guinée équatoriale,Bata,WhatsApp Business,Particulier,Mode,Montre connectée,4,49445,5,187891,110193,77698,Carte bancaire,Campagne Facebook Ads,3.2
CMD-102409,2023-06-12,Guinée équatoriale,Bata,Facebook,Particulier,Électroménager,Mixeur Moulinex,13,37373,0,485849,271140,214709,Espèces,Aucune campagne,3.6
CMD-102410,2025-04-25,Cameroun,Douala,Facebook,PME,Mode,Chemise homme,2,18169,10,32705,22989,9716,Virement bancaire,Black Friday,3.6
CMD-102411,2023-11-18,Tchad,Sarh,WhatsApp Business,PME,Mode,Sac à main,6,29598,10,159830,122362,37468,Espèces,Soldes Ramadan,3.3
CMD-102412,2024-08-10,RDC,Kinshasa,Instagram,Grande entreprise,Téléphones,Tecno Spark 20,3,81808,0,245424,149856,95568,Virement bancaire,Promo WhatsApp,3.1
CMD-102413,2023-03-31,Guinée équatoriale,Malabo,Boutique physique,Grande entreprise,Électroménager,Télévision Hisense 43,2,244909,10,440837,309574,131263,Carte bancaire,Campagne Facebook Ads,4.7
CMD-102414,2023-08-24,Guinée équatoriale,Malabo,WhatsApp Business,Grande entreprise,Informatique,HP EliteBook,7,380241,0,2661687,1973913,687774,Carte bancaire,Promo WhatsApp,4.7
CMD-102415,2025-02-20,Tchad,Sarh,Instagram,Particulier,Informatique,Imprimante Canon,8,127046,0,1016368,719181,297187,Espèces,Black Friday,4.6
CMD-102416,2023-11-15,RDC,Matadi,WhatsApp Business,PME,Alimentation,Boisson gazeuse,14,3632,0,50848,32122,18726,Carte bancaire,Fête de fin d'année,3.0
CMD-102417,2023-06-07,Tchad,Sarh,Boutique physique,Particulier,Mode,Sac à main,12,29363,5,334739,205319,129420,Mobile Money,Campagne Facebook Ads,3.6
CMD-102418,2026-04-17,Guinée équatoriale,Malabo,Facebook,Particulier,Alimentation,Riz 25kg,12,22514,15,229643,149905,79738,Carte bancaire,Soldes Ramadan,4.6
CMD-102419,2023-07-09,Tchad,Moundou,Site web,Grande entreprise,Téléphones,Redmi Note 13,2,126857,5,241029,193132,47897,Mobile Money,Campagne Facebook Ads,4.7
CMD-102420,2025-09-22,Congo,Brazzaville,Site web,Grande entreprise,Informatique,Clé USB 64GB,11,9622,0,105842,83600,22242,Carte bancaire,Fête de fin d'année,3.8
CMD-102421,2025-11-22,Congo,Pointe-Noire,Site web,Grande entreprise,Électroménager,Télévision Hisense 43,2,223151,0,446302,336519,109783,Mobile Money,Fête de fin d'année,3.2
CMD-102422,2026-04-17,Congo,Dolisie,Facebook,PME,Téléphones,Tecno Spark 20,3,83190,0,249570,167244,82326,Virement bancaire,Promo rentrée,4.3
CMD-102423,2025-03-02,Tchad,Moundou,Facebook,Grande entreprise,Mode,Chaussures Nike,10,59741,0,597410,458692,138718,Virement bancaire,Aucune campagne,3.9
CMD-102424,2025-03-09,Cameroun,Douala,Instagram,Particulier,Téléphones,Tecno Spark 20,2,82081,0,164162,124104,40058,Carte bancaire,Promo WhatsApp,3.5
CMD-102425,2024-03-31,Gabon,Franceville,Instagram,PME,Mode,Chemise homme,13,16445,15,181718,113080,68638,Espèces,Aucune campagne,3.4
CMD-102426,2024-08-14,RCA,Berbérati,Revendeur,PME,Téléphones,Tecno Spark 20,4,89429,15,304059,186012,118047,Espèces,Promo rentrée,3.2
CMD-102427,2023-05-14,Congo,Nkayi,Site web,Particulier,Téléphones,Tecno Spark 20,3,85565,5,243861,157207,86654,Espèces,Promo WhatsApp,4.4
CMD-102428,2024-11-11,RDC,Lubumbashi,Boutique physique,Particulier,Téléphones,Samsung Galaxy A15,2,86135,10,155043,110497,44546,Espèces,Black Friday,3.6
CMD-102429,2025-12-03,RDC,Kinshasa,Site web,PME,Mode,Chemise homme,1,16476,5,15653,9837,5816,Virement bancaire,Campagne Facebook Ads,3.8
CMD-102430,2024-05-19,RCA,Berbérati,Boutique physique,Particulier,Alimentation,Boisson gazeuse,9,3210,0,28890,22895,5995,Mobile Money,Promo WhatsApp,3.8
CMD-102431,2024-10-03,Guinée équatoriale,Bata,Facebook,Grande entreprise,Téléphones,Samsung Galaxy A15,8,97049,0,776392,564077,212315,Carte bancaire,Campagne Facebook Ads,4.1
CMD-102432,2026-03-21,Cameroun,Douala,Instagram,Particulier,Mode,Chaussures Nike,2,62309,0,124618,83423,41195,Mobile Money,Fête de fin d'année,4.4
CMD-102433,2024-12-31,Tchad,N'Djamena,Site web,PME,Électroménager,Réfrigérateur LG,5,408094,0,2040470,1642781,397689,Virement bancaire,Fête de fin d'année,3.7
CMD-102434,2024-12-02,Cameroun,Yaoundé,WhatsApp Business,Particulier,Électroménager,Télévision Hisense 43,11,239467,5,2502431,2041809,460622,Mobile Money,Promo WhatsApp,3.7
CMD-102435,2023-04-24,Guinée équatoriale,Malabo,Revendeur,Grande entreprise,Électroménager,Mixeur Moulinex,6,33633,0,201798,158741,43057,Carte bancaire,Promo WhatsApp,3.6
CMD-102436,2025-09-05,RCA,Berbérati,Instagram,Particulier,Informatique,Dell Latitude,12,418521,0,5022252,4060270,961982,Mobile Money,Promo WhatsApp,4.3
CMD-102437,2024-02-06,Cameroun,Garoua,Site web,PME,Mode,Sac à main,5,32852,15,139621,104038,35583,Virement bancaire,Campagne Facebook Ads,4.6
CMD-102438,2023-07-09,Gabon,Franceville,Boutique physique,Particulier,Électroménager,Mixeur Moulinex,14,35692,5,474704,332017,142687,Espèces,Aucune campagne,3.5
CMD-102439,2025-01-15,Cameroun,Douala,Boutique physique,PME,Mode,Montre connectée,8,54446,5,413790,228239,185551,Carte bancaire,Campagne Facebook Ads,4.1
CMD-102440,2024-11-25,Gabon,Port-Gentil,Revendeur,Grande entreprise,Alimentation,Huile 5L,2,10641,0,21282,13937,7345,Carte bancaire,Fête de fin d'année,3.0
CMD-102441,2025-07-06,Guinée équatoriale,Bata,Facebook,Grande entreprise,Mode,Chemise homme,7,17138,10,107970,74983,32987,Espèces,Fête de fin d'année,3.0
CMD-102442,2023-07-22,RDC,Kinshasa,Instagram,PME,Électroménager,Mixeur Moulinex,5,37287,5,177114,130677,46437,Carte bancaire,Fête de fin d'année,4.4
CMD-102443,2023-04-20,Gabon,Libreville,Revendeur,Particulier,Alimentation,Riz 25kg,6,21743,0,130458,85469,44989,Mobile Money,Soldes Ramadan,3.0
CMD-102444,2025-07-30,Guinée équatoriale,Malabo,Facebook,PME,Téléphones,iPhone 13,7,477593,0,3343151,2602455,740696,Mobile Money,Black Friday,3.4
CMD-102445,2024-01-31,Congo,Brazzaville,Facebook,Grande entreprise,Téléphones,Samsung Galaxy A15,11,103071,10,1020403,599774,420629,Virement bancaire,Campagne Facebook Ads,4.1
CMD-102446,2023-05-31,Tchad,Sarh,Revendeur,PME,Téléphones,Redmi Note 13,8,130474,15,887224,711274,175950,Mobile Money,Promo WhatsApp,3.1
CMD-102447,2025-05-08,RCA,Berbérati,WhatsApp Business,Particulier,Électroménager,Ventilateur Binatone,14,31507,0,441098,358059,83039,Mobile Money,Campagne Facebook Ads,3.1
CMD-102448,2025-03-25,Tchad,Sarh,Boutique physique,PME,Électroménager,Mixeur Moulinex,1,35093,0,35093,24287,10806,Virement bancaire,Promo rentrée,4.6
CMD-102449,2025-06-12,RCA,Bangui,Instagram,Grande entreprise,Téléphones,Tecno Spark 20,4,85286,0,341144,251209,89935,Carte bancaire,Fête de fin d'année,4.2
CMD-102450,2026-03-28,RCA,Bangui,Revendeur,Grande entreprise,Mode,Montre connectée,7,46486,0,325402,191916,133486,Carte bancaire,Soldes Ramadan,4.3
CMD-102451,2023-07-28,Cameroun,Garoua,Site web,Particulier,Électroménager,Mixeur Moulinex,15,39260,5,559455,429304,130151,Virement bancaire,Aucune campagne,3.3
CMD-102452,2025-04-28,Gabon,Franceville,Facebook,PME,Alimentation,Boisson gazeuse,14,3902,0,54628,34662,19966,Espèces,Campagne Facebook Ads,4.5
CMD-102453,2024-03-31,Cameroun,Bafoussam,Instagram,PME,Alimentation,Lait en poudre,9,6033,0,54297,30953,23344,Mobile Money,Aucune campagne,3.4
CMD-102454,2024-12-13,RCA,Bangui,Revendeur,Grande entreprise,Informatique,Clé USB 64GB,8,8291,0,66328,42162,24166,Mobile Money,Campagne Facebook Ads,4.2
CMD-102455,2024-12-30,RCA,Berbérati,Revendeur,Particulier,Électroménager,Ventilateur Binatone,9,28552,10,231272,130454,100818,Mobile Money,Soldes Ramadan,4.2
CMD-102456,2025-03-23,RCA,Berbérati,Boutique physique,Particulier,Mode,Sac à main,8,30146,5,229110,137057,92053,Carte bancaire,Black Friday,3.8
CMD-102457,2024-12-06,Gabon,Franceville,Site web,Grande entreprise,Informatique,HP EliteBook,9,417648,0,3758832,2699111,1059721,Virement bancaire,Promo WhatsApp,4.3
CMD-102458,2024-10-08,Guinée équatoriale,Malabo,Boutique physique,Grande entreprise,Mode,Sac à main,10,35444,5,336718,262718,74000,Carte bancaire,Fête de fin d'année,4.5
CMD-102459,2025-03-12,RCA,Berbérati,Instagram,Particulier,Informatique,HP EliteBook,2,348117,15,591799,360094,231705,Carte bancaire,Soldes Ramadan,4.9
CMD-102460,2023-08-02,Tchad,Moundou,Facebook,Grande entreprise,Électroménager,Télévision Hisense 43,7,262075,5,1742799,1364556,378243,Espèces,Soldes Ramadan,3.2
CMD-102461,2025-03-25,Guinée équatoriale,Malabo,Boutique physique,Grande entreprise,Électroménager,Mixeur Moulinex,1,38469,10,34623,19444,15179,Carte bancaire,Aucune campagne,4.9
CMD-102462,2023-03-22,Cameroun,Garoua,Revendeur,Grande entreprise,Alimentation,Huile 5L,9,9657,0,86913,66560,20353,Carte bancaire,Promo rentrée,4.8
CMD-102463,2023-11-02,Cameroun,Bafoussam,Instagram,Particulier,Électroménager,Ventilateur Binatone,6,30537,0,183222,127721,55501,Mobile Money,Promo rentrée,3.4
CMD-102464,2023-05-23,Tchad,Moundou,Revendeur,Particulier,Téléphones,iPhone 13,3,538820,0,1616460,1251129,365331,Virement bancaire,Aucune campagne,3.9
CMD-102465,2024-11-01,RCA,Berbérati,Boutique physique,Grande entreprise,Électroménager,Ventilateur Binatone,6,25663,10,138581,103585,34996,Mobile Money,Promo rentrée,3.7
CMD-102466,2023-09-21,Gabon,Libreville,WhatsApp Business,Particulier,Téléphones,Samsung Galaxy A15,10,92709,10,834381,632058,202323,Mobile Money,Promo rentrée,3.3
CMD-102467,2025-12-19,Cameroun,Bafoussam,Revendeur,Particulier,Téléphones,Redmi Note 13,3,130515,0,391545,219397,172148,Espèces,Soldes Ramadan,3.5
CMD-102468,2025-06-09,Cameroun,Garoua,WhatsApp Business,Grande entreprise,Électroménager,Ventilateur Binatone,6,30848,10,166580,96779,69801,Mobile Money,Campagne Facebook Ads,4.5
CMD-102469,2026-02-17,Tchad,N'Djamena,Revendeur,PME,Mode,Montre connectée,4,44687,5,169811,121465,48346,Mobile Money,Black Friday,3.9
CMD-102470,2025-03-08,Cameroun,Douala,Instagram,PME,Informatique,Imprimante Canon,5,135296,0,676480,544278,132202,Virement bancaire,Promo rentrée,3.2
CMD-102471,2023-07-14,Congo,Dolisie,Facebook,Particulier,Informatique,Imprimante Canon,9,108824,0,979416,731422,247994,Virement bancaire,Campagne Facebook Ads,4.0
CMD-102472,2023-01-13,RCA,Bangui,Boutique physique,Grande entreprise,Alimentation,Riz 25kg,10,22377,0,223770,130264,93506,Virement bancaire,Aucune campagne,3.6
CMD-102473,2023-11-29,Tchad,Sarh,Facebook,Particulier,Mode,Chaussures Nike,12,59384,0,712608,415440,297168,Carte bancaire,Soldes Ramadan,4.4
CMD-102474,2025-07-22,Cameroun,Yaoundé,Revendeur,PME,Alimentation,Riz 25kg,6,24619,10,132943,80050,52893,Carte bancaire,Fête de fin d'année,4.3
CMD-102475,2024-02-11,Gabon,Franceville,Boutique physique,Particulier,Téléphones,iPhone 13,8,597357,0,4778856,3839205,939651,Mobile Money,Promo rentrée,4.2
CMD-102476,2026-01-17,Gabon,Libreville,WhatsApp Business,PME,Informatique,Imprimante Canon,9,128574,0,1157166,781100,376066,Mobile Money,Black Friday,4.1
CMD-102477,2025-12-28,Congo,Nkayi,Site web,Particulier,Informatique,HP EliteBook,4,343887,0,1375548,1054539,321009,Virement bancaire,Promo rentrée,4.8
CMD-102478,2024-03-26,Guinée équatoriale,Bata,Revendeur,PME,Téléphones,iPhone 13,14,585141,0,8191974,5852928,2339046,Espèces,Soldes Ramadan,3.7
CMD-102479,2025-06-26,RCA,Berbérati,Instagram,Grande entreprise,Alimentation,Huile 5L,1,9324,0,9324,6546,2778,Mobile Money,Promo rentrée,3.6
CMD-102480,2023-10-20,RCA,Bangui,Facebook,PME,Mode,Sac à main,1,34469,0,34469,23310,11159,Mobile Money,Promo rentrée,3.9
CMD-102481,2023-08-12,RDC,Kinshasa,Revendeur,Particulier,Alimentation,Boisson gazeuse,9,3649,0,32841,25138,7703,Carte bancaire,Promo rentrée,4.8
CMD-102482,2025-11-18,Guinée équatoriale,Malabo,Instagram,PME,Électroménager,Ventilateur Binatone,12,28851,5,328902,186294,142608,Mobile Money,Black Friday,3.4
CMD-102483,2024-05-19,RCA,Bangui,Site web,Grande entreprise,Téléphones,Redmi Note 13,5,139664,0,698320,523689,174631,Virement bancaire,Aucune campagne,4.5
CMD-102484,2023-04-10,Guinée équatoriale,Malabo,WhatsApp Business,Particulier,Mode,Chaussures Nike,11,61962,0,681582,502940,178642,Virement bancaire,Soldes Ramadan,4.8
CMD-102485,2026-02-22,Tchad,Sarh,Site web,PME,Informatique,Dell Latitude,9,416376,15,3185277,2580308,604969,Mobile Money,Aucune campagne,4.7
CMD-102486,2026-03-10,Guinée équatoriale,Bata,Boutique physique,PME,Électroménager,Ventilateur Binatone,7,30076,0,210532,156251,54281,Carte bancaire,Promo WhatsApp,3.0
CMD-102487,2024-06-01,Tchad,Moundou,Facebook,PME,Alimentation,Boisson gazeuse,13,3392,5,41892,30777,11115,Mobile Money,Campagne Facebook Ads,4.7
CMD-102488,2024-12-04,Congo,Nkayi,WhatsApp Business,PME,Mode,Sac à main,12,32208,5,367172,265416,101756,Virement bancaire,Campagne Facebook Ads,3.6
CMD-102489,2024-11-29,Gabon,Franceville,Site web,Particulier,Téléphones,Redmi Note 13,1,158783,15,134966,83673,51293,Espèces,Soldes Ramadan,4.2
CMD-102490,2024-04-01,RCA,Bangui,Instagram,PME,Mode,Montre connectée,6,49275,0,295650,198564,97086,Virement bancaire,Soldes Ramadan,4.8
CMD-102491,2023-03-21,Guinée équatoriale,Malabo,Revendeur,Particulier,Mode,Montre connectée,9,46913,0,422217,345189,77028,Mobile Money,Promo WhatsApp,4.0
CMD-102492,2024-01-31,RCA,Bangui,Boutique physique,Grande entreprise,Mode,Montre connectée,7,44327,15,263746,190409,73337,Mobile Money,Promo WhatsApp,3.6
CMD-102493,2025-10-23,Tchad,Sarh,Boutique physique,Particulier,Électroménager,Ventilateur Binatone,10,26297,0,262970,158647,104323,Carte bancaire,Promo WhatsApp,3.6
CMD-102494,2023-03-30,Tchad,Sarh,WhatsApp Business,Particulier,Alimentation,Boisson gazeuse,3,3984,0,11952,8774,3178,Carte bancaire,Campagne Facebook Ads,4.5
CMD-102495,2024-11-08,RCA,Berbérati,Facebook,Grande entreprise,Informatique,Dell Latitude,3,426153,0,1278459,942832,335627,Virement bancaire,Black Friday,4.6
CMD-102496,2025-09-24,Gabon,Franceville,Instagram,Grande entreprise,Téléphones,Tecno Spark 20,3,97082,0,291246,181247,109999,Espèces,Promo rentrée,3.1
CMD-102497,2023-03-27,Tchad,N'Djamena,WhatsApp Business,Particulier,Informatique,Imprimante Canon,6,118340,5,674538,550697,123841,Mobile Money,Promo WhatsApp,4.8
CMD-102498,2025-01-08,Congo,Nkayi,Instagram,PME,Informatique,HP EliteBook,4,381719,0,1526876,949223,577653,Mobile Money,Campagne Facebook Ads,4.1
CMD-102499,2023-10-30,Cameroun,Douala,Revendeur,Particulier,Alimentation,Huile 5L,15,10123,0,151845,122731,29114,Virement bancaire,Fête de fin d'année,4.0
CMD-102500,2026-01-13,Congo,Nkayi,Revendeur,Grande entreprise,Mode,Chaussures Nike,15,51615,0,774225,615288,158937,Mobile Money,Fête de fin d'année,4.3
CMD-102501,2024-06-09,RDC,Goma,Facebook,PME,Informatique,Clé USB 64GB,9,9663,0,86967,63592,23375,Espèces,Promo rentrée,3.7
CMD-102502,2026-01-08,Cameroun,Bafoussam,Revendeur,PME,Électroménager,Télévision Hisense 43,7,207380,5,1379077,939934,439143,Carte bancaire,Black Friday,4.2
CMD-102503,2023-05-07,RCA,Bangui,Instagram,Particulier,Mode,Montre connectée,14,55033,10,693416,516773,176643,Mobile Money,Aucune campagne,3.5
CMD-102504,2025-05-18,Cameroun,Yaoundé,Site web,Particulier,Mode,Montre connectée,12,51128,0,613536,494492,119044,Carte bancaire,Soldes Ramadan,4.8
CMD-102505,2023-08-02,Cameroun,Yaoundé,Site web,Particulier,Téléphones,Redmi Note 13,6,159211,15,811977,451709,360268,Virement bancaire,Soldes Ramadan,3.9
CMD-102506,2026-04-11,RDC,Kinshasa,Facebook,PME,Téléphones,iPhone 13,11,482015,0,5302165,2996097,2306068,Mobile Money,Promo WhatsApp,4.7
CMD-102507,2024-02-01,RDC,Matadi,Revendeur,Particulier,Électroménager,Réfrigérateur LG,7,397143,0,2780001,1942756,837245,Mobile Money,Soldes Ramadan,4.4
CMD-102508,2024-11-21,Tchad,N'Djamena,Instagram,Particulier,Alimentation,Lait en poudre,13,6904,0,89752,52089,37663,Carte bancaire,Black Friday,3.4
CMD-102509,2025-06-29,RDC,Kinshasa,WhatsApp Business,PME,Téléphones,Tecno Spark 20,15,79587,0,1193805,866868,326937,Mobile Money,Fête de fin d'année,4.5
CMD-102510,2023-12-08,Gabon,Franceville,WhatsApp Business,Particulier,Alimentation,Boisson gazeuse,8,3793,10,27310,21576,5734,Virement bancaire,Black Friday,4.8
CMD-102511,2026-03-27,Cameroun,Yaoundé,Facebook,PME,Alimentation,Riz 25kg,2,27485,0,54970,36487,18483,Virement bancaire,Soldes Ramadan,4.1
CMD-102512,2023-01-27,RDC,Goma,Instagram,Grande entreprise,Alimentation,Boisson gazeuse,3,3798,0,11394,7777,3617,Mobile Money,Soldes Ramadan,4.7
CMD-102513,2025-08-02,RDC,Goma,Site web,PME,Mode,Sac à main,12,33821,0,405852,242601,163251,Espèces,Promo WhatsApp,3.4
CMD-102514,2025-05-03,RDC,Goma,Instagram,PME,Téléphones,Redmi Note 13,1,154366,15,131212,93635,37577,Mobile Money,Promo WhatsApp,3.6
CMD-102515,2025-12-05,Congo,Brazzaville,Site web,Particulier,Alimentation,Lait en poudre,15,6098,0,91470,54138,37332,Carte bancaire,Promo WhatsApp,3.1
CMD-102516,2025-10-06,RCA,Bangui,Site web,PME,Mode,Chemise homme,2,18168,0,36336,23336,13000,Mobile Money,Fête de fin d'année,3.1
CMD-102517,2025-04-02,RDC,Matadi,Instagram,Grande entreprise,Alimentation,Riz 25kg,13,22807,15,252018,195721,56297,Espèces,Soldes Ramadan,3.8
CMD-102518,2024-06-21,Congo,Brazzaville,Revendeur,PME,Mode,Sac à main,15,29785,0,446775,337521,109254,Carte bancaire,Fête de fin d'année,3.3
CMD-102519,2026-02-13,RCA,Berbérati,Site web,Particulier,Téléphones,Redmi Note 13,13,126630,10,1481571,1056450,425121,Virement bancaire,Promo rentrée,4.4
CMD-102520,2025-09-22,RCA,Bangui,Boutique physique,PME,Mode,Chaussures Nike,12,56573,15,577045,424123,152922,Carte bancaire,Promo rentrée,4.7
CMD-102521,2024-04-05,RDC,Matadi,Site web,Grande entreprise,Téléphones,Samsung Galaxy A15,8,105141,0,841128,527340,313788,Espèces,Soldes Ramadan,3.8
CMD-102522,2023-04-20,RDC,Matadi,Boutique physique,Particulier,Mode,Sac à main,11,36096,5,377204,215939,161265,Mobile Money,Campagne Facebook Ads,3.7
CMD-102523,2025-01-11,Tchad,N'Djamena,WhatsApp Business,Particulier,Téléphones,Redmi Note 13,1,154533,5,146807,102753,44054,Espèces,Promo rentrée,3.1
CMD-102524,2023-12-26,Cameroun,Garoua,Boutique physique,Grande entreprise,Informatique,Clé USB 64GB,3,9643,15,24590,15049,9541,Carte bancaire,Aucune campagne,3.1
CMD-102525,2024-11-14,RDC,Goma,Site web,PME,Alimentation,Lait en poudre,5,6903,15,29338,21623,7715,Espèces,Aucune campagne,4.3
CMD-102526,2024-06-12,Guinée équatoriale,Bata,WhatsApp Business,Particulier,Informatique,Imprimante Canon,14,130802,0,1831228,1082006,749222,Espèces,Promo rentrée,4.3
CMD-102527,2025-01-20,RDC,Goma,WhatsApp Business,Particulier,Téléphones,iPhone 13,13,561443,5,6933822,4359741,2574081,Virement bancaire,Campagne Facebook Ads,3.2
CMD-102528,2025-07-05,Tchad,N'Djamena,Boutique physique,Grande entreprise,Mode,Montre connectée,13,52219,15,577020,406698,170322,Virement bancaire,Campagne Facebook Ads,3.8
CMD-102529,2023-04-06,Congo,Dolisie,Site web,PME,Informatique,Clé USB 64GB,13,8298,5,102481,64698,37783,Virement bancaire,Aucune campagne,4.6
CMD-102530,2024-11-22,Tchad,N'Djamena,WhatsApp Business,PME,Informatique,Imprimante Canon,10,126368,10,1137312,643427,493885,Mobile Money,Soldes Ramadan,4.0
CMD-102531,2025-06-13,Gabon,Port-Gentil,Facebook,PME,Informatique,Imprimante Canon,6,108804,10,587542,414769,172773,Carte bancaire,Fête de fin d'année,3.4
CMD-102532,2023-04-27,Cameroun,Bafoussam,Site web,PME,Alimentation,Riz 25kg,2,27008,0,54016,39793,14223,Mobile Money,Aucune campagne,4.8
CMD-102533,2025-01-01,Gabon,Port-Gentil,Instagram,Particulier,Mode,Chemise homme,10,17200,0,172000,98146,73854,Carte bancaire,Promo rentrée,4.7
CMD-102534,2023-03-23,Guinée équatoriale,Bata,WhatsApp Business,Grande entreprise,Électroménager,Télévision Hisense 43,12,260877,10,2817472,1555934,1261538,Virement bancaire,Fête de fin d'année,4.8
CMD-102535,2024-11-10,Cameroun,Garoua,WhatsApp Business,Grande entreprise,Alimentation,Lait en poudre,11,7365,0,81015,51884,29131,Virement bancaire,Campagne Facebook Ads,3.6
CMD-102536,2024-06-07,Tchad,N'Djamena,Site web,PME,Alimentation,Huile 5L,2,10577,0,21154,14321,6833,Virement bancaire,Fête de fin d'année,4.2
CMD-102537,2025-09-13,RDC,Kinshasa,Facebook,Grande entreprise,Informatique,Dell Latitude,10,404030,5,3838285,3104293,733992,Virement bancaire,Campagne Facebook Ads,4.4
CMD-102538,2023-04-08,Cameroun,Douala,Facebook,Particulier,Informatique,Clé USB 64GB,2,9130,5,17347,11114,6233,Carte bancaire,Promo WhatsApp,4.6
CMD-102539,2025-08-21,RDC,Matadi,Facebook,PME,Alimentation,Lait en poudre,10,7463,10,67167,45302,21865,Espèces,Promo WhatsApp,3.7
CMD-102540,2023-10-06,Guinée équatoriale,Bata,Site web,Grande entreprise,Téléphones,Tecno Spark 20,5,76590,10,344655,275749,68906,Carte bancaire,Promo WhatsApp,4.4
CMD-102541,2023-05-12,Congo,Dolisie,Site web,Particulier,Alimentation,Lait en poudre,3,6979,0,20937,15266,5671,Espèces,Promo WhatsApp,5.0
CMD-102542,2024-08-26,Cameroun,Douala,WhatsApp Business,PME,Téléphones,Tecno Spark 20,14,82424,10,1038543,651491,387052,Espèces,Promo WhatsApp,4.0
CMD-102543,2024-05-06,Congo,Pointe-Noire,Boutique physique,PME,Informatique,Clé USB 64GB,9,9907,0,89163,66017,23146,Mobile Money,Soldes Ramadan,4.7
CMD-102544,2023-07-29,RDC,Goma,WhatsApp Business,Grande entreprise,Alimentation,Boisson gazeuse,9,3176,0,28584,23190,5394,Carte bancaire,Promo WhatsApp,3.8
CMD-102545,2023-12-27,RCA,Berbérati,Revendeur,Grande entreprise,Électroménager,Mixeur Moulinex,1,33365,5,31697,25651,6046,Virement bancaire,Promo rentrée,4.6
CMD-102546,2023-05-09,Tchad,Moundou,Boutique physique,Particulier,Électroménager,Télévision Hisense 43,5,233252,0,1166260,773183,393077,Mobile Money,Black Friday,4.6
CMD-102547,2026-01-10,Tchad,Sarh,Boutique physique,PME,Téléphones,Redmi Note 13,9,155660,10,1260846,1001239,259607,Virement bancaire,Promo rentrée,4.5
CMD-102548,2025-02-10,Gabon,Franceville,Instagram,PME,Informatique,Imprimante Canon,10,133852,0,1338520,921801,416719,Espèces,Promo rentrée,3.5
CMD-102549,2025-12-07,Tchad,N'Djamena,Instagram,PME,Électroménager,Mixeur Moulinex,6,32720,0,196320,156469,39851,Mobile Money,Fête de fin d'année,4.4
CMD-102550,2025-12-26,Guinée équatoriale,Bata,Instagram,Particulier,Mode,Chemise homme,3,18615,0,55845,45695,10150,Espèces,Black Friday,5.0
CMD-102551,2025-07-31,Congo,Brazzaville,Revendeur,Particulier,Téléphones,Tecno Spark 20,14,90833,10,1144496,796462,348034,Carte bancaire,Soldes Ramadan,3.2
CMD-102552,2025-06-25,Cameroun,Douala,Revendeur,PME,Électroménager,Ventilateur Binatone,7,28860,0,202020,118026,83994,Virement bancaire,Black Friday,4.9
CMD-102553,2023-03-01,RDC,Goma,WhatsApp Business,Particulier,Électroménager,Ventilateur Binatone,3,28904,15,73706,48075,25631,Virement bancaire,Promo WhatsApp,4.4
CMD-102554,2026-01-04,Tchad,N'Djamena,WhatsApp Business,PME,Informatique,Clé USB 64GB,2,10252,0,20504,13528,6976,Espèces,Campagne Facebook Ads,3.5
CMD-102555,2023-09-22,Guinée équatoriale,Bata,Instagram,PME,Mode,Sac à main,6,35925,0,215550,129777,85773,Mobile Money,Promo rentrée,4.7
CMD-102556,2023-05-05,Gabon,Port-Gentil,Instagram,Particulier,Électroménager,Télévision Hisense 43,9,227496,10,1842718,1247244,595474,Carte bancaire,Black Friday,4.9
CMD-102557,2023-11-09,Tchad,Moundou,Facebook,PME,Mode,Chaussures Nike,5,59251,0,296255,166280,129975,Virement bancaire,Aucune campagne,3.7
CMD-102558,2024-08-23,Tchad,Sarh,Instagram,PME,Électroménager,Ventilateur Binatone,15,31608,5,450414,326682,123732,Mobile Money,Fête de fin d'année,3.2
CMD-102559,2024-12-04,Guinée équatoriale,Bata,Boutique physique,PME,Informatique,Clé USB 64GB,14,9551,0,133714,92592,41122,Espèces,Aucune campagne,3.8
CMD-102560,2023-05-25,RCA,Berbérati,WhatsApp Business,PME,Mode,Montre connectée,12,45939,0,551268,409124,142144,Espèces,Fête de fin d'année,4.9
CMD-102561,2024-05-04,Tchad,Moundou,Facebook,PME,Mode,Chaussures Nike,1,58564,5,55636,43986,11650,Espèces,Black Friday,4.4
CMD-102562,2024-02-27,RDC,Goma,WhatsApp Business,Grande entreprise,Téléphones,Redmi Note 13,7,126841,10,799099,567801,231298,Mobile Money,Black Friday,3.1
CMD-102563,2025-10-18,Guinée équatoriale,Malabo,Instagram,Particulier,Alimentation,Riz 25kg,12,22303,15,227491,183184,44307,Carte bancaire,Black Friday,3.2
CMD-102564,2023-06-05,Gabon,Port-Gentil,Revendeur,Particulier,Alimentation,Riz 25kg,6,26946,10,145509,110480,35029,Mobile Money,Fête de fin d'année,3.1
CMD-102565,2025-07-27,Guinée équatoriale,Malabo,Revendeur,Grande entreprise,Électroménager,Ventilateur Binatone,5,31063,0,155315,99097,56218,Virement bancaire,Promo WhatsApp,3.0
CMD-102566,2025-01-23,Cameroun,Bafoussam,Site web,Grande entreprise,Téléphones,iPhone 13,15,517526,10,6986601,4656592,2330009,Espèces,Fête de fin d'année,3.9
CMD-102567,2024-12-02,RDC,Goma,Revendeur,Particulier,Alimentation,Boisson gazeuse,10,3648,0,36480,20314,16166,Virement bancaire,Black Friday,3.6
CMD-102568,2024-08-09,Tchad,Sarh,Site web,Particulier,Téléphones,Redmi Note 13,2,136512,0,273024,214689,58335,Espèces,Black Friday,4.8
CMD-102569,2025-12-20,RCA,Berbérati,Site web,Particulier,Électroménager,Télévision Hisense 43,3,253517,0,760551,611824,148727,Mobile Money,Promo WhatsApp,4.3
CMD-102570,2025-02-05,RCA,Berbérati,Revendeur,PME,Téléphones,Samsung Galaxy A15,10,100442,0,1004420,577524,426896,Espèces,Black Friday,4.0
CMD-102571,2025-08-06,Congo,Brazzaville,Site web,Grande entreprise,Téléphones,Tecno Spark 20,8,89901,10,647288,510102,137186,Carte bancaire,Fête de fin d'année,3.4
CMD-102572,2024-08-05,Congo,Brazzaville,Facebook,Particulier,Informatique,Dell Latitude,3,453967,0,1361901,1037985,323916,Carte bancaire,Aucune campagne,4.8
CMD-102573,2023-07-04,Cameroun,Bafoussam,Revendeur,Particulier,Électroménager,Télévision Hisense 43,11,255041,0,2805451,1979206,826245,Mobile Money,Fête de fin d'année,3.4
CMD-102574,2023-02-25,RCA,Bangui,Instagram,Grande entreprise,Informatique,Clé USB 64GB,10,8813,10,79317,44933,34384,Espèces,Promo rentrée,3.6
CMD-102575,2023-06-28,Cameroun,Yaoundé,Boutique physique,Particulier,Électroménager,Télévision Hisense 43,5,230381,0,1151905,805752,346153,Espèces,Soldes Ramadan,4.9
CMD-102576,2025-06-04,RCA,Bangui,Instagram,PME,Informatique,Imprimante Canon,8,110059,0,880472,627092,253380,Virement bancaire,Promo rentrée,4.4
CMD-102577,2023-12-05,Cameroun,Bafoussam,Revendeur,Grande entreprise,Électroménager,Télévision Hisense 43,14,214384,0,3001376,1772910,1228466,Carte bancaire,Aucune campagne,4.2
CMD-102578,2023-11-30,Congo,Brazzaville,Site web,Particulier,Téléphones,Samsung Galaxy A15,5,99561,0,497805,349125,148680,Mobile Money,Aucune campagne,4.2
CMD-102579,2026-03-25,RDC,Matadi,Boutique physique,Grande entreprise,Informatique,Imprimante Canon,3,113647,10,306847,177688,129159,Carte bancaire,Promo rentrée,4.7
CMD-102580,2024-02-28,RCA,Bangui,WhatsApp Business,Particulier,Électroménager,Télévision Hisense 43,7,262442,15,1561530,1203147,358383,Virement bancaire,Campagne Facebook Ads,3.2
CMD-102581,2023-05-22,RCA,Berbérati,Boutique physique,Particulier,Mode,Chaussures Nike,5,62889,15,267279,210508,56771,Carte bancaire,Soldes Ramadan,4.8
CMD-102582,2024-10-19,Tchad,Sarh,Boutique physique,Particulier,Téléphones,Samsung Galaxy A15,15,97521,5,1389675,873343,516332,Carte bancaire,Soldes Ramadan,4.6
CMD-102583,2025-05-30,Cameroun,Yaoundé,Instagram,Particulier,Téléphones,Tecno Spark 20,5,96744,0,483720,343420,140300,Espèces,Aucune campagne,3.1
CMD-102584,2023-11-11,RDC,Matadi,Revendeur,PME,Informatique,HP EliteBook,14,409978,5,5452708,3509489,1943219,Carte bancaire,Black Friday,3.7
CMD-102585,2025-10-28,Congo,Nkayi,Boutique physique,Grande entreprise,Électroménager,Réfrigérateur LG,7,380740,0,2665180,1942321,722859,Mobile Money,Fête de fin d'année,4.5
CMD-102586,2024-02-26,Guinée équatoriale,Bata,Instagram,PME,Téléphones,Tecno Spark 20,13,94709,10,1108096,722878,385218,Mobile Money,Promo rentrée,3.1
CMD-102587,2024-05-17,Gabon,Franceville,WhatsApp Business,Particulier,Alimentation,Boisson gazeuse,7,3949,5,26261,17259,9002,Carte bancaire,Soldes Ramadan,4.7
CMD-102588,2023-01-19,RDC,Kinshasa,Site web,PME,Téléphones,Redmi Note 13,2,151976,0,303952,210087,93865,Mobile Money,Fête de fin d'année,4.6
CMD-102589,2023-03-04,RCA,Bangui,Instagram,PME,Alimentation,Lait en poudre,4,6255,0,25020,15775,9245,Virement bancaire,Fête de fin d'année,4.6
CMD-102590,2024-11-17,Gabon,Franceville,Boutique physique,Grande entreprise,Alimentation,Huile 5L,10,10628,0,106280,65438,40842,Virement bancaire,Black Friday,4.2
CMD-102591,2024-12-30,Cameroun,Garoua,Boutique physique,Particulier,Alimentation,Huile 5L,11,9437,0,103807,77910,25897,Mobile Money,Aucune campagne,3.6
CMD-102592,2026-01-16,RDC,Kinshasa,WhatsApp Business,Grande entreprise,Électroménager,Télévision Hisense 43,9,256561,0,2309049,1537038,772011,Virement bancaire,Black Friday,4.1
CMD-102593,2025-04-22,RDC,Lubumbashi,Facebook,Grande entreprise,Électroménager,Mixeur Moulinex,9,31648,0,284832,210095,74737,Espèces,Promo WhatsApp,3.5
CMD-102594,2025-03-15,RDC,Goma,Boutique physique,Particulier,Alimentation,Lait en poudre,12,6629,15,67616,42040,25576,Mobile Money,Promo WhatsApp,3.5
CMD-102595,2025-03-29,Cameroun,Douala,Facebook,PME,Mode,Chemise homme,6,20206,10,109113,73041,36072,Espèces,Promo rentrée,3.1
CMD-102596,2026-01-19,Tchad,N'Djamena,Facebook,Grande entreprise,Téléphones,iPhone 13,5,571902,0,2859510,1911986,947524,Carte bancaire,Soldes Ramadan,3.2
CMD-102597,2023-03-05,RDC,Kinshasa,Instagram,Particulier,Téléphones,Redmi Note 13,9,139342,0,1254078,793664,460414,Mobile Money,Aucune campagne,4.7
CMD-102598,2024-07-06,Tchad,N'Djamena,Facebook,PME,Mode,Chaussures Nike,13,54076,0,702988,521269,181719,Carte bancaire,Soldes Ramadan,3.8
CMD-102599,2023-07-03,RDC,Lubumbashi,Boutique physique,Particulier,Mode,Chemise homme,15,20021,0,300315,205702,94613,Espèces,Campagne Facebook Ads,5.0
CMD-102600,2025-05-18,RCA,Berbérati,WhatsApp Business,Particulier,Informatique,Imprimante Canon,6,133427,0,800562,586117,214445,Mobile Money,Promo rentrée,3.1
CMD-102601,2025-02-09,Tchad,Moundou,Instagram,PME,Électroménager,Mixeur Moulinex,8,38285,0,306280,248559,57721,Carte bancaire,Soldes Ramadan,4.6
CMD-102602,2023-04-24,Congo,Nkayi,Facebook,Grande entreprise,Électroménager,Ventilateur Binatone,13,28912,10,338271,219627,118644,Virement bancaire,Promo rentrée,4.9
CMD-102603,2025-01-08,Guinée équatoriale,Malabo,Boutique physique,Particulier,Informatique,HP EliteBook,13,410032,10,4797375,2748699,2048676,Carte bancaire,Promo WhatsApp,3.1
CMD-102604,2024-07-11,Guinée équatoriale,Bata,Revendeur,PME,Téléphones,Tecno Spark 20,5,93845,15,398842,246487,152355,Virement bancaire,Promo rentrée,3.4
CMD-102605,2024-11-17,Congo,Nkayi,Boutique physique,PME,Électroménager,Ventilateur Binatone,15,29192,15,372198,271111,101087,Carte bancaire,Aucune campagne,4.8
CMD-102606,2023-06-23,Gabon,Port-Gentil,Revendeur,PME,Informatique,Clé USB 64GB,7,9396,0,65772,38628,27144,Espèces,Campagne Facebook Ads,5.0
CMD-102607,2023-05-17,RDC,Lubumbashi,Instagram,Particulier,Mode,Chemise homme,3,18452,0,55356,32123,23233,Espèces,Fête de fin d'année,4.3
CMD-102608,2024-03-11,RDC,Goma,WhatsApp Business,PME,Informatique,Dell Latitude,4,410869,0,1643476,1266053,377423,Espèces,Soldes Ramadan,4.1
CMD-102609,2025-06-30,Tchad,Sarh,Site web,Particulier,Mode,Chaussures Nike,11,62638,0,689018,388823,300195,Carte bancaire,Soldes Ramadan,3.0
CMD-102610,2023-03-25,RCA,Berbérati,Site web,PME,Informatique,Clé USB 64GB,7,10242,15,60940,45667,15273,Espèces,Promo rentrée,4.7
CMD-102611,2026-01-14,RCA,Berbérati,WhatsApp Business,PME,Électroménager,Mixeur Moulinex,6,37744,0,226464,172687,53777,Carte bancaire,Soldes Ramadan,3.4
CMD-102612,2024-03-02,Tchad,Moundou,WhatsApp Business,PME,Informatique,Clé USB 64GB,11,9206,10,91140,53195,37945,Espèces,Promo WhatsApp,3.1
CMD-102613,2023-09-24,Gabon,Franceville,Revendeur,Particulier,Mode,Montre connectée,2,53135,0,106270,73301,32969,Virement bancaire,Promo rentrée,4.8
CMD-102614,2025-05-03,RCA,Berbérati,Facebook,PME,Téléphones,Samsung Galaxy A15,8,102783,0,822264,477997,344267,Espèces,Fête de fin d'année,3.2
CMD-102615,2024-09-13,RDC,Kinshasa,Facebook,PME,Téléphones,Tecno Spark 20,1,92612,5,87982,57018,30964,Carte bancaire,Soldes Ramadan,3.3
CMD-102616,2024-08-21,Guinée équatoriale,Bata,Revendeur,PME,Électroménager,Mixeur Moulinex,8,40249,15,273694,186213,87481,Virement bancaire,Promo rentrée,4.1
CMD-102617,2023-07-14,Congo,Nkayi,Revendeur,Grande entreprise,Alimentation,Riz 25kg,11,22482,0,247302,147539,99763,Mobile Money,Aucune campagne,3.3
CMD-102618,2025-04-11,Cameroun,Yaoundé,Boutique physique,Particulier,Mode,Montre connectée,10,54859,0,548590,392744,155846,Virement bancaire,Fête de fin d'année,3.8
CMD-102619,2025-04-19,RCA,Bangui,Revendeur,Grande entreprise,Alimentation,Huile 5L,14,9906,0,138684,93477,45207,Carte bancaire,Promo rentrée,3.6
CMD-102620,2026-04-30,Guinée équatoriale,Malabo,Boutique physique,PME,Téléphones,Tecno Spark 20,11,97601,5,1019931,563612,456319,Mobile Money,Campagne Facebook Ads,4.7
CMD-102621,2025-06-09,Cameroun,Bafoussam,Site web,Particulier,Alimentation,Riz 25kg,9,25389,15,194226,128687,65539,Carte bancaire,Promo rentrée,4.5
CMD-102622,2025-06-10,RDC,Kinshasa,Facebook,Grande entreprise,Alimentation,Huile 5L,5,9748,10,43866,25956,17910,Virement bancaire,Campagne Facebook Ads,4.0
CMD-102623,2024-07-04,RDC,Lubumbashi,Instagram,PME,Alimentation,Lait en poudre,6,5946,5,33893,25947,7946,Virement bancaire,Black Friday,4.6
CMD-102624,2025-10-25,RDC,Matadi,Site web,PME,Mode,Chemise homme,11,17442,10,172676,118741,53935,Virement bancaire,Promo WhatsApp,3.2
CMD-102625,2023-05-05,Tchad,Moundou,WhatsApp Business,PME,Téléphones,Samsung Galaxy A15,4,92799,0,371196,279805,91391,Carte bancaire,Promo rentrée,3.4
CMD-102626,2024-04-01,Cameroun,Yaoundé,Site web,Grande entreprise,Mode,Chemise homme,6,16973,0,101838,82199,19639,Mobile Money,Promo WhatsApp,3.5
CMD-102627,2023-10-28,Guinée équatoriale,Bata,Facebook,PME,Téléphones,Redmi Note 13,4,137725,5,523355,360609,162746,Virement bancaire,Soldes Ramadan,4.3
CMD-102628,2026-03-23,RDC,Goma,Boutique physique,Particulier,Téléphones,Tecno Spark 20,6,91546,0,549276,373612,175664,Espèces,Campagne Facebook Ads,4.2
CMD-102629,2025-06-08,Guinée équatoriale,Malabo,Facebook,Particulier,Mode,Montre connectée,10,54368,0,543680,318988,224692,Carte bancaire,Aucune campagne,3.5
CMD-102630,2023-10-14,Gabon,Franceville,WhatsApp Business,PME,Mode,Sac à main,13,36371,10,425541,260574,164967,Carte bancaire,Black Friday,4.8
CMD-102631,2023-04-19,Gabon,Franceville,Revendeur,Grande entreprise,Électroménager,Réfrigérateur LG,1,402473,0,402473,299324,103149,Espèces,Black Friday,3.0
CMD-102632,2024-01-27,RCA,Bangui,WhatsApp Business,Grande entreprise,Informatique,HP EliteBook,4,412591,0,1650364,1026718,623646,Mobile Money,Soldes Ramadan,3.5
CMD-102633,2025-09-24,RCA,Bangui,Revendeur,Particulier,Alimentation,Boisson gazeuse,6,3498,0,20988,12268,8720,Espèces,Promo WhatsApp,4.8
CMD-102634,2025-05-12,Cameroun,Bafoussam,Instagram,Grande entreprise,Téléphones,iPhone 13,13,589582,15,6514882,3783135,2731747,Mobile Money,Soldes Ramadan,4.1
CMD-102635,2023-10-23,RCA,Berbérati,Instagram,Grande entreprise,Informatique,Imprimante Canon,14,129180,0,1808520,1142373,666147,Carte bancaire,Promo WhatsApp,3.2
CMD-102636,2025-07-11,Tchad,Sarh,Site web,PME,Électroménager,Ventilateur Binatone,5,25410,0,127050,94345,32705,Espèces,Aucune campagne,3.4
CMD-102637,2025-07-24,Cameroun,Garoua,Site web,PME,Électroménager,Mixeur Moulinex,11,38524,0,423764,258350,165414,Carte bancaire,Soldes Ramadan,4.2
CMD-102638,2026-04-06,Cameroun,Douala,Instagram,PME,Informatique,HP EliteBook,4,357673,10,1287623,885432,402191,Espèces,Campagne Facebook Ads,4.6
CMD-102639,2025-12-09,Congo,Pointe-Noire,Revendeur,Particulier,Électroménager,Télévision Hisense 43,1,229777,5,218289,171744,46545,Virement bancaire,Soldes Ramadan,3.8
CMD-102640,2026-03-27,RDC,Lubumbashi,Instagram,Particulier,Informatique,Clé USB 64GB,7,9159,0,64113,49609,14504,Carte bancaire,Aucune campagne,4.4
CMD-102641,2024-01-15,Tchad,Moundou,Instagram,PME,Alimentation,Riz 25kg,15,25984,0,389760,269904,119856,Carte bancaire,Black Friday,3.6
CMD-102642,2026-03-19,Congo,Dolisie,Instagram,Particulier,Informatique,Clé USB 64GB,4,10141,5,38536,24263,14273,Espèces,Aucune campagne,4.4
CMD-102643,2024-08-08,Gabon,Franceville,Instagram,Grande entreprise,Informatique,HP EliteBook,4,394851,0,1579404,1005296,574108,Espèces,Black Friday,3.8
CMD-102644,2023-07-06,Congo,Nkayi,WhatsApp Business,Grande entreprise,Téléphones,Redmi Note 13,4,127095,0,508380,380954,127426,Virement bancaire,Black Friday,3.0
CMD-102645,2024-02-24,RDC,Matadi,WhatsApp Business,Particulier,Électroménager,Mixeur Moulinex,6,37938,15,193484,147933,45551,Carte bancaire,Fête de fin d'année,4.4
CMD-102646,2023-01-11,Tchad,Moundou,Site web,Particulier,Informatique,Dell Latitude,10,480867,5,4568237,3335880,1232357,Mobile Money,Aucune campagne,4.6
CMD-102647,2025-06-24,Congo,Dolisie,Revendeur,Particulier,Alimentation,Lait en poudre,7,7019,15,41764,23228,18536,Virement bancaire,Fête de fin d'année,3.4
CMD-102648,2024-07-26,Gabon,Port-Gentil,Instagram,Particulier,Alimentation,Huile 5L,11,9663,0,106293,76083,30210,Mobile Money,Aucune campagne,3.2
CMD-102649,2025-01-19,Cameroun,Bafoussam,Site web,Particulier,Téléphones,Redmi Note 13,5,158035,15,671649,488538,183111,Mobile Money,Fête de fin d'année,4.3
CMD-102650,2024-06-06,Gabon,Port-Gentil,WhatsApp Business,Grande entreprise,Électroménager,Télévision Hisense 43,7,232031,10,1461796,1133704,328092,Carte bancaire,Aucune campagne,4.8
CMD-102651,2025-03-07,RDC,Kinshasa,Boutique physique,Grande entreprise,Informatique,Dell Latitude,9,477055,0,4293495,3125573,1167922,Carte bancaire,Promo WhatsApp,3.9
CMD-102652,2025-06-30,Tchad,Moundou,Facebook,PME,Mode,Montre connectée,2,50320,10,90576,62104,28472,Mobile Money,Aucune campagne,3.5
CMD-102653,2024-10-24,Guinée équatoriale,Bata,WhatsApp Business,Particulier,Alimentation,Boisson gazeuse,10,3337,0,33370,21913,11457,Virement bancaire,Fête de fin d'année,3.1
CMD-102654,2025-12-18,RDC,Lubumbashi,Facebook,Particulier,Informatique,Dell Latitude,5,459325,0,2296625,1485338,811287,Mobile Money,Black Friday,3.8
CMD-102655,2023-01-11,Guinée équatoriale,Malabo,Boutique physique,Particulier,Informatique,Clé USB 64GB,1,9950,10,8955,6017,2938,Espèces,Campagne Facebook Ads,4.0
CMD-102656,2023-05-01,Gabon,Port-Gentil,Instagram,PME,Alimentation,Boisson gazeuse,7,3523,0,24661,17474,7187,Virement bancaire,Fête de fin d'année,3.4
CMD-102657,2024-01-17,RDC,Matadi,Facebook,Particulier,Alimentation,Riz 25kg,11,26050,0,286550,190563,95987,Carte bancaire,Soldes Ramadan,3.4
CMD-102658,2023-05-24,Tchad,Sarh,Revendeur,Particulier,Mode,Chemise homme,6,18680,5,106476,78977,27499,Mobile Money,Campagne Facebook Ads,4.3
CMD-102659,2023-09-26,Guinée équatoriale,Bata,Instagram,Grande entreprise,Téléphones,iPhone 13,9,546283,0,4916547,2991729,1924818,Virement bancaire,Promo rentrée,4.7
CMD-102660,2024-11-24,Congo,Brazzaville,Instagram,Particulier,Alimentation,Boisson gazeuse,6,3805,0,22830,13588,9242,Mobile Money,Promo rentrée,4.6
CMD-102661,2026-01-14,Congo,Pointe-Noire,Facebook,Grande entreprise,Électroménager,Télévision Hisense 43,13,227344,5,2807699,1616006,1191693,Mobile Money,Promo WhatsApp,3.2
CMD-102662,2025-04-01,RCA,Bangui,Revendeur,PME,Alimentation,Boisson gazeuse,10,3647,10,32823,19080,13743,Mobile Money,Fête de fin d'année,4.3
CMD-102663,2026-03-26,Gabon,Libreville,Instagram,Particulier,Alimentation,Riz 25kg,11,26477,10,262123,159922,102201,Virement bancaire,Campagne Facebook Ads,3.8
CMD-102664,2023-10-30,RCA,Berbérati,WhatsApp Business,Grande entreprise,Téléphones,Redmi Note 13,1,144769,15,123054,78018,45036,Carte bancaire,Campagne Facebook Ads,4.2
CMD-102665,2023-06-21,Guinée équatoriale,Bata,Site web,Particulier,Téléphones,Redmi Note 13,15,157912,0,2368680,1686604,682076,Carte bancaire,Campagne Facebook Ads,3.3
CMD-102666,2024-06-27,Cameroun,Douala,Boutique physique,Particulier,Électroménager,Télévision Hisense 43,10,227298,0,2272980,1275970,997010,Virement bancaire,Campagne Facebook Ads,3.1
CMD-102667,2025-07-08,RCA,Bangui,Boutique physique,PME,Mode,Montre connectée,6,49465,0,296790,194114,102676,Virement bancaire,Promo rentrée,3.5
CMD-102668,2025-03-06,Congo,Brazzaville,Facebook,Particulier,Mode,Sac à main,12,29062,0,348744,278140,70604,Virement bancaire,Fête de fin d'année,4.2
CMD-102669,2023-05-10,RDC,Kinshasa,Boutique physique,Grande entreprise,Électroménager,Réfrigérateur LG,2,436208,0,872416,675681,196735,Carte bancaire,Campagne Facebook Ads,4.1
CMD-102670,2025-11-06,RCA,Bangui,Site web,Grande entreprise,Alimentation,Huile 5L,4,8690,0,34760,22470,12290,Carte bancaire,Promo rentrée,4.5
CMD-102671,2025-05-31,RDC,Lubumbashi,Revendeur,Grande entreprise,Électroménager,Réfrigérateur LG,13,407871,15,4506975,2893603,1613372,Mobile Money,Campagne Facebook Ads,4.1
CMD-102672,2024-12-05,Congo,Nkayi,Boutique physique,Particulier,Téléphones,Redmi Note 13,14,145165,0,2032310,1314932,717378,Mobile Money,Campagne Facebook Ads,3.3
CMD-102673,2026-02-14,Cameroun,Bafoussam,Facebook,PME,Téléphones,Samsung Galaxy A15,7,104168,0,729176,586392,142784,Virement bancaire,Campagne Facebook Ads,4.5
CMD-102674,2026-02-04,Congo,Pointe-Noire,Facebook,PME,Alimentation,Lait en poudre,15,6016,0,90240,69232,21008,Espèces,Fête de fin d'année,4.7
CMD-102675,2024-11-11,Gabon,Franceville,Site web,Particulier,Informatique,HP EliteBook,14,380374,10,4792713,3516069,1276644,Virement bancaire,Campagne Facebook Ads,4.7
CMD-102676,2026-01-23,Cameroun,Bafoussam,Facebook,Grande entreprise,Informatique,Imprimante Canon,7,120965,10,762080,464501,297579,Mobile Money,Promo WhatsApp,4.8
CMD-102677,2023-02-02,Gabon,Libreville,Facebook,PME,Alimentation,Boisson gazeuse,2,3416,15,5808,4164,1644,Virement bancaire,Promo WhatsApp,3.6
CMD-102678,2024-12-08,Cameroun,Garoua,Boutique physique,PME,Électroménager,Télévision Hisense 43,8,230358,5,1750721,1248791,501930,Espèces,Promo WhatsApp,3.4
CMD-102679,2024-10-17,Cameroun,Bafoussam,Boutique physique,Particulier,Téléphones,Redmi Note 13,5,149530,5,710268,561351,148917,Virement bancaire,Black Friday,4.2
CMD-102680,2026-01-11,Tchad,Moundou,Boutique physique,Particulier,Mode,Chaussures Nike,2,59930,5,113867,66842,47025,Espèces,Aucune campagne,3.8
CMD-102681,2025-04-25,Tchad,N'Djamena,Boutique physique,Particulier,Informatique,Clé USB 64GB,15,9333,15,118996,97509,21487,Virement bancaire,Fête de fin d'année,4.0
CMD-102682,2025-01-15,RDC,Lubumbashi,Instagram,Particulier,Mode,Montre connectée,14,51405,0,719670,426546,293124,Carte bancaire,Promo rentrée,4.6
CMD-102683,2024-11-30,RCA,Bangui,Instagram,Particulier,Informatique,Dell Latitude,5,396827,0,1984135,1273526,710609,Mobile Money,Aucune campagne,4.7
CMD-102684,2023-08-10,Gabon,Franceville,Boutique physique,PME,Alimentation,Boisson gazeuse,10,3491,0,34910,23466,11444,Carte bancaire,Promo rentrée,3.7
CMD-102685,2025-11-20,RCA,Berbérati,Instagram,Particulier,Électroménager,Télévision Hisense 43,4,251133,0,1004532,747500,257032,Espèces,Aucune campagne,3.5
CMD-102686,2023-09-11,Guinée équatoriale,Malabo,Boutique physique,Particulier,Informatique,Dell Latitude,4,393689,15,1338543,995626,342917,Espèces,Fête de fin d'année,3.0
CMD-102687,2023-03-05,RCA,Bangui,Site web,PME,Téléphones,iPhone 13,15,558785,0,8381775,5245986,3135789,Carte bancaire,Fête de fin d'année,4.6
CMD-102688,2024-09-14,RCA,Bangui,WhatsApp Business,Particulier,Mode,Montre connectée,10,52344,0,523440,385292,138148,Mobile Money,Promo WhatsApp,3.1
CMD-102689,2025-11-24,Tchad,N'Djamena,Boutique physique,Grande entreprise,Électroménager,Réfrigérateur LG,4,429669,10,1546809,1212208,334601,Mobile Money,Promo rentrée,3.2
CMD-102690,2025-11-29,Guinée équatoriale,Bata,Instagram,Particulier,Électroménager,Télévision Hisense 43,3,262971,0,788913,645498,143415,Espèces,Fête de fin d'année,4.5
CMD-102691,2025-05-04,Tchad,Moundou,Revendeur,PME,Mode,Chemise homme,13,20448,0,265824,208418,57406,Carte bancaire,Black Friday,3.4
CMD-102692,2024-10-21,RCA,Berbérati,Boutique physique,Particulier,Électroménager,Télévision Hisense 43,5,223987,0,1119935,654748,465187,Virement bancaire,Aucune campagne,3.4
CMD-102693,2025-01-18,RCA,Bangui,Revendeur,Grande entreprise,Alimentation,Riz 25kg,6,21876,0,131256,81113,50143,Carte bancaire,Aucune campagne,3.5
CMD-102694,2025-02-14,RDC,Lubumbashi,Site web,Particulier,Téléphones,iPhone 13,8,519572,5,3948748,2576623,1372125,Virement bancaire,Fête de fin d'année,4.4
CMD-102695,2025-08-25,Gabon,Franceville,Boutique physique,Grande entreprise,Alimentation,Lait en poudre,2,7024,0,14048,7937,6111,Carte bancaire,Soldes Ramadan,3.6
CMD-102696,2023-09-20,RDC,Goma,Revendeur,Particulier,Alimentation,Huile 5L,2,9432,15,16035,9409,6626,Virement bancaire,Campagne Facebook Ads,3.2
CMD-102697,2023-09-07,Gabon,Franceville,Instagram,Particulier,Téléphones,iPhone 13,13,592110,0,7697430,4241468,3455962,Espèces,Fête de fin d'année,3.0
CMD-102698,2024-07-09,Gabon,Libreville,WhatsApp Business,Particulier,Alimentation,Lait en poudre,15,6347,15,80925,54589,26336,Virement bancaire,Promo rentrée,4.9
CMD-102699,2025-07-12,Guinée équatoriale,Malabo,Instagram,Grande entreprise,Informatique,Dell Latitude,4,463962,0,1855848,1414309,441539,Virement bancaire,Promo rentrée,3.3
CMD-102700,2025-10-13,Congo,Pointe-Noire,Revendeur,Grande entreprise,Téléphones,Tecno Spark 20,13,89955,0,1169415,736162,433253,Espèces,Campagne Facebook Ads,3.7
CMD-102701,2025-09-02,Tchad,Sarh,Boutique physique,Grande entreprise,Mode,Chaussures Nike,12,56796,10,613397,352658,260739,Carte bancaire,Promo rentrée,4.0
CMD-102702,2024-03-25,Gabon,Franceville,Instagram,PME,Alimentation,Huile 5L,8,9991,0,79928,53808,26120,Mobile Money,Black Friday,4.0
CMD-102703,2026-02-14,Cameroun,Douala,Instagram,Particulier,Électroménager,Mixeur Moulinex,3,33504,10,90461,57605,32856,Espèces,Promo WhatsApp,3.1
CMD-102704,2025-08-23,Cameroun,Douala,Instagram,PME,Informatique,Dell Latitude,13,419615,5,5182246,3283505,1898741,Mobile Money,Promo WhatsApp,4.4
CMD-102705,2023-01-08,Congo,Brazzaville,Instagram,PME,Mode,Montre connectée,7,53515,0,374605,246714,127891,Carte bancaire,Black Friday,4.3
CMD-102706,2026-04-04,Guinée équatoriale,Malabo,WhatsApp Business,Grande entreprise,Téléphones,Tecno Spark 20,13,91108,10,1065964,622849,443115,Virement bancaire,Campagne Facebook Ads,4.7
CMD-102707,2024-03-17,Tchad,N'Djamena,WhatsApp Business,Particulier,Mode,Chemise homme,13,18181,5,224536,139343,85193,Espèces,Soldes Ramadan,4.2
CMD-102708,2025-04-01,Guinée équatoriale,Bata,Instagram,Particulier,Alimentation,Lait en poudre,10,6119,0,61190,48525,12665,Espèces,Aucune campagne,4.3
CMD-102709,2024-11-27,Gabon,Libreville,Revendeur,PME,Téléphones,Tecno Spark 20,4,81862,0,327448,198272,129176,Mobile Money,Promo rentrée,4.0
CMD-102710,2023-03-01,Tchad,Sarh,Revendeur,Particulier,Informatique,Clé USB 64GB,6,8320,0,49920,29899,20021,Virement bancaire,Aucune campagne,4.7
CMD-102711,2025-02-09,RCA,Bangui,Site web,Particulier,Mode,Chaussures Nike,5,57187,15,243045,195226,47819,Mobile Money,Soldes Ramadan,3.5
CMD-102712,2025-02-01,RDC,Goma,Facebook,Particulier,Alimentation,Boisson gazeuse,15,3466,10,46791,35923,10868,Mobile Money,Aucune campagne,4.1
CMD-102713,2025-03-17,Cameroun,Bafoussam,Instagram,Particulier,Alimentation,Huile 5L,15,8797,5,125358,75493,49865,Virement bancaire,Promo WhatsApp,3.7
CMD-102714,2026-02-18,RDC,Matadi,WhatsApp Business,PME,Alimentation,Lait en poudre,8,6643,10,47830,29013,18817,Mobile Money,Promo WhatsApp,3.9
CMD-102715,2026-01-26,Gabon,Franceville,Facebook,Particulier,Téléphones,iPhone 13,4,568675,10,2047230,1138958,908272,Virement bancaire,Campagne Facebook Ads,4.3
CMD-102716,2025-04-11,RDC,Lubumbashi,Boutique physique,Particulier,Électroménager,Mixeur Moulinex,10,36810,15,312885,240633,72252,Mobile Money,Promo rentrée,3.2
CMD-102717,2024-01-11,Congo,Brazzaville,Instagram,PME,Alimentation,Riz 25kg,6,23447,0,140682,89067,51615,Virement bancaire,Aucune campagne,4.5
CMD-102718,2025-03-17,Cameroun,Douala,Instagram,PME,Informatique,HP EliteBook,2,342240,15,581808,402398,179410,Virement bancaire,Soldes Ramadan,3.2
CMD-102719,2023-02-24,Tchad,N'Djamena,Site web,Grande entreprise,Informatique,HP EliteBook,6,435217,5,2480737,1514555,966182,Virement bancaire,Promo WhatsApp,3.8
CMD-102720,2023-08-31,RCA,Bangui,WhatsApp Business,Particulier,Mode,Montre connectée,3,54933,10,148320,108630,39690,Virement bancaire,Black Friday,3.1
CMD-102721,2025-06-17,RDC,Goma,Facebook,PME,Électroménager,Mixeur Moulinex,1,34683,5,32949,23171,9778,Virement bancaire,Promo rentrée,5.0
CMD-102722,2023-08-31,RCA,Berbérati,Facebook,PME,Informatique,Clé USB 64GB,10,8539,5,81121,54843,26278,Mobile Money,Campagne Facebook Ads,3.2
CMD-102723,2026-04-15,RDC,Matadi,Facebook,PME,Électroménager,Mixeur Moulinex,12,38821,5,442560,243957,198603,Virement bancaire,Campagne Facebook Ads,3.8
CMD-102724,2025-10-22,Congo,Pointe-Noire,Instagram,Grande entreprise,Alimentation,Boisson gazeuse,11,3679,0,40469,32548,7921,Espèces,Campagne Facebook Ads,3.8
CMD-102725,2024-02-16,Cameroun,Yaoundé,Instagram,PME,Mode,Chemise homme,5,20176,0,100880,60065,40815,Virement bancaire,Campagne Facebook Ads,3.3
CMD-102726,2025-11-27,Guinée équatoriale,Bata,Revendeur,PME,Alimentation,Lait en poudre,13,7266,0,94458,70706,23752,Virement bancaire,Aucune campagne,3.9
CMD-102727,2024-05-03,Gabon,Franceville,Instagram,PME,Informatique,Clé USB 64GB,12,8276,0,99312,77198,22114,Espèces,Soldes Ramadan,3.6
CMD-102728,2023-01-12,Congo,Brazzaville,Facebook,Grande entreprise,Informatique,HP EliteBook,13,376631,5,4651393,3180119,1471274,Virement bancaire,Fête de fin d'année,4.1
CMD-102729,2023-03-08,Cameroun,Garoua,Instagram,Grande entreprise,Informatique,HP EliteBook,4,383887,0,1535548,960496,575052,Mobile Money,Fête de fin d'année,4.5
CMD-102730,2023-09-05,Cameroun,Yaoundé,Site web,PME,Électroménager,Télévision Hisense 43,15,230167,0,3452505,2072756,1379749,Espèces,Soldes Ramadan,3.5
CMD-102731,2024-07-16,Tchad,N'Djamena,Boutique physique,Grande entreprise,Informatique,HP EliteBook,8,363034,0,2904272,1640762,1263510,Virement bancaire,Black Friday,3.2
CMD-102732,2025-04-14,Cameroun,Garoua,WhatsApp Business,Grande entreprise,Téléphones,iPhone 13,2,473965,15,805741,634492,171249,Virement bancaire,Soldes Ramadan,3.7
CMD-102733,2025-05-24,Tchad,Moundou,Instagram,PME,Électroménager,Mixeur Moulinex,15,34049,5,485199,328074,157125,Mobile Money,Black Friday,3.5
CMD-102734,2023-08-17,Cameroun,Yaoundé,WhatsApp Business,Particulier,Mode,Sac à main,14,35070,10,441882,299651,142231,Espèces,Campagne Facebook Ads,3.7
CMD-102735,2025-09-16,Guinée équatoriale,Malabo,Boutique physique,Grande entreprise,Téléphones,Samsung Galaxy A15,1,89752,5,85265,56937,28328,Espèces,Promo rentrée,4.6
CMD-102736,2025-08-19,RDC,Goma,WhatsApp Business,Particulier,Alimentation,Boisson gazeuse,10,3921,5,37250,26177,11073,Mobile Money,Promo WhatsApp,3.4
CMD-102737,2025-08-26,Congo,Dolisie,WhatsApp Business,PME,Informatique,Dell Latitude,15,411750,15,5249813,3413561,1836252,Mobile Money,Campagne Facebook Ads,4.1
CMD-102738,2025-04-06,Gabon,Franceville,Instagram,PME,Électroménager,Ventilateur Binatone,1,26500,5,25175,14043,11132,Virement bancaire,Campagne Facebook Ads,4.7
CMD-102739,2023-09-03,RDC,Kinshasa,Site web,Particulier,Mode,Chaussures Nike,11,61134,15,571603,397991,173612,Carte bancaire,Soldes Ramadan,4.9
CMD-102740,2026-04-19,RDC,Kinshasa,Facebook,Grande entreprise,Électroménager,Réfrigérateur LG,3,397698,5,1133440,700986,432454,Mobile Money,Soldes Ramadan,4.0
CMD-102741,2025-10-31,RCA,Bangui,Boutique physique,PME,Électroménager,Ventilateur Binatone,7,31746,5,211111,116622,94489,Mobile Money,Campagne Facebook Ads,4.6
CMD-102742,2025-10-12,Congo,Nkayi,Instagram,Grande entreprise,Informatique,HP EliteBook,15,344846,5,4914056,3057420,1856636,Carte bancaire,Campagne Facebook Ads,3.1
CMD-102743,2023-01-22,Tchad,Sarh,Site web,PME,Informatique,Clé USB 64GB,9,9744,10,78927,64059,14868,Virement bancaire,Black Friday,3.5
CMD-102744,2025-09-08,RDC,Goma,Boutique physique,Grande entreprise,Informatique,HP EliteBook,14,369650,0,5175100,3712883,1462217,Mobile Money,Black Friday,3.4
CMD-102745,2024-06-08,Congo,Nkayi,Boutique physique,PME,Alimentation,Huile 5L,13,10125,5,125044,95904,29140,Virement bancaire,Soldes Ramadan,3.5
CMD-102746,2026-03-18,Tchad,Moundou,Revendeur,Grande entreprise,Alimentation,Boisson gazeuse,5,4019,0,20095,14040,6055,Carte bancaire,Promo rentrée,4.8
CMD-102747,2024-12-01,Cameroun,Yaoundé,Site web,Grande entreprise,Téléphones,Redmi Note 13,11,157061,5,1641288,904959,736329,Mobile Money,Promo rentrée,3.3
CMD-102748,2025-04-03,RCA,Berbérati,WhatsApp Business,Particulier,Électroménager,Mixeur Moulinex,14,39480,0,552720,438147,114573,Carte bancaire,Black Friday,3.8
CMD-102749,2026-04-29,Gabon,Port-Gentil,Facebook,PME,Informatique,Imprimante Canon,1,137354,0,137354,91868,45486,Mobile Money,Campagne Facebook Ads,3.2
CMD-102750,2024-03-16,Cameroun,Bafoussam,Facebook,Particulier,Électroménager,Mixeur Moulinex,1,32527,15,27648,19754,7894,Mobile Money,Fête de fin d'année,3.2
CMD-102751,2025-11-25,Cameroun,Yaoundé,Boutique physique,PME,Téléphones,Tecno Spark 20,12,77328,15,788746,615748,172998,Mobile Money,Campagne Facebook Ads,3.3
CMD-102752,2024-08-12,RCA,Bangui,WhatsApp Business,Grande entreprise,Alimentation,Huile 5L,15,10848,0,162720,102558,60162,Espèces,Promo WhatsApp,4.4
CMD-102753,2023-11-04,Guinée équatoriale,Bata,Revendeur,PME,Alimentation,Lait en poudre,15,6182,10,83457,67109,16348,Espèces,Black Friday,3.5
CMD-102754,2024-01-20,Tchad,N'Djamena,WhatsApp Business,PME,Informatique,HP EliteBook,9,356897,0,3212073,2512104,699969,Espèces,Campagne Facebook Ads,4.5
CMD-102755,2025-05-07,Cameroun,Garoua,Site web,Grande entreprise,Téléphones,iPhone 13,3,581206,0,1743618,1263357,480261,Mobile Money,Fête de fin d'année,4.5
CMD-102756,2024-11-03,Gabon,Franceville,Facebook,Grande entreprise,Téléphones,Tecno Spark 20,1,96408,0,96408,67996,28412,Virement bancaire,Promo WhatsApp,4.7
CMD-102757,2024-10-28,Congo,Dolisie,Site web,Grande entreprise,Téléphones,iPhone 13,9,540072,10,4374584,3279414,1095170,Carte bancaire,Soldes Ramadan,4.5
CMD-102758,2025-04-25,Gabon,Port-Gentil,Facebook,PME,Mode,Chemise homme,1,17267,0,17267,9621,7646,Espèces,Aucune campagne,4.2
CMD-102759,2023-10-02,RCA,Bangui,Instagram,PME,Informatique,Imprimante Canon,9,123323,0,1109907,762620,347287,Espèces,Fête de fin d'année,4.3
CMD-102760,2023-08-29,RDC,Matadi,Site web,PME,Mode,Montre connectée,5,47665,0,238325,154883,83442,Carte bancaire,Campagne Facebook Ads,3.3
CMD-102761,2025-10-07,Gabon,Franceville,Facebook,PME,Alimentation,Huile 5L,8,9965,10,71748,40207,31541,Espèces,Aucune campagne,3.1
CMD-102762,2023-08-05,Gabon,Franceville,WhatsApp Business,Particulier,Informatique,Clé USB 64GB,8,10116,15,68789,53536,15253,Espèces,Campagne Facebook Ads,3.9
CMD-102763,2023-03-03,RDC,Matadi,Instagram,PME,Téléphones,Tecno Spark 20,6,84235,0,505410,324850,180560,Virement bancaire,Fête de fin d'année,4.9
CMD-102764,2023-11-10,Tchad,Sarh,Revendeur,PME,Téléphones,Redmi Note 13,5,130337,0,651685,518768,132917,Virement bancaire,Fête de fin d'année,4.0
CMD-102765,2025-10-13,Cameroun,Douala,Revendeur,Particulier,Informatique,Imprimante Canon,2,128802,0,257604,160900,96704,Mobile Money,Fête de fin d'année,4.8
CMD-102766,2024-11-19,Gabon,Port-Gentil,Facebook,PME,Informatique,Dell Latitude,13,408427,0,5309551,3812637,1496914,Carte bancaire,Promo rentrée,4.8
CMD-102767,2025-04-29,RDC,Lubumbashi,Boutique physique,Grande entreprise,Électroménager,Télévision Hisense 43,13,262780,15,2903719,1976232,927487,Espèces,Campagne Facebook Ads,3.8
CMD-102768,2024-02-16,Congo,Dolisie,Boutique physique,PME,Alimentation,Riz 25kg,1,24616,15,20924,11795,9129,Espèces,Soldes Ramadan,3.2
CMD-102769,2024-04-01,RDC,Goma,Instagram,Particulier,Électroménager,Réfrigérateur LG,11,453410,5,4738135,3351894,1386241,Carte bancaire,Campagne Facebook Ads,3.8
CMD-102770,2025-01-31,Congo,Nkayi,Site web,Particulier,Téléphones,iPhone 13,11,556298,0,6119278,3420806,2698472,Mobile Money,Promo rentrée,4.6
CMD-102771,2024-01-24,Congo,Dolisie,Revendeur,Particulier,Électroménager,Mixeur Moulinex,1,32915,0,32915,18534,14381,Carte bancaire,Aucune campagne,4.4
CMD-102772,2024-04-28,RDC,Lubumbashi,Revendeur,PME,Mode,Chaussures Nike,3,62007,15,158118,115530,42588,Carte bancaire,Soldes Ramadan,4.1
CMD-102773,2025-04-24,Congo,Brazzaville,Instagram,PME,Alimentation,Boisson gazeuse,5,3983,5,18920,13061,5859,Carte bancaire,Soldes Ramadan,4.5
CMD-102774,2024-01-17,Gabon,Libreville,Instagram,PME,Téléphones,Tecno Spark 20,5,87390,0,436950,262218,174732,Espèces,Promo WhatsApp,4.5
CMD-102775,2026-02-18,Gabon,Libreville,Revendeur,Particulier,Mode,Chemise homme,5,20017,0,100085,67561,32524,Virement bancaire,Aucune campagne,3.4
CMD-102776,2023-07-10,Guinée équatoriale,Bata,Site web,PME,Mode,Sac à main,8,33551,15,228147,145640,82507,Virement bancaire,Campagne Facebook Ads,4.4
CMD-102777,2024-09-18,Guinée équatoriale,Bata,Facebook,PME,Informatique,Dell Latitude,5,418757,5,1989096,1450474,538622,Carte bancaire,Campagne Facebook Ads,4.9
CMD-102778,2025-04-06,Tchad,Sarh,WhatsApp Business,Particulier,Informatique,Dell Latitude,2,463089,0,926178,711474,214704,Espèces,Promo rentrée,3.6
CMD-102779,2024-07-03,Cameroun,Bafoussam,Site web,PME,Alimentation,Riz 25kg,14,24933,10,314156,241084,73072,Virement bancaire,Promo WhatsApp,4.5
CMD-102780,2023-10-07,RCA,Bangui,Site web,PME,Téléphones,Tecno Spark 20,14,79455,0,1112370,684784,427586,Carte bancaire,Black Friday,3.5
CMD-102781,2023-04-20,Congo,Brazzaville,Revendeur,Grande entreprise,Mode,Sac à main,4,32687,10,117674,89297,28377,Mobile Money,Black Friday,5.0
CMD-102782,2025-10-12,Tchad,Moundou,Boutique physique,PME,Mode,Chemise homme,12,20174,10,217880,176523,41357,Espèces,Fête de fin d'année,4.0
CMD-102783,2025-01-31,Tchad,Moundou,Instagram,Grande entreprise,Informatique,Clé USB 64GB,11,8998,15,84132,67081,17051,Virement bancaire,Aucune campagne,4.7
CMD-102784,2025-03-21,RCA,Bangui,Instagram,Grande entreprise,Téléphones,iPhone 13,6,476723,15,2431288,1423705,1007583,Virement bancaire,Fête de fin d'année,4.3
CMD-102785,2023-03-16,RCA,Berbérati,Boutique physique,PME,Alimentation,Boisson gazeuse,4,3997,0,15988,9508,6480,Virement bancaire,Fête de fin d'année,3.7
CMD-102786,2025-11-10,Cameroun,Garoua,Facebook,PME,Informatique,Dell Latitude,1,384452,0,384452,220560,163892,Mobile Money,Campagne Facebook Ads,3.9
CMD-102787,2025-12-16,Gabon,Libreville,Revendeur,Particulier,Téléphones,Tecno Spark 20,6,78259,10,422599,243005,179594,Espèces,Promo WhatsApp,3.7
CMD-102788,2026-01-17,Gabon,Franceville,Facebook,Particulier,Téléphones,Tecno Spark 20,4,83227,10,299618,190636,108982,Carte bancaire,Campagne Facebook Ads,3.2
CMD-102789,2026-04-25,Cameroun,Bafoussam,Boutique physique,PME,Mode,Montre connectée,12,55141,0,661692,516540,145152,Carte bancaire,Black Friday,4.4
CMD-102790,2023-06-08,Cameroun,Douala,Instagram,Particulier,Téléphones,Redmi Note 13,1,158203,15,134473,103020,31453,Mobile Money,Fête de fin d'année,4.5
CMD-102791,2024-08-28,Cameroun,Yaoundé,Instagram,PME,Alimentation,Riz 25kg,9,23203,5,198386,157329,41057,Mobile Money,Fête de fin d'année,4.2
CMD-102792,2023-07-15,Guinée équatoriale,Malabo,Facebook,Particulier,Mode,Chaussures Nike,12,51977,10,561352,402780,158572,Espèces,Aucune campagne,4.9
CMD-102793,2025-01-20,Guinée équatoriale,Malabo,Boutique physique,PME,Téléphones,iPhone 13,14,468811,5,6235187,4235976,1999211,Mobile Money,Promo rentrée,3.2
CMD-102794,2024-02-16,Tchad,N'Djamena,Boutique physique,PME,Électroménager,Réfrigérateur LG,7,435724,5,2897565,1818584,1078981,Virement bancaire,Black Friday,4.6
CMD-102795,2024-05-24,Guinée équatoriale,Malabo,WhatsApp Business,PME,Téléphones,iPhone 13,4,478748,0,1914992,1282540,632452,Virement bancaire,Promo WhatsApp,4.6
CMD-102796,2024-12-29,Gabon,Port-Gentil,Boutique physique,PME,Téléphones,Tecno Spark 20,4,80776,0,323104,256599,66505,Carte bancaire,Fête de fin d'année,3.7
CMD-102797,2024-05-10,RDC,Goma,Instagram,Grande entreprise,Informatique,Imprimante Canon,3,120629,0,361887,286414,75473,Mobile Money,Black Friday,3.8
CMD-102798,2025-06-13,RDC,Goma,Boutique physique,PME,Téléphones,Samsung Galaxy A15,1,106619,0,106619,84647,21972,Mobile Money,Fête de fin d'année,4.1
CMD-102799,2025-07-18,RDC,Kinshasa,Site web,Particulier,Téléphones,Tecno Spark 20,2,91328,0,182656,142350,40306,Carte bancaire,Black Friday,4.7
CMD-102800,2025-01-28,Gabon,Libreville,Facebook,Grande entreprise,Alimentation,Huile 5L,13,10203,0,132639,73549,59090,Espèces,Promo rentrée,3.5
CMD-102801,2024-01-21,Guinée équatoriale,Bata,Boutique physique,Grande entreprise,Informatique,Clé USB 64GB,14,8226,5,109406,77355,32051,Carte bancaire,Promo rentrée,3.3
CMD-102802,2024-11-15,Cameroun,Garoua,Revendeur,PME,Électroménager,Ventilateur Binatone,11,27055,15,252965,175215,77750,Mobile Money,Aucune campagne,4.3
CMD-102803,2024-10-23,Congo,Brazzaville,Site web,Grande entreprise,Téléphones,iPhone 13,2,579305,15,984819,782535,202284,Mobile Money,Campagne Facebook Ads,4.4
CMD-102804,2024-04-04,Gabon,Libreville,WhatsApp Business,Particulier,Téléphones,Tecno Spark 20,4,82544,0,330176,246086,84090,Mobile Money,Fête de fin d'année,5.0
CMD-102805,2026-01-11,RDC,Goma,Boutique physique,PME,Informatique,Dell Latitude,8,451558,0,3612464,1989681,1622783,Espèces,Black Friday,4.8
CMD-102806,2024-07-06,RDC,Matadi,Boutique physique,Particulier,Téléphones,Tecno Spark 20,2,93208,0,186416,144226,42190,Espèces,Soldes Ramadan,3.9
CMD-102807,2025-08-21,RCA,Bangui,Revendeur,Grande entreprise,Alimentation,Huile 5L,14,9053,15,107731,83096,24635,Espèces,Promo WhatsApp,3.2
CMD-102808,2023-07-13,Tchad,N'Djamena,Revendeur,Particulier,Mode,Montre connectée,10,48533,0,485330,313398,171932,Carte bancaire,Promo rentrée,4.0
CMD-102809,2025-02-14,Guinée équatoriale,Malabo,Site web,Particulier,Téléphones,iPhone 13,12,515200,10,5564160,3186426,2377734,Carte bancaire,Soldes Ramadan,4.2
CMD-102810,2025-11-29,RCA,Bangui,Facebook,Grande entreprise,Mode,Sac à main,15,31806,15,405527,277738,127789,Espèces,Promo rentrée,4.2
CMD-102811,2024-02-19,RDC,Goma,Facebook,PME,Informatique,Imprimante Canon,14,112477,15,1338477,856883,481594,Mobile Money,Soldes Ramadan,4.9
CMD-102812,2025-08-18,RDC,Matadi,Revendeur,PME,Informatique,HP EliteBook,10,366791,0,3667910,2878297,789613,Virement bancaire,Black Friday,4.1
CMD-102813,2023-09-21,RCA,Bangui,Revendeur,Grande entreprise,Mode,Chaussures Nike,10,58597,0,585970,387256,198714,Virement bancaire,Campagne Facebook Ads,5.0
CMD-102814,2023-02-24,RCA,Bangui,WhatsApp Business,PME,Téléphones,Redmi Note 13,9,156125,0,1405125,1053374,351751,Mobile Money,Aucune campagne,5.0
CMD-102815,2025-08-15,RCA,Bangui,WhatsApp Business,Particulier,Alimentation,Boisson gazeuse,14,3650,10,45990,26129,19861,Virement bancaire,Soldes Ramadan,3.1
CMD-102816,2025-12-08,RDC,Lubumbashi,Instagram,PME,Alimentation,Riz 25kg,6,27174,15,138588,101180,37408,Mobile Money,Promo rentrée,3.9
CMD-102817,2023-07-25,Gabon,Franceville,Facebook,PME,Alimentation,Lait en poudre,3,6983,10,18855,11029,7826,Virement bancaire,Fête de fin d'année,3.2
CMD-102818,2026-02-26,RDC,Kinshasa,Site web,Particulier,Mode,Montre connectée,4,50828,10,182981,118524,64457,Carte bancaire,Promo rentrée,4.4
CMD-102819,2025-07-30,Gabon,Libreville,Revendeur,Grande entreprise,Électroménager,Télévision Hisense 43,7,220809,15,1313814,1018409,295405,Carte bancaire,Fête de fin d'année,4.6
CMD-102820,2025-12-11,Congo,Pointe-Noire,Instagram,Particulier,Mode,Chemise homme,2,18109,15,30786,19140,11646,Espèces,Aucune campagne,3.8
CMD-102821,2024-07-31,Congo,Brazzaville,Site web,Particulier,Téléphones,Redmi Note 13,12,143382,10,1548526,1039531,508995,Espèces,Campagne Facebook Ads,4.0
CMD-102822,2026-03-31,Tchad,Sarh,Boutique physique,Particulier,Informatique,Imprimante Canon,4,124111,0,496444,324867,171577,Espèces,Black Friday,4.2
CMD-102823,2026-03-29,Guinée équatoriale,Malabo,Instagram,PME,Téléphones,Tecno Spark 20,1,91311,0,91311,60718,30593,Mobile Money,Aucune campagne,3.2
CMD-102824,2023-06-06,Congo,Nkayi,Site web,PME,Alimentation,Huile 5L,4,9427,15,32052,17953,14099,Carte bancaire,Promo rentrée,3.5
CMD-102825,2025-02-04,Gabon,Franceville,Facebook,PME,Mode,Sac à main,9,35182,15,269143,204922,64221,Carte bancaire,Promo WhatsApp,3.5
CMD-102826,2024-06-03,RCA,Bangui,Boutique physique,Particulier,Téléphones,Tecno Spark 20,10,90855,10,817695,660818,156877,Carte bancaire,Aucune campagne,4.0
CMD-102827,2026-03-14,Cameroun,Bafoussam,WhatsApp Business,Particulier,Alimentation,Huile 5L,5,10321,0,51605,34681,16924,Carte bancaire,Promo rentrée,4.9
CMD-102828,2026-03-08,RDC,Matadi,Revendeur,Grande entreprise,Alimentation,Lait en poudre,6,7321,0,43926,33566,10360,Virement bancaire,Fête de fin d'année,4.3
CMD-102829,2026-02-26,Guinée équatoriale,Malabo,Facebook,Particulier,Informatique,Imprimante Canon,8,128781,5,978736,729831,248905,Mobile Money,Black Friday,3.2
CMD-102830,2023-06-06,RCA,Berbérati,Facebook,PME,Électroménager,Télévision Hisense 43,11,225357,0,2478927,1529154,949773,Espèces,Promo rentrée,3.1
CMD-102831,2024-01-21,Guinée équatoriale,Malabo,Revendeur,PME,Mode,Sac à main,1,33751,10,30376,16990,13386,Virement bancaire,Soldes Ramadan,3.8
CMD-102832,2025-02-12,Gabon,Port-Gentil,Instagram,Particulier,Électroménager,Télévision Hisense 43,4,218469,0,873876,576647,297229,Espèces,Fête de fin d'année,4.8
CMD-102833,2024-07-12,Congo,Nkayi,Boutique physique,Particulier,Alimentation,Boisson gazeuse,4,3827,10,13778,9970,3808,Mobile Money,Promo rentrée,3.5
CMD-102834,2026-04-12,Gabon,Libreville,Boutique physique,Particulier,Mode,Montre connectée,5,50666,0,253330,158374,94956,Mobile Money,Aucune campagne,3.3
CMD-102835,2024-03-14,Tchad,Sarh,Revendeur,Grande entreprise,Alimentation,Lait en poudre,10,7302,10,65718,47527,18191,Carte bancaire,Fête de fin d'année,4.9
CMD-102836,2023-07-02,RDC,Goma,Instagram,Particulier,Électroménager,Télévision Hisense 43,13,235910,15,2606806,1488335,1118471,Carte bancaire,Fête de fin d'année,3.6
CMD-102837,2023-11-27,RDC,Goma,Facebook,PME,Mode,Chaussures Nike,11,50771,5,530557,332817,197740,Espèces,Fête de fin d'année,3.8
CMD-102838,2025-03-08,RDC,Lubumbashi,Revendeur,Particulier,Téléphones,Tecno Spark 20,2,94148,0,188296,139610,48686,Carte bancaire,Soldes Ramadan,4.2
CMD-102839,2024-08-27,Cameroun,Garoua,Instagram,PME,Téléphones,Redmi Note 13,14,156103,5,2076170,1279860,796310,Mobile Money,Campagne Facebook Ads,3.5
CMD-102840,2023-04-14,Tchad,Moundou,WhatsApp Business,Grande entreprise,Informatique,Clé USB 64GB,11,8211,15,76773,43274,33499,Mobile Money,Promo rentrée,4.6
CMD-102841,2023-06-24,RDC,Goma,Boutique physique,Particulier,Téléphones,Redmi Note 13,4,137805,0,551220,341830,209390,Carte bancaire,Fête de fin d'année,4.5
CMD-102842,2024-11-22,RCA,Bangui,Revendeur,Particulier,Mode,Chemise homme,7,16503,10,103969,58350,45619,Espèces,Fête de fin d'année,3.9
CMD-102843,2023-10-15,Congo,Brazzaville,Site web,Particulier,Électroménager,Mixeur Moulinex,7,34930,15,207834,159403,48431,Espèces,Promo WhatsApp,4.0
CMD-102844,2025-08-27,RCA,Berbérati,Site web,Particulier,Alimentation,Riz 25kg,8,25480,0,203840,148820,55020,Espèces,Black Friday,4.1
CMD-102845,2023-07-30,RCA,Berbérati,WhatsApp Business,Grande entreprise,Alimentation,Huile 5L,3,8753,10,23634,18504,5130,Espèces,Aucune campagne,4.3
CMD-102846,2025-01-11,Congo,Dolisie,Instagram,Grande entreprise,Téléphones,iPhone 13,1,565640,0,565640,435657,129983,Carte bancaire,Aucune campagne,4.4
CMD-102847,2023-03-04,Congo,Dolisie,Facebook,Particulier,Électroménager,Ventilateur Binatone,6,26276,0,157656,121992,35664,Carte bancaire,Promo rentrée,3.2
CMD-102848,2025-12-02,Tchad,Sarh,Facebook,Grande entreprise,Informatique,Imprimante Canon,7,126548,10,797253,549022,248231,Espèces,Aucune campagne,3.8
CMD-102849,2025-07-25,Congo,Brazzaville,Facebook,Grande entreprise,Mode,Sac à main,13,33598,0,436774,318303,118471,Mobile Money,Promo WhatsApp,4.8
CMD-102850,2023-08-21,Gabon,Port-Gentil,Boutique physique,Particulier,Alimentation,Riz 25kg,15,27399,0,410985,314359,96626,Mobile Money,Black Friday,4.1
CMD-102851,2024-04-27,Congo,Dolisie,Site web,PME,Électroménager,Mixeur Moulinex,2,34643,10,62358,47219,15139,Mobile Money,Soldes Ramadan,3.6
CMD-102852,2024-05-12,Cameroun,Yaoundé,WhatsApp Business,Particulier,Informatique,Clé USB 64GB,3,10221,5,29130,22578,6552,Carte bancaire,Fête de fin d'année,5.0
CMD-102853,2025-08-28,Cameroun,Garoua,Facebook,Particulier,Électroménager,Mixeur Moulinex,9,35209,0,316881,243889,72992,Carte bancaire,Soldes Ramadan,3.8
CMD-102854,2025-10-19,RCA,Berbérati,WhatsApp Business,Particulier,Mode,Montre connectée,15,48837,0,732555,595026,137529,Mobile Money,Promo WhatsApp,4.0
CMD-102855,2024-03-23,RCA,Berbérati,Facebook,Particulier,Électroménager,Télévision Hisense 43,14,246568,0,3451952,2123287,1328665,Mobile Money,Soldes Ramadan,4.4
CMD-102856,2024-01-10,RCA,Berbérati,Facebook,Particulier,Électroménager,Télévision Hisense 43,13,233562,0,3036306,1952525,1083781,Virement bancaire,Soldes Ramadan,3.9
CMD-102857,2024-04-24,Guinée équatoriale,Malabo,Facebook,Grande entreprise,Alimentation,Huile 5L,8,10920,5,82992,62506,20486,Carte bancaire,Black Friday,4.2
CMD-102858,2025-02-19,Tchad,Sarh,Revendeur,Grande entreprise,Téléphones,Tecno Spark 20,13,96217,10,1125739,677127,448612,Carte bancaire,Campagne Facebook Ads,4.3
CMD-102859,2024-07-15,Guinée équatoriale,Bata,WhatsApp Business,PME,Alimentation,Lait en poudre,9,5884,15,45013,35921,9092,Virement bancaire,Campagne Facebook Ads,3.4
CMD-102860,2026-03-30,RCA,Bangui,Revendeur,Particulier,Téléphones,iPhone 13,10,498584,0,4985840,3718819,1267021,Carte bancaire,Fête de fin d'année,4.2
CMD-102861,2023-01-07,Cameroun,Garoua,Facebook,Particulier,Mode,Chaussures Nike,6,49594,5,282686,230535,52151,Espèces,Aucune campagne,4.0
CMD-102862,2025-05-02,Gabon,Franceville,Instagram,Particulier,Alimentation,Lait en poudre,4,7121,5,27060,17643,9417,Mobile Money,Black Friday,4.4
CMD-102863,2025-01-05,Tchad,N'Djamena,WhatsApp Business,Particulier,Informatique,Imprimante Canon,2,126326,0,252652,176644,76008,Espèces,Aucune campagne,3.6
CMD-102864,2024-11-01,Gabon,Port-Gentil,Facebook,PME,Téléphones,Tecno Spark 20,14,94479,0,1322706,980330,342376,Mobile Money,Aucune campagne,4.2
CMD-102865,2025-04-21,RDC,Lubumbashi,Facebook,Particulier,Informatique,HP EliteBook,15,413027,0,6195405,3450813,2744592,Carte bancaire,Campagne Facebook Ads,4.0
CMD-102866,2024-11-17,Guinée équatoriale,Bata,Facebook,Particulier,Électroménager,Ventilateur Binatone,13,27688,10,323950,179031,144919,Virement bancaire,Black Friday,4.5
CMD-102867,2025-10-25,RDC,Lubumbashi,Instagram,Particulier,Électroménager,Mixeur Moulinex,5,32675,15,138869,94632,44237,Carte bancaire,Campagne Facebook Ads,4.6
CMD-102868,2025-12-13,RCA,Bangui,Revendeur,Grande entreprise,Électroménager,Réfrigérateur LG,3,432175,5,1231699,698428,533271,Carte bancaire,Fête de fin d'année,4.6
CMD-102869,2023-11-27,Guinée équatoriale,Bata,Facebook,Grande entreprise,Mode,Chemise homme,15,16825,0,252375,143617,108758,Virement bancaire,Black Friday,3.9
CMD-102870,2023-08-04,Guinée équatoriale,Bata,Site web,Grande entreprise,Électroménager,Réfrigérateur LG,2,410110,0,820220,503962,316258,Virement bancaire,Black Friday,4.8
CMD-102871,2023-02-23,Cameroun,Douala,Site web,Particulier,Mode,Chemise homme,13,20569,0,267397,195681,71716,Mobile Money,Black Friday,3.1
CMD-102872,2023-09-22,RCA,Berbérati,WhatsApp Business,PME,Informatique,Imprimante Canon,12,110780,0,1329360,1060533,268827,Mobile Money,Soldes Ramadan,3.1
CMD-102873,2025-05-15,Gabon,Libreville,Revendeur,Grande entreprise,Alimentation,Riz 25kg,8,21873,10,157486,97748,59738,Virement bancaire,Aucune campagne,3.1
CMD-102874,2023-01-23,RDC,Lubumbashi,WhatsApp Business,Particulier,Électroménager,Réfrigérateur LG,5,437626,10,1969317,1337415,631902,Espèces,Black Friday,3.4
CMD-102875,2023-08-02,RCA,Berbérati,Facebook,Particulier,Mode,Chemise homme,4,19459,0,77836,49228,28608,Mobile Money,Campagne Facebook Ads,3.1
CMD-102876,2023-09-07,Congo,Dolisie,Facebook,PME,Mode,Chaussures Nike,2,49664,0,99328,57594,41734,Virement bancaire,Aucune campagne,3.5
CMD-102877,2023-09-19,Gabon,Libreville,Site web,PME,Téléphones,Redmi Note 13,13,160152,0,2081976,1529941,552035,Virement bancaire,Campagne Facebook Ads,4.4
CMD-102878,2026-02-19,Guinée équatoriale,Bata,Site web,PME,Électroménager,Réfrigérateur LG,8,417666,0,3341328,2478960,862368,Virement bancaire,Promo WhatsApp,4.9
CMD-102879,2023-06-06,RDC,Matadi,WhatsApp Business,Grande entreprise,Mode,Chemise homme,14,16486,10,207724,141190,66534,Mobile Money,Aucune campagne,3.3
CMD-102880,2025-11-03,Tchad,N'Djamena,Boutique physique,PME,Alimentation,Lait en poudre,11,6883,0,75713,42495,33218,Espèces,Promo rentrée,4.0
CMD-102881,2023-06-23,Tchad,Moundou,Instagram,Grande entreprise,Informatique,Imprimante Canon,12,123038,10,1328811,1020914,307897,Carte bancaire,Fête de fin d'année,4.3
CMD-102882,2023-08-08,Congo,Pointe-Noire,Instagram,PME,Mode,Montre connectée,13,46940,15,518687,290886,227801,Espèces,Aucune campagne,3.7
CMD-102883,2025-01-10,Cameroun,Douala,Facebook,Grande entreprise,Alimentation,Boisson gazeuse,4,3728,15,12676,7451,5225,Carte bancaire,Campagne Facebook Ads,4.8
CMD-102884,2025-04-20,Cameroun,Yaoundé,Facebook,PME,Mode,Chaussures Nike,11,57248,0,629728,351637,278091,Virement bancaire,Promo rentrée,3.5
CMD-102885,2024-07-25,Cameroun,Douala,Revendeur,PME,Mode,Chaussures Nike,13,54382,5,671618,470743,200875,Espèces,Soldes Ramadan,3.4
CMD-102886,2023-03-15,RCA,Berbérati,Site web,Grande entreprise,Informatique,Dell Latitude,11,411559,0,4527149,3635218,891931,Virement bancaire,Promo WhatsApp,3.9
CMD-102887,2023-10-14,RDC,Lubumbashi,Boutique physique,PME,Électroménager,Réfrigérateur LG,13,475123,15,5250110,2942417,2307693,Mobile Money,Campagne Facebook Ads,4.4
CMD-102888,2025-06-27,Guinée équatoriale,Bata,Instagram,Grande entreprise,Mode,Chaussures Nike,2,60256,0,120512,79379,41133,Mobile Money,Fête de fin d'année,3.7
CMD-102889,2024-07-13,Congo,Pointe-Noire,Instagram,Particulier,Informatique,Clé USB 64GB,7,9187,10,57879,38372,19507,Espèces,Fête de fin d'année,3.3
CMD-102890,2023-02-02,Guinée équatoriale,Bata,Site web,PME,Téléphones,iPhone 13,10,539319,5,5123531,2931604,2191927,Virement bancaire,Campagne Facebook Ads,5.0
CMD-102891,2024-08-24,Congo,Brazzaville,Boutique physique,PME,Électroménager,Mixeur Moulinex,6,35553,0,213318,157235,56083,Carte bancaire,Black Friday,3.4
CMD-102892,2023-05-03,Gabon,Port-Gentil,Revendeur,Particulier,Mode,Montre connectée,11,53905,10,533660,410409,123251,Espèces,Campagne Facebook Ads,4.5
CMD-102893,2026-04-23,Cameroun,Douala,Facebook,PME,Mode,Montre connectée,10,50337,15,427865,293111,134754,Carte bancaire,Fête de fin d'année,4.1
CMD-102894,2023-07-10,RDC,Kinshasa,Facebook,Particulier,Informatique,HP EliteBook,2,430263,15,731448,440145,291303,Carte bancaire,Black Friday,4.0
CMD-102895,2023-12-07,Congo,Dolisie,Site web,Particulier,Informatique,Clé USB 64GB,14,8936,10,112594,85856,26738,Virement bancaire,Promo rentrée,3.9
CMD-102896,2023-11-13,Congo,Brazzaville,Instagram,Grande entreprise,Informatique,Dell Latitude,15,457687,0,6865305,4142585,2722720,Virement bancaire,Fête de fin d'année,3.7
CMD-102897,2024-02-25,Congo,Dolisie,Facebook,PME,Électroménager,Ventilateur Binatone,3,27406,15,69886,51112,18774,Mobile Money,Soldes Ramadan,3.2
CMD-102898,2023-07-29,Congo,Pointe-Noire,Instagram,Grande entreprise,Alimentation,Riz 25kg,11,22425,5,234342,129620,104722,Carte bancaire,Promo rentrée,3.5
CMD-102899,2023-12-02,Guinée équatoriale,Malabo,Instagram,PME,Informatique,Dell Latitude,3,385915,15,984084,623425,360659,Carte bancaire,Soldes Ramadan,4.3
CMD-102900,2025-04-18,Guinée équatoriale,Bata,Revendeur,PME,Électroménager,Télévision Hisense 43,11,214825,5,2244922,1307393,937529,Espèces,Fête de fin d'année,3.2
CMD-102901,2025-06-17,RCA,Bangui,Facebook,Grande entreprise,Mode,Chaussures Nike,9,53284,0,479556,304488,175068,Carte bancaire,Promo WhatsApp,4.5
CMD-102902,2026-04-03,Tchad,N'Djamena,Revendeur,PME,Alimentation,Boisson gazeuse,1,3617,0,3617,2820,797,Mobile Money,Black Friday,4.6
CMD-102903,2024-12-13,Guinée équatoriale,Malabo,Revendeur,Particulier,Électroménager,Mixeur Moulinex,6,36357,10,196328,120171,76157,Espèces,Soldes Ramadan,4.0
CMD-102904,2025-10-15,Cameroun,Douala,Site web,Particulier,Informatique,HP EliteBook,15,418557,0,6278355,3530345,2748010,Virement bancaire,Campagne Facebook Ads,4.4
CMD-102905,2025-08-27,Cameroun,Garoua,Instagram,PME,Informatique,Imprimante Canon,15,111945,0,1679175,1050718,628457,Espèces,Campagne Facebook Ads,4.0
CMD-102906,2024-08-01,Gabon,Franceville,Boutique physique,PME,Mode,Chemise homme,13,18842,0,244946,154965,89981,Mobile Money,Promo WhatsApp,4.6
CMD-102907,2025-07-25,Tchad,Sarh,Facebook,Particulier,Alimentation,Huile 5L,7,9256,5,61553,35946,25607,Virement bancaire,Promo WhatsApp,3.7
CMD-102908,2025-02-16,Tchad,N'Djamena,Boutique physique,Particulier,Alimentation,Boisson gazeuse,15,3720,0,55800,40531,15269,Mobile Money,Promo rentrée,3.0
CMD-102909,2024-12-26,Guinée équatoriale,Bata,Site web,PME,Téléphones,Redmi Note 13,3,156089,0,468267,359934,108333,Mobile Money,Promo rentrée,4.5
CMD-102910,2023-03-05,Guinée équatoriale,Bata,WhatsApp Business,PME,Téléphones,Tecno Spark 20,3,94401,15,240723,148833,91890,Carte bancaire,Fête de fin d'année,3.9
CMD-102911,2024-03-21,RCA,Bangui,Boutique physique,Grande entreprise,Mode,Chemise homme,4,16759,5,63685,48333,15352,Carte bancaire,Soldes Ramadan,3.3
CMD-102912,2025-01-02,RCA,Berbérati,WhatsApp Business,PME,Électroménager,Télévision Hisense 43,5,260925,5,1239394,867995,371399,Mobile Money,Campagne Facebook Ads,3.3
CMD-102913,2024-09-19,Guinée équatoriale,Bata,Revendeur,PME,Alimentation,Boisson gazeuse,10,3512,0,35120,22503,12617,Espèces,Campagne Facebook Ads,4.2
CMD-102914,2024-08-12,RDC,Kinshasa,Revendeur,Particulier,Électroménager,Ventilateur Binatone,12,26551,0,318612,217648,100964,Virement bancaire,Soldes Ramadan,4.4
CMD-102915,2024-03-03,Congo,Brazzaville,Revendeur,Particulier,Électroménager,Mixeur Moulinex,15,37474,0,562110,333656,228454,Virement bancaire,Promo WhatsApp,3.8
CMD-102916,2023-03-24,Congo,Nkayi,Instagram,PME,Mode,Chemise homme,12,16336,15,166628,104097,62531,Espèces,Promo rentrée,3.6
CMD-102917,2024-12-18,Congo,Brazzaville,WhatsApp Business,Grande entreprise,Alimentation,Lait en poudre,4,6670,0,26680,21624,5056,Carte bancaire,Aucune campagne,3.0
CMD-102918,2026-04-18,RCA,Bangui,Site web,Grande entreprise,Téléphones,Redmi Note 13,13,148744,15,1643622,1186426,457196,Carte bancaire,Promo WhatsApp,3.7
CMD-102919,2024-10-13,Guinée équatoriale,Bata,WhatsApp Business,Particulier,Mode,Montre connectée,13,46474,0,604162,434233,169929,Virement bancaire,Black Friday,4.4
CMD-102920,2023-06-13,RCA,Bangui,Facebook,Particulier,Mode,Sac à main,10,32145,15,273233,192953,80280,Mobile Money,Promo rentrée,4.6
CMD-102921,2024-05-29,Cameroun,Bafoussam,Revendeur,Grande entreprise,Téléphones,Redmi Note 13,8,152480,0,1219840,755708,464132,Virement bancaire,Aucune campagne,4.9
CMD-102922,2025-09-02,RCA,Berbérati,Boutique physique,PME,Informatique,Dell Latitude,14,430155,0,6022170,4779814,1242356,Carte bancaire,Promo rentrée,3.5
CMD-102923,2026-03-09,Tchad,Sarh,Boutique physique,PME,Alimentation,Huile 5L,2,9870,0,19740,11018,8722,Carte bancaire,Campagne Facebook Ads,5.0
CMD-102924,2024-01-30,Cameroun,Bafoussam,Facebook,Particulier,Mode,Sac à main,2,36659,10,65987,44779,21208,Espèces,Aucune campagne,4.8
CMD-102925,2023-02-24,Gabon,Libreville,Instagram,Grande entreprise,Électroménager,Ventilateur Binatone,11,31587,0,347457,248002,99455,Mobile Money,Promo rentrée,4.1
CMD-102926,2023-06-24,Tchad,N'Djamena,Boutique physique,Grande entreprise,Mode,Sac à main,3,29020,15,74001,53253,20748,Espèces,Fête de fin d'année,4.7
CMD-102927,2024-03-05,Cameroun,Yaoundé,Facebook,Grande entreprise,Alimentation,Boisson gazeuse,10,3511,0,35110,20556,14554,Virement bancaire,Fête de fin d'année,3.2
CMD-102928,2023-01-29,Congo,Nkayi,Site web,Grande entreprise,Informatique,Clé USB 64GB,13,9497,0,123461,73482,49979,Mobile Money,Campagne Facebook Ads,4.6
CMD-102929,2024-07-26,RDC,Kinshasa,WhatsApp Business,Particulier,Alimentation,Boisson gazeuse,2,3556,0,7112,4236,2876,Mobile Money,Promo WhatsApp,3.2
CMD-102930,2025-09-19,Tchad,Sarh,Revendeur,Grande entreprise,Alimentation,Lait en poudre,8,6905,10,49716,36749,12967,Espèces,Promo rentrée,3.6
CMD-102931,2025-06-15,Tchad,Moundou,WhatsApp Business,PME,Alimentation,Riz 25kg,5,23611,0,118055,84648,33407,Virement bancaire,Aucune campagne,3.4
CMD-102932,2023-08-02,Gabon,Franceville,Boutique physique,PME,Mode,Sac à main,8,30223,5,229695,185586,44109,Carte bancaire,Promo rentrée,4.1
CMD-102933,2024-06-14,Gabon,Libreville,WhatsApp Business,Particulier,Alimentation,Boisson gazeuse,13,3729,0,48477,35588,12889,Virement bancaire,Promo WhatsApp,4.8
CMD-102934,2023-08-07,Gabon,Franceville,Revendeur,PME,Électroménager,Télévision Hisense 43,10,257014,10,2313126,1836964,476162,Virement bancaire,Fête de fin d'année,3.9
CMD-102935,2025-01-07,Congo,Nkayi,Instagram,PME,Alimentation,Lait en poudre,10,6679,15,56772,44995,11777,Mobile Money,Campagne Facebook Ads,4.1
CMD-102936,2023-07-07,Congo,Pointe-Noire,Site web,Particulier,Mode,Montre connectée,8,50893,5,386787,242986,143801,Virement bancaire,Aucune campagne,4.0
CMD-102937,2024-03-11,Tchad,Moundou,Boutique physique,PME,Électroménager,Ventilateur Binatone,8,25566,0,204528,127883,76645,Espèces,Fête de fin d'année,4.8
CMD-102938,2023-01-06,RCA,Bangui,Instagram,Grande entreprise,Informatique,Dell Latitude,15,424046,0,6360690,3962773,2397917,Carte bancaire,Promo WhatsApp,3.6
CMD-102939,2025-06-03,Gabon,Libreville,Site web,Particulier,Alimentation,Lait en poudre,6,6490,10,35046,20963,14083,Mobile Money,Campagne Facebook Ads,4.8
CMD-102940,2025-01-15,Guinée équatoriale,Malabo,Instagram,Particulier,Électroménager,Ventilateur Binatone,4,31947,5,121399,70630,50769,Mobile Money,Black Friday,3.8
CMD-102941,2026-03-25,Guinée équatoriale,Malabo,Site web,Particulier,Téléphones,Samsung Galaxy A15,9,104035,5,889500,647669,241831,Espèces,Black Friday,3.7
CMD-102942,2026-01-10,Cameroun,Garoua,Boutique physique,PME,Électroménager,Télévision Hisense 43,13,229330,0,2981290,1645269,1336021,Virement bancaire,Campagne Facebook Ads,4.6
CMD-102943,2024-07-04,Tchad,N'Djamena,WhatsApp Business,Grande entreprise,Mode,Chaussures Nike,12,62613,0,751356,454262,297094,Virement bancaire,Fête de fin d'année,3.1
CMD-102944,2025-06-27,RCA,Bangui,Instagram,Particulier,Électroménager,Télévision Hisense 43,7,249105,10,1569362,976270,593092,Virement bancaire,Campagne Facebook Ads,4.7
CMD-102945,2024-07-23,Congo,Nkayi,WhatsApp Business,PME,Téléphones,Samsung Galaxy A15,8,91968,5,698957,403168,295789,Mobile Money,Promo rentrée,4.6
CMD-102946,2024-08-04,Guinée équatoriale,Bata,Site web,PME,Alimentation,Riz 25kg,12,26806,5,305589,249909,55680,Mobile Money,Soldes Ramadan,3.4
CMD-102947,2025-09-05,RCA,Berbérati,Facebook,Particulier,Électroménager,Ventilateur Binatone,7,26505,0,185535,147457,38078,Espèces,Fête de fin d'année,4.4
CMD-102948,2025-10-19,Gabon,Franceville,Facebook,Particulier,Mode,Montre connectée,2,49482,0,98964,74745,24219,Virement bancaire,Aucune campagne,3.6
CMD-102949,2025-08-20,Gabon,Libreville,WhatsApp Business,Grande entreprise,Téléphones,iPhone 13,2,562353,10,1012236,694232,318004,Espèces,Soldes Ramadan,3.3
CMD-102950,2026-04-13,Tchad,N'Djamena,Site web,Particulier,Téléphones,Tecno Spark 20,3,80855,0,242565,171150,71415,Mobile Money,Fête de fin d'année,4.7
CMD-102951,2023-10-11,Tchad,N'Djamena,Boutique physique,PME,Téléphones,Redmi Note 13,12,154777,0,1857324,1453383,403941,Espèces,Aucune campagne,4.3
CMD-102952,2024-06-28,Gabon,Port-Gentil,Instagram,Grande entreprise,Mode,Montre connectée,15,52740,0,791100,512721,278379,Virement bancaire,Promo WhatsApp,3.2
CMD-102953,2023-07-22,Congo,Dolisie,Revendeur,PME,Informatique,Clé USB 64GB,9,9425,0,84825,59862,24963,Espèces,Promo WhatsApp,3.8
CMD-102954,2025-06-05,RCA,Berbérati,Facebook,PME,Mode,Montre connectée,13,52975,0,688675,530578,158097,Virement bancaire,Promo rentrée,3.8
CMD-102955,2023-10-14,Tchad,Moundou,Facebook,PME,Électroménager,Réfrigérateur LG,9,448477,0,4036293,3146146,890147,Espèces,Black Friday,4.2
CMD-102956,2025-12-19,Congo,Nkayi,Site web,Grande entreprise,Informatique,HP EliteBook,5,396456,10,1784052,1231424,552628,Virement bancaire,Black Friday,3.3
CMD-102957,2026-02-08,RDC,Goma,Boutique physique,PME,Informatique,Imprimante Canon,3,112998,5,322045,183820,138225,Carte bancaire,Aucune campagne,3.7
CMD-102958,2025-09-07,Guinée équatoriale,Bata,Instagram,PME,Électroménager,Ventilateur Binatone,13,29998,0,389974,220982,168992,Carte bancaire,Aucune campagne,3.3
CMD-102959,2024-01-24,Congo,Brazzaville,WhatsApp Business,Particulier,Électroménager,Réfrigérateur LG,5,403953,0,2019765,1159384,860381,Mobile Money,Promo rentrée,5.0
CMD-102960,2025-12-25,Congo,Pointe-Noire,Site web,PME,Alimentation,Boisson gazeuse,11,3168,0,34848,21533,13315,Espèces,Fête de fin d'année,3.6
CMD-102961,2024-01-30,Cameroun,Garoua,Instagram,PME,Informatique,Dell Latitude,10,419233,0,4192330,2390472,1801858,Espèces,Promo WhatsApp,3.8
CMD-102962,2024-02-14,RCA,Bangui,Instagram,Grande entreprise,Informatique,HP EliteBook,15,385041,10,5198054,4093559,1104495,Mobile Money,Soldes Ramadan,4.3
CMD-102963,2024-05-21,Cameroun,Garoua,WhatsApp Business,Grande entreprise,Informatique,Clé USB 64GB,7,10156,5,67538,54895,12643,Espèces,Soldes Ramadan,4.3
CMD-102964,2025-03-03,RCA,Berbérati,Revendeur,Particulier,Informatique,HP EliteBook,8,404066,0,3232528,2063308,1169220,Mobile Money,Campagne Facebook Ads,4.8
CMD-102965,2025-08-21,Guinée équatoriale,Bata,WhatsApp Business,Grande entreprise,Électroménager,Télévision Hisense 43,14,231412,10,2915792,1844996,1070796,Carte bancaire,Promo WhatsApp,3.8
CMD-102966,2026-04-23,Guinée équatoriale,Bata,Instagram,PME,Électroménager,Ventilateur Binatone,9,31220,0,280980,191352,89628,Mobile Money,Promo rentrée,3.9
CMD-102967,2024-10-02,Guinée équatoriale,Malabo,Revendeur,Grande entreprise,Électroménager,Ventilateur Binatone,14,25739,0,360346,264318,96028,Carte bancaire,Campagne Facebook Ads,4.7
CMD-102968,2025-01-18,Congo,Brazzaville,Site web,Particulier,Alimentation,Lait en poudre,3,6013,0,18039,10526,7513,Espèces,Fête de fin d'année,4.3
CMD-102969,2024-01-10,RCA,Berbérati,Boutique physique,PME,Électroménager,Télévision Hisense 43,14,263707,0,3691898,2446286,1245612,Espèces,Promo WhatsApp,3.3
CMD-102970,2024-01-22,RDC,Lubumbashi,Instagram,Particulier,Électroménager,Mixeur Moulinex,11,34587,10,342412,202717,139695,Espèces,Black Friday,4.5
CMD-102971,2025-12-15,RCA,Bangui,Boutique physique,Grande entreprise,Informatique,HP EliteBook,4,347097,5,1318969,837211,481758,Espèces,Black Friday,4.7
CMD-102972,2024-07-27,Congo,Brazzaville,Revendeur,Grande entreprise,Informatique,Imprimante Canon,4,130590,0,522360,294246,228114,Carte bancaire,Soldes Ramadan,3.7
CMD-102973,2025-08-11,Guinée équatoriale,Malabo,Facebook,PME,Électroménager,Réfrigérateur LG,14,439347,10,5535773,3953579,1582194,Mobile Money,Fête de fin d'année,3.0
CMD-102974,2026-02-15,Guinée équatoriale,Malabo,Revendeur,PME,Téléphones,Samsung Galaxy A15,15,100218,5,1428107,972167,455940,Carte bancaire,Black Friday,3.3
CMD-102975,2025-03-25,Guinée équatoriale,Bata,WhatsApp Business,PME,Mode,Sac à main,8,32289,0,258312,160013,98299,Espèces,Promo WhatsApp,3.1
CMD-102976,2023-07-19,Cameroun,Garoua,Instagram,PME,Informatique,Imprimante Canon,9,135802,0,1222218,826709,395509,Virement bancaire,Promo rentrée,3.4
CMD-102977,2024-06-29,Gabon,Franceville,Revendeur,Particulier,Électroménager,Mixeur Moulinex,13,38254,15,422707,331778,90929,Carte bancaire,Promo rentrée,3.4
CMD-102978,2026-03-12,Gabon,Libreville,WhatsApp Business,PME,Téléphones,Tecno Spark 20,15,81912,0,1228680,886957,341723,Espèces,Aucune campagne,3.1
CMD-102979,2023-09-27,Cameroun,Garoua,Site web,Particulier,Mode,Montre connectée,4,45782,10,164816,93758,71058,Carte bancaire,Promo WhatsApp,4.2
CMD-102980,2025-01-12,Congo,Pointe-Noire,Revendeur,Particulier,Électroménager,Ventilateur Binatone,6,29396,10,158739,117171,41568,Espèces,Campagne Facebook Ads,3.6
CMD-102981,2025-03-12,Cameroun,Douala,Revendeur,Grande entreprise,Téléphones,Redmi Note 13,11,132544,0,1457984,815116,642868,Espèces,Aucune campagne,4.7
CMD-102982,2024-03-17,Congo,Pointe-Noire,Facebook,PME,Téléphones,iPhone 13,14,500685,5,6659111,4114132,2544979,Carte bancaire,Campagne Facebook Ads,3.8
CMD-102983,2023-01-16,Cameroun,Bafoussam,Instagram,Grande entreprise,Alimentation,Riz 25kg,5,22484,15,95557,72168,23389,Carte bancaire,Black Friday,4.3
CMD-102984,2025-11-04,RDC,Matadi,Instagram,Grande entreprise,Alimentation,Huile 5L,6,8923,10,48185,27112,21073,Espèces,Soldes Ramadan,4.8
CMD-102985,2023-01-30,RDC,Kinshasa,Boutique physique,Particulier,Téléphones,Tecno Spark 20,4,87983,0,351932,214281,137651,Virement bancaire,Black Friday,3.1
CMD-102986,2024-08-03,RCA,Bangui,Site web,PME,Informatique,Clé USB 64GB,11,10254,5,107155,84531,22624,Mobile Money,Promo WhatsApp,3.8
CMD-102987,2024-03-27,Cameroun,Garoua,Facebook,PME,Mode,Chaussures Nike,4,53477,5,203213,146757,56456,Espèces,Soldes Ramadan,3.4
CMD-102988,2025-04-21,Guinée équatoriale,Bata,Facebook,Particulier,Alimentation,Boisson gazeuse,14,3824,0,53536,33733,19803,Virement bancaire,Fête de fin d'année,4.5
CMD-102989,2025-10-20,RDC,Lubumbashi,Revendeur,PME,Informatique,HP EliteBook,14,435986,0,6103804,3535450,2568354,Espèces,Soldes Ramadan,3.8
CMD-102990,2024-04-13,Guinée équatoriale,Bata,Instagram,Grande entreprise,Alimentation,Lait en poudre,6,7132,0,42792,24018,18774,Espèces,Black Friday,4.4
CMD-102991,2024-01-12,Cameroun,Bafoussam,WhatsApp Business,PME,Informatique,Imprimante Canon,11,112190,0,1234090,866661,367429,Mobile Money,Soldes Ramadan,4.9
CMD-102992,2024-02-10,Gabon,Port-Gentil,WhatsApp Business,Particulier,Informatique,Clé USB 64GB,15,9422,0,141330,109753,31577,Virement bancaire,Promo WhatsApp,3.9
CMD-102993,2023-04-28,RDC,Kinshasa,Instagram,Particulier,Informatique,HP EliteBook,5,355672,5,1689442,1069178,620264,Mobile Money,Black Friday,3.4
CMD-102994,2024-02-15,Guinée équatoriale,Bata,WhatsApp Business,PME,Électroménager,Mixeur Moulinex,10,36396,0,363960,201764,162196,Carte bancaire,Aucune campagne,3.7
CMD-102995,2024-09-17,Cameroun,Yaoundé,WhatsApp Business,Grande entreprise,Alimentation,Boisson gazeuse,1,3226,15,2743,2002,741,Espèces,Promo rentrée,4.1
CMD-102996,2024-03-11,RDC,Matadi,Revendeur,PME,Alimentation,Boisson gazeuse,4,3678,10,13241,8955,4286,Virement bancaire,Promo WhatsApp,4.3
CMD-102997,2025-03-14,RDC,Kinshasa,Facebook,Grande entreprise,Téléphones,Redmi Note 13,9,131454,0,1183086,778227,404859,Carte bancaire,Promo WhatsApp,3.8
CMD-102998,2024-12-30,RCA,Bangui,Boutique physique,Grande entreprise,Alimentation,Boisson gazeuse,4,3603,10,12971,7690,5281,Espèces,Fête de fin d'année,4.8
CMD-102999,2026-03-04,Tchad,N'Djamena,WhatsApp Business,Particulier,Informatique,Clé USB 64GB,3,9384,0,28152,18349,9803,Carte bancaire,Fête de fin d'année,4.5
CMD-103000,2025-04-25,RDC,Lubumbashi,Revendeur,Grande entreprise,Mode,Sac à main,11,36363,15,339995,262998,76997,Carte bancaire,Promo WhatsApp,4.8
CMD-103001,2024-05-29,Congo,Dolisie,Instagram,PME,Mode,Sac à main,4,35047,15,119160,73290,45870,Virement bancaire,Promo rentrée,4.8
CMD-103002,2023-04-09,Congo,Dolisie,Site web,PME,Téléphones,iPhone 13,10,562752,5,5346144,3065865,2280279,Carte bancaire,Aucune campagne,5.0
CMD-103003,2024-06-05,Guinée équatoriale,Bata,WhatsApp Business,Grande entreprise,Alimentation,Lait en poudre,10,7421,0,74210,60288,13922,Espèces,Promo rentrée,4.8
CMD-103004,2024-07-13,Tchad,Moundou,Site web,Grande entreprise,Alimentation,Boisson gazeuse,7,3850,0,26950,19677,7273,Carte bancaire,Soldes Ramadan,3.1
CMD-103005,2024-01-26,RCA,Bangui,Instagram,Grande entreprise,Téléphones,Tecno Spark 20,9,77087,5,659094,465591,193503,Mobile Money,Campagne Facebook Ads,3.5
CMD-103006,2026-02-02,Cameroun,Yaoundé,Boutique physique,Grande entreprise,Mode,Montre connectée,10,54833,0,548330,395094,153236,Carte bancaire,Black Friday,4.6
CMD-103007,2023-01-13,Guinée équatoriale,Malabo,WhatsApp Business,Grande entreprise,Téléphones,Redmi Note 13,4,129353,0,517412,309775,207637,Mobile Money,Fête de fin d'année,4.3
CMD-103008,2024-03-20,Cameroun,Yaoundé,Facebook,Particulier,Téléphones,Tecno Spark 20,4,93790,5,356402,257334,99068,Carte bancaire,Promo rentrée,4.4
CMD-103009,2025-09-18,Cameroun,Bafoussam,Boutique physique,Particulier,Téléphones,Tecno Spark 20,4,79096,10,284746,226967,57779,Espèces,Aucune campagne,3.4
CMD-103010,2023-01-29,Congo,Brazzaville,Boutique physique,Grande entreprise,Téléphones,Redmi Note 13,8,148246,5,1126670,894680,231990,Mobile Money,Soldes Ramadan,3.0
CMD-103011,2023-12-23,Tchad,Sarh,Facebook,Grande entreprise,Téléphones,Redmi Note 13,7,156408,0,1094856,844816,250040,Carte bancaire,Fête de fin d'année,4.9
CMD-103012,2024-09-15,Cameroun,Bafoussam,Boutique physique,Particulier,Téléphones,iPhone 13,15,477454,0,7161810,5328897,1832913,Virement bancaire,Soldes Ramadan,3.9
CMD-103013,2024-06-05,Congo,Nkayi,Site web,Particulier,Téléphones,Tecno Spark 20,8,79488,0,635904,505321,130583,Mobile Money,Campagne Facebook Ads,3.1
CMD-103014,2023-01-26,Guinée équatoriale,Malabo,Site web,Grande entreprise,Informatique,HP EliteBook,3,421550,0,1264650,734229,530421,Carte bancaire,Black Friday,3.1
CMD-103015,2025-07-12,Gabon,Franceville,Facebook,Particulier,Téléphones,Tecno Spark 20,3,91018,0,273054,163958,109096,Mobile Money,Black Friday,3.8
CMD-103016,2023-12-06,Congo,Brazzaville,Revendeur,Particulier,Téléphones,Samsung Galaxy A15,7,96598,0,676186,504365,171821,Carte bancaire,Promo WhatsApp,4.1
CMD-103017,2025-06-05,RDC,Kinshasa,Instagram,Grande entreprise,Téléphones,Samsung Galaxy A15,7,96090,0,672630,390457,282173,Virement bancaire,Soldes Ramadan,5.0
CMD-103018,2024-06-09,Cameroun,Douala,Instagram,PME,Électroménager,Télévision Hisense 43,2,226152,10,407074,267522,139552,Carte bancaire,Campagne Facebook Ads,4.5
CMD-103019,2024-11-23,Congo,Brazzaville,Boutique physique,PME,Électroménager,Réfrigérateur LG,10,438204,0,4382040,2981971,1400069,Mobile Money,Fête de fin d'année,3.4
CMD-103020,2025-07-05,Guinée équatoriale,Malabo,Facebook,Particulier,Téléphones,iPhone 13,13,477653,15,5278066,3391335,1886731,Espèces,Aucune campagne,3.6
CMD-103021,2025-10-13,Gabon,Libreville,Instagram,PME,Alimentation,Boisson gazeuse,7,3962,5,26348,14934,11414,Virement bancaire,Promo rentrée,4.0
CMD-103022,2024-08-25,RCA,Bangui,Facebook,Grande entreprise,Alimentation,Huile 5L,1,10094,5,9590,5980,3610,Carte bancaire,Fête de fin d'année,4.7
CMD-103023,2025-06-25,Gabon,Franceville,Revendeur,Particulier,Téléphones,Samsung Galaxy A15,8,106940,5,812744,483655,329089,Carte bancaire,Aucune campagne,3.5
CMD-103024,2023-11-19,Congo,Pointe-Noire,WhatsApp Business,PME,Alimentation,Huile 5L,3,8575,0,25725,14773,10952,Mobile Money,Promo WhatsApp,3.1
CMD-103025,2023-03-02,Cameroun,Bafoussam,Boutique physique,PME,Alimentation,Riz 25kg,2,26914,10,48446,27162,21284,Espèces,Promo rentrée,3.4
CMD-103026,2025-03-15,Congo,Nkayi,Facebook,PME,Informatique,Clé USB 64GB,13,8274,0,107562,72544,35018,Virement bancaire,Aucune campagne,3.5
CMD-103027,2025-07-06,Tchad,Moundou,Site web,Particulier,Électroménager,Réfrigérateur LG,3,471894,0,1415682,1095672,320010,Espèces,Soldes Ramadan,4.5
CMD-103028,2023-05-08,Gabon,Franceville,Boutique physique,PME,Téléphones,Tecno Spark 20,9,97381,10,788787,459489,329298,Espèces,Soldes Ramadan,4.8
CMD-103029,2024-11-23,RDC,Matadi,Site web,PME,Mode,Montre connectée,8,48193,0,385544,272890,112654,Mobile Money,Promo rentrée,3.3
CMD-103030,2023-06-03,RDC,Kinshasa,Instagram,PME,Alimentation,Huile 5L,13,8774,5,108359,68562,39797,Mobile Money,Black Friday,4.9
CMD-103031,2024-09-17,Cameroun,Yaoundé,WhatsApp Business,PME,Alimentation,Riz 25kg,5,25823,0,129115,104384,24731,Virement bancaire,Soldes Ramadan,3.9
CMD-103032,2024-01-09,Cameroun,Garoua,Site web,Grande entreprise,Électroménager,Mixeur Moulinex,1,36901,0,36901,26633,10268,Virement bancaire,Campagne Facebook Ads,4.1
CMD-103033,2024-01-25,Cameroun,Garoua,Revendeur,PME,Alimentation,Lait en poudre,3,7440,0,22320,16008,6312,Virement bancaire,Soldes Ramadan,3.4
CMD-103034,2025-10-27,RCA,Bangui,Instagram,Particulier,Électroménager,Télévision Hisense 43,1,258421,10,232579,143157,89422,Espèces,Campagne Facebook Ads,3.8
CMD-103035,2026-02-15,RDC,Goma,Revendeur,PME,Alimentation,Boisson gazeuse,5,3268,5,15523,9579,5944,Espèces,Black Friday,3.5
CMD-103036,2025-04-09,RCA,Bangui,WhatsApp Business,PME,Alimentation,Riz 25kg,9,25998,5,222283,161957,60326,Carte bancaire,Fête de fin d'année,3.3
CMD-103037,2023-04-26,Guinée équatoriale,Malabo,Instagram,PME,Électroménager,Télévision Hisense 43,15,207170,5,2952173,2126472,825701,Carte bancaire,Black Friday,4.7
CMD-103038,2024-02-06,Gabon,Libreville,Revendeur,PME,Téléphones,iPhone 13,12,582078,0,6984936,4547806,2437130,Carte bancaire,Campagne Facebook Ads,3.5
CMD-103039,2024-03-20,RDC,Lubumbashi,Instagram,Particulier,Mode,Sac à main,13,35749,10,418264,277430,140834,Espèces,Fête de fin d'année,3.4
CMD-103040,2024-02-21,Gabon,Port-Gentil,Facebook,Particulier,Informatique,HP EliteBook,12,428237,15,4368018,3514899,853119,Mobile Money,Promo rentrée,3.5
CMD-103041,2024-11-11,Congo,Nkayi,Facebook,Particulier,Informatique,Imprimante Canon,15,125275,0,1879125,1536634,342491,Mobile Money,Soldes Ramadan,4.0
CMD-103042,2025-11-01,Tchad,Sarh,Facebook,Particulier,Informatique,Dell Latitude,14,443673,0,6211422,4051168,2160254,Carte bancaire,Aucune campagne,3.2
CMD-103043,2024-05-30,Congo,Pointe-Noire,Facebook,Particulier,Mode,Chemise homme,13,18410,10,215397,128566,86831,Virement bancaire,Black Friday,4.3
CMD-103044,2025-10-12,Gabon,Port-Gentil,Revendeur,Grande entreprise,Électroménager,Télévision Hisense 43,4,244479,10,880125,631002,249123,Mobile Money,Fête de fin d'année,3.7
CMD-103045,2023-06-04,Cameroun,Douala,WhatsApp Business,PME,Téléphones,Redmi Note 13,6,154333,0,925998,601452,324546,Virement bancaire,Aucune campagne,4.6
CMD-103046,2024-10-26,Cameroun,Yaoundé,Boutique physique,Particulier,Téléphones,iPhone 13,8,573659,10,4130345,2462963,1667382,Mobile Money,Black Friday,4.5
CMD-103047,2025-02-25,Gabon,Port-Gentil,Facebook,Particulier,Informatique,Dell Latitude,12,428232,15,4367967,3204994,1162973,Mobile Money,Campagne Facebook Ads,4.9
CMD-103048,2025-03-08,RCA,Bangui,Boutique physique,PME,Informatique,Clé USB 64GB,1,9057,15,7699,5779,1920,Virement bancaire,Black Friday,3.2
CMD-103049,2025-10-02,RCA,Berbérati,Revendeur,Grande entreprise,Informatique,HP EliteBook,15,419144,0,6287160,4338741,1948419,Mobile Money,Promo WhatsApp,4.2
CMD-103050,2026-04-05,Gabon,Libreville,Boutique physique,Particulier,Mode,Chaussures Nike,14,60125,5,799663,457848,341815,Espèces,Promo rentrée,3.0
CMD-103051,2024-01-19,Cameroun,Yaoundé,Instagram,Particulier,Téléphones,Redmi Note 13,1,126057,0,126057,95250,30807,Virement bancaire,Campagne Facebook Ads,4.8
CMD-103052,2023-06-13,Guinée équatoriale,Malabo,Revendeur,Grande entreprise,Électroménager,Réfrigérateur LG,15,396128,10,5347728,3505969,1841759,Espèces,Black Friday,3.5
CMD-103053,2025-07-16,Gabon,Libreville,Facebook,Particulier,Mode,Montre connectée,13,47768,10,558886,430281,128605,Mobile Money,Promo rentrée,4.0
CMD-103054,2023-01-29,RCA,Bangui,WhatsApp Business,PME,Informatique,HP EliteBook,5,421624,0,2108120,1305969,802151,Carte bancaire,Black Friday,4.3
CMD-103055,2024-10-21,RCA,Berbérati,Revendeur,Grande entreprise,Téléphones,iPhone 13,10,515867,10,4642803,3436836,1205967,Espèces,Promo WhatsApp,4.5
CMD-103056,2025-10-28,Gabon,Franceville,WhatsApp Business,Particulier,Mode,Montre connectée,4,53944,5,204988,151614,53374,Espèces,Fête de fin d'année,3.3
CMD-103057,2024-03-03,RDC,Matadi,Instagram,Particulier,Alimentation,Lait en poudre,11,7183,15,67162,46634,20528,Virement bancaire,Fête de fin d'année,3.8
CMD-103058,2026-01-01,RCA,Bangui,Boutique physique,PME,Téléphones,iPhone 13,10,496394,0,4963940,3708242,1255698,Carte bancaire,Aucune campagne,3.2
CMD-103059,2026-02-03,Congo,Brazzaville,Site web,Grande entreprise,Informatique,Clé USB 64GB,12,8157,0,97884,67862,30022,Virement bancaire,Promo WhatsApp,4.3
CMD-103060,2025-03-15,RCA,Bangui,Instagram,PME,Alimentation,Lait en poudre,4,6430,15,21862,14786,7076,Mobile Money,Campagne Facebook Ads,3.0
CMD-103061,2023-10-08,Cameroun,Douala,Revendeur,PME,Téléphones,Samsung Galaxy A15,9,92410,5,790106,469799,320307,Mobile Money,Aucune campagne,3.8
CMD-103062,2024-04-24,Congo,Brazzaville,Facebook,Particulier,Informatique,Imprimante Canon,10,116801,10,1051209,677231,373978,Espèces,Black Friday,3.6
CMD-103063,2024-11-08,Guinée équatoriale,Bata,Instagram,Grande entreprise,Électroménager,Ventilateur Binatone,13,28372,15,313511,252441,61070,Virement bancaire,Soldes Ramadan,3.1
CMD-103064,2024-12-23,Gabon,Port-Gentil,Revendeur,Particulier,Mode,Sac à main,8,35803,0,286424,200850,85574,Espèces,Promo rentrée,4.5
CMD-103065,2023-04-16,Cameroun,Yaoundé,Instagram,PME,Informatique,Imprimante Canon,7,121738,10,766950,596947,170003,Carte bancaire,Campagne Facebook Ads,3.2
CMD-103066,2025-05-26,Cameroun,Bafoussam,WhatsApp Business,Particulier,Alimentation,Huile 5L,10,9200,15,78200,59073,19127,Virement bancaire,Promo WhatsApp,3.7
CMD-103067,2024-11-26,Gabon,Franceville,Instagram,Particulier,Alimentation,Riz 25kg,3,21961,0,65883,48060,17823,Mobile Money,Aucune campagne,3.5
CMD-103068,2024-10-17,Gabon,Libreville,Facebook,Particulier,Informatique,HP EliteBook,3,368872,5,1051286,738362,312924,Espèces,Promo rentrée,3.9
CMD-103069,2024-08-05,RCA,Bangui,Facebook,Particulier,Alimentation,Lait en poudre,7,6996,0,48972,29063,19909,Virement bancaire,Soldes Ramadan,3.8
CMD-103070,2024-05-18,Cameroun,Douala,Instagram,Particulier,Informatique,HP EliteBook,9,375645,0,3380805,2222627,1158178,Mobile Money,Aucune campagne,3.4
CMD-103071,2025-02-22,Tchad,Moundou,Site web,Particulier,Alimentation,Lait en poudre,4,6579,10,23685,14175,9510,Carte bancaire,Soldes Ramadan,4.8
CMD-103072,2025-02-26,Tchad,N'Djamena,WhatsApp Business,Particulier,Informatique,HP EliteBook,12,432672,0,5192064,3529876,1662188,Carte bancaire,Promo rentrée,3.1
CMD-103073,2025-05-30,Tchad,Moundou,WhatsApp Business,Grande entreprise,Informatique,Imprimante Canon,2,123874,0,247748,152971,94777,Mobile Money,Soldes Ramadan,3.1
CMD-103074,2023-11-21,Tchad,N'Djamena,Boutique physique,Particulier,Téléphones,Tecno Spark 20,8,95850,10,690120,388562,301558,Carte bancaire,Promo WhatsApp,4.4
CMD-103075,2024-12-01,RDC,Matadi,Instagram,PME,Mode,Montre connectée,13,48765,0,633945,494726,139219,Espèces,Fête de fin d'année,4.5
CMD-103076,2024-11-08,Gabon,Port-Gentil,Revendeur,PME,Informatique,HP EliteBook,4,365768,10,1316765,763622,553143,Carte bancaire,Fête de fin d'année,4.6
CMD-103077,2025-01-30,Guinée équatoriale,Malabo,Boutique physique,Grande entreprise,Téléphones,Samsung Galaxy A15,3,94568,0,283704,200020,83684,Carte bancaire,Black Friday,3.4
CMD-103078,2024-09-29,RCA,Bangui,Site web,PME,Électroménager,Réfrigérateur LG,4,416348,15,1415584,1154433,261151,Espèces,Soldes Ramadan,4.9
CMD-103079,2025-05-15,Guinée équatoriale,Malabo,Instagram,PME,Mode,Chaussures Nike,3,54677,0,164031,109356,54675,Mobile Money,Fête de fin d'année,3.0
CMD-103080,2025-05-10,RCA,Bangui,Site web,Particulier,Informatique,Imprimante Canon,14,123211,5,1638707,970836,667871,Espèces,Soldes Ramadan,4.9
CMD-103081,2025-06-13,Cameroun,Bafoussam,Instagram,Particulier,Alimentation,Lait en poudre,4,5938,10,21377,13384,7993,Espèces,Black Friday,4.1
CMD-103082,2024-02-27,RCA,Bangui,Boutique physique,Particulier,Électroménager,Mixeur Moulinex,12,38479,0,461748,317200,144548,Espèces,Aucune campagne,3.9
CMD-103083,2024-09-06,Cameroun,Garoua,Facebook,Particulier,Alimentation,Riz 25kg,10,25619,15,217762,154427,63335,Virement bancaire,Soldes Ramadan,4.7
CMD-103084,2025-03-17,RCA,Berbérati,Facebook,PME,Alimentation,Riz 25kg,12,25841,10,279083,174315,104768,Virement bancaire,Fête de fin d'année,4.3
CMD-103085,2025-01-28,Guinée équatoriale,Bata,WhatsApp Business,Grande entreprise,Électroménager,Mixeur Moulinex,14,36611,0,512554,317585,194969,Virement bancaire,Promo WhatsApp,3.3
CMD-103086,2025-08-20,Tchad,Moundou,Site web,Grande entreprise,Informatique,Imprimante Canon,8,134717,0,1077736,738862,338874,Espèces,Campagne Facebook Ads,4.5
CMD-103087,2024-04-12,Congo,Pointe-Noire,WhatsApp Business,Grande entreprise,Informatique,Clé USB 64GB,8,10212,15,69442,55692,13750,Espèces,Promo rentrée,3.8
CMD-103088,2025-08-03,RCA,Bangui,Revendeur,Particulier,Alimentation,Riz 25kg,1,26384,0,26384,19255,7129,Virement bancaire,Black Friday,4.0
CMD-103089,2024-09-02,Gabon,Franceville,Instagram,Grande entreprise,Mode,Chaussures Nike,11,52912,5,552931,318704,234227,Carte bancaire,Campagne Facebook Ads,3.0
CMD-103090,2024-08-14,RCA,Bangui,Revendeur,Grande entreprise,Mode,Chemise homme,6,18366,0,110196,75121,35075,Carte bancaire,Campagne Facebook Ads,4.3
CMD-103091,2025-05-16,Cameroun,Bafoussam,Instagram,Grande entreprise,Mode,Chemise homme,15,16606,0,249090,182736,66354,Mobile Money,Fête de fin d'année,4.8
CMD-103092,2023-06-15,Gabon,Franceville,Instagram,Grande entreprise,Mode,Chaussures Nike,12,53970,5,615258,450911,164347,Espèces,Promo rentrée,4.7
CMD-103093,2026-03-10,Tchad,N'Djamena,Facebook,Particulier,Mode,Sac à main,7,30807,15,183302,101516,81786,Virement bancaire,Promo rentrée,4.8
CMD-103094,2024-06-18,Guinée équatoriale,Malabo,Boutique physique,Grande entreprise,Électroménager,Mixeur Moulinex,10,34424,0,344240,206746,137494,Carte bancaire,Fête de fin d'année,4.8
CMD-103095,2026-03-08,RDC,Matadi,Revendeur,PME,Téléphones,Tecno Spark 20,2,96661,15,164324,121835,42489,Virement bancaire,Aucune campagne,3.9
CMD-103096,2025-04-16,RDC,Goma,Boutique physique,Grande entreprise,Alimentation,Lait en poudre,10,7074,10,63666,45802,17864,Virement bancaire,Black Friday,4.5
CMD-103097,2026-03-14,Congo,Dolisie,WhatsApp Business,Particulier,Électroménager,Ventilateur Binatone,11,25556,15,238949,144639,94310,Espèces,Campagne Facebook Ads,4.8
CMD-103098,2023-10-02,Tchad,Sarh,Instagram,Grande entreprise,Téléphones,Redmi Note 13,5,130660,0,653300,525350,127950,Mobile Money,Promo rentrée,4.0
CMD-103099,2025-05-20,RDC,Matadi,Revendeur,Grande entreprise,Électroménager,Réfrigérateur LG,13,441623,10,5166990,3993482,1173508,Mobile Money,Campagne Facebook Ads,3.5
CMD-103100,2023-12-22,Tchad,Moundou,Instagram,Particulier,Informatique,Dell Latitude,13,418772,5,5171835,3945031,1226804,Espèces,Promo WhatsApp,3.4
CMD-103101,2023-12-07,RDC,Lubumbashi,Site web,PME,Informatique,Clé USB 64GB,8,8940,10,64368,48113,16255,Mobile Money,Promo rentrée,4.5
CMD-103102,2023-02-07,Guinée équatoriale,Bata,WhatsApp Business,PME,Téléphones,Samsung Galaxy A15,4,105809,0,423236,286348,136888,Carte bancaire,Soldes Ramadan,3.4
CMD-103103,2024-04-14,RDC,Goma,Instagram,Particulier,Mode,Sac à main,12,35150,0,421800,309832,111968,Mobile Money,Aucune campagne,4.6
CMD-103104,2025-05-29,Tchad,Sarh,Revendeur,Grande entreprise,Électroménager,Réfrigérateur LG,4,465654,10,1676355,923491,752864,Espèces,Aucune campagne,4.7
CMD-103105,2023-05-12,RCA,Berbérati,Boutique physique,Grande entreprise,Électroménager,Réfrigérateur LG,9,413158,15,3160659,2564238,596421,Carte bancaire,Aucune campagne,4.4
CMD-103106,2025-05-18,Guinée équatoriale,Malabo,WhatsApp Business,PME,Mode,Montre connectée,13,50434,0,655642,473463,182179,Espèces,Promo WhatsApp,3.8
CMD-103107,2024-07-27,Cameroun,Douala,WhatsApp Business,Particulier,Électroménager,Mixeur Moulinex,7,39826,0,278782,197101,81681,Virement bancaire,Aucune campagne,3.7
CMD-103108,2024-12-07,Congo,Brazzaville,WhatsApp Business,Grande entreprise,Alimentation,Boisson gazeuse,1,3878,5,3685,2386,1299,Mobile Money,Soldes Ramadan,4.3
CMD-103109,2024-11-06,Cameroun,Yaoundé,Boutique physique,Grande entreprise,Informatique,Imprimante Canon,3,133362,5,380082,306829,73253,Espèces,Promo rentrée,3.8
CMD-103110,2023-05-18,Guinée équatoriale,Malabo,Instagram,PME,Téléphones,iPhone 13,7,533172,10,3358984,1903296,1455688,Carte bancaire,Fête de fin d'année,3.3
CMD-103111,2025-10-31,Guinée équatoriale,Bata,Site web,Particulier,Alimentation,Riz 25kg,9,23733,15,181558,129239,52319,Mobile Money,Soldes Ramadan,3.5
CMD-103112,2026-03-22,Congo,Dolisie,Instagram,Grande entreprise,Téléphones,iPhone 13,10,528684,5,5022498,3323322,1699176,Mobile Money,Promo WhatsApp,3.2
CMD-103113,2023-12-08,Guinée équatoriale,Bata,Revendeur,PME,Mode,Montre connectée,14,47356,10,596686,473530,123156,Mobile Money,Campagne Facebook Ads,4.9
CMD-103114,2023-09-26,Tchad,Sarh,Site web,PME,Informatique,Imprimante Canon,12,135868,15,1385854,1067029,318825,Espèces,Black Friday,4.1
CMD-103115,2023-06-07,RCA,Berbérati,WhatsApp Business,Grande entreprise,Informatique,Clé USB 64GB,8,9975,5,75810,59369,16441,Virement bancaire,Fête de fin d'année,4.4
CMD-103116,2024-12-10,RCA,Berbérati,Revendeur,PME,Téléphones,Samsung Galaxy A15,12,106751,0,1281012,945782,335230,Carte bancaire,Black Friday,4.4
CMD-103117,2024-08-06,Cameroun,Garoua,Revendeur,PME,Alimentation,Huile 5L,7,10466,0,73262,51750,21512,Mobile Money,Promo WhatsApp,3.2
CMD-103118,2025-10-06,RDC,Kinshasa,Instagram,Particulier,Alimentation,Boisson gazeuse,11,3351,0,36861,27294,9567,Mobile Money,Soldes Ramadan,4.1
CMD-103119,2023-11-20,Cameroun,Douala,Site web,Grande entreprise,Électroménager,Mixeur Moulinex,9,39723,0,357507,287702,69805,Virement bancaire,Promo WhatsApp,3.0
CMD-103120,2025-06-27,Guinée équatoriale,Bata,Facebook,Grande entreprise,Mode,Sac à main,8,30111,0,240888,145453,95435,Carte bancaire,Promo WhatsApp,3.4
CMD-103121,2023-01-06,Gabon,Port-Gentil,Revendeur,PME,Mode,Chaussures Nike,8,58308,10,419818,302189,117629,Virement bancaire,Campagne Facebook Ads,3.7
CMD-103122,2025-07-11,Gabon,Libreville,WhatsApp Business,Particulier,Alimentation,Lait en poudre,8,6627,0,53016,32889,20127,Virement bancaire,Fête de fin d'année,3.4
CMD-103123,2025-10-11,RCA,Bangui,WhatsApp Business,Grande entreprise,Alimentation,Boisson gazeuse,5,4014,10,18063,13123,4940,Mobile Money,Campagne Facebook Ads,4.5
CMD-103124,2023-07-13,Gabon,Franceville,Site web,Particulier,Alimentation,Lait en poudre,9,6052,0,54468,34818,19650,Virement bancaire,Campagne Facebook Ads,3.3
CMD-103125,2026-02-28,RDC,Lubumbashi,Boutique physique,PME,Informatique,Imprimante Canon,8,131320,0,1050560,772512,278048,Mobile Money,Campagne Facebook Ads,3.7
CMD-103126,2023-01-27,Congo,Dolisie,Boutique physique,Grande entreprise,Mode,Chaussures Nike,14,53837,5,716033,542404,173629,Mobile Money,Promo rentrée,3.1
CMD-103127,2024-09-24,RDC,Lubumbashi,Facebook,Particulier,Alimentation,Boisson gazeuse,5,3493,15,14846,9094,5752,Virement bancaire,Campagne Facebook Ads,4.5
CMD-103128,2026-03-22,Tchad,N'Djamena,Site web,PME,Alimentation,Riz 25kg,9,25226,0,227034,137782,89252,Virement bancaire,Promo rentrée,4.1
CMD-103129,2026-01-14,Tchad,N'Djamena,Revendeur,Grande entreprise,Électroménager,Réfrigérateur LG,4,478700,0,1914800,1205029,709771,Carte bancaire,Fête de fin d'année,4.3
CMD-103130,2024-12-24,RCA,Bangui,Revendeur,Particulier,Téléphones,Samsung Galaxy A15,15,99344,0,1490160,898575,591585,Espèces,Black Friday,4.2
CMD-103131,2026-04-22,RCA,Berbérati,Revendeur,Particulier,Téléphones,Tecno Spark 20,6,88500,10,477900,343471,134429,Carte bancaire,Black Friday,3.1
CMD-103132,2025-03-04,Tchad,Sarh,Revendeur,Grande entreprise,Mode,Montre connectée,8,47870,5,363812,203659,160153,Espèces,Campagne Facebook Ads,4.7
CMD-103133,2025-08-21,Congo,Brazzaville,Site web,PME,Informatique,HP EliteBook,11,362182,10,3585602,2764099,821503,Espèces,Fête de fin d'année,4.1
CMD-103134,2026-03-10,RCA,Bangui,Revendeur,Grande entreprise,Téléphones,Samsung Galaxy A15,9,90168,0,811512,481625,329887,Virement bancaire,Soldes Ramadan,4.3
CMD-103135,2024-12-14,Congo,Brazzaville,Site web,Particulier,Mode,Montre connectée,4,49317,0,197268,133633,63635,Espèces,Promo rentrée,4.9
CMD-103136,2025-06-15,Cameroun,Yaoundé,Instagram,PME,Téléphones,Samsung Galaxy A15,14,96660,5,1285578,726672,558906,Virement bancaire,Promo rentrée,4.7
CMD-103137,2023-11-16,Tchad,N'Djamena,Instagram,PME,Alimentation,Huile 5L,13,8629,0,112177,63486,48691,Virement bancaire,Fête de fin d'année,4.1
CMD-103138,2023-01-27,Congo,Dolisie,Instagram,Grande entreprise,Alimentation,Huile 5L,4,10163,0,40652,24654,15998,Virement bancaire,Promo rentrée,3.8
CMD-103139,2025-02-13,Tchad,Sarh,Instagram,Particulier,Électroménager,Télévision Hisense 43,13,241333,15,2666730,2135464,531266,Carte bancaire,Promo WhatsApp,3.6
CMD-103140,2024-09-25,Gabon,Franceville,Instagram,PME,Mode,Montre connectée,5,51576,0,257880,190182,67698,Carte bancaire,Fête de fin d'année,3.6
CMD-103141,2026-03-20,RDC,Goma,Revendeur,Particulier,Informatique,Dell Latitude,14,411929,15,4901956,3250979,1650977,Espèces,Promo rentrée,4.9
CMD-103142,2026-01-17,Guinée équatoriale,Malabo,Boutique physique,PME,Téléphones,iPhone 13,12,524261,0,6291132,4797513,1493619,Virement bancaire,Promo WhatsApp,4.7
CMD-103143,2025-12-25,Gabon,Franceville,Site web,Grande entreprise,Mode,Montre connectée,1,50988,0,50988,37143,13845,Carte bancaire,Aucune campagne,3.0
CMD-103144,2025-09-20,RCA,Bangui,Instagram,Particulier,Téléphones,Tecno Spark 20,5,85720,15,364310,206324,157986,Carte bancaire,Soldes Ramadan,3.6
CMD-103145,2026-03-29,Gabon,Franceville,Facebook,Grande entreprise,Informatique,Clé USB 64GB,4,9648,0,38592,29326,9266,Espèces,Black Friday,3.3
CMD-103146,2025-12-22,Gabon,Port-Gentil,Revendeur,Particulier,Mode,Chaussures Nike,6,50560,0,303360,226023,77337,Virement bancaire,Black Friday,4.9
CMD-103147,2023-10-25,Tchad,Sarh,Instagram,Particulier,Téléphones,Tecno Spark 20,13,80031,0,1040403,851829,188574,Virement bancaire,Campagne Facebook Ads,3.9
CMD-103148,2024-01-04,Cameroun,Bafoussam,WhatsApp Business,Grande entreprise,Alimentation,Lait en poudre,12,6257,5,71330,53162,18168,Virement bancaire,Promo rentrée,4.9
CMD-103149,2025-12-14,Cameroun,Garoua,WhatsApp Business,Particulier,Informatique,Clé USB 64GB,9,9804,15,75001,45005,29996,Carte bancaire,Black Friday,3.2
CMD-103150,2023-01-02,RCA,Berbérati,Instagram,Particulier,Téléphones,Tecno Spark 20,15,96953,0,1454295,854637,599658,Espèces,Black Friday,4.7
CMD-103151,2026-01-09,RCA,Berbérati,Facebook,Grande entreprise,Téléphones,iPhone 13,5,512424,0,2562120,1453732,1108388,Carte bancaire,Promo rentrée,4.2
CMD-103152,2023-11-21,Gabon,Libreville,Instagram,PME,Téléphones,Tecno Spark 20,6,85049,0,510294,308634,201660,Carte bancaire,Fête de fin d'année,4.0
CMD-103153,2026-01-24,RCA,Berbérati,Facebook,PME,Alimentation,Riz 25kg,5,27503,10,123764,95248,28516,Mobile Money,Promo WhatsApp,4.9
CMD-103154,2023-05-03,Guinée équatoriale,Bata,WhatsApp Business,Grande entreprise,Électroménager,Réfrigérateur LG,4,393514,15,1337948,1022612,315336,Virement bancaire,Aucune campagne,4.0
CMD-103155,2025-12-08,Gabon,Port-Gentil,Site web,Particulier,Informatique,Dell Latitude,5,424016,0,2120080,1558280,561800,Carte bancaire,Promo rentrée,4.6
CMD-103156,2025-03-20,Tchad,N'Djamena,Revendeur,Particulier,Informatique,Clé USB 64GB,3,9271,15,23642,17087,6555,Virement bancaire,Black Friday,3.9
CMD-103157,2023-07-31,Congo,Nkayi,Revendeur,PME,Électroménager,Mixeur Moulinex,1,38954,0,38954,25499,13455,Carte bancaire,Aucune campagne,3.9
CMD-103158,2025-11-21,Guinée équatoriale,Malabo,Facebook,Grande entreprise,Électroménager,Mixeur Moulinex,12,39292,0,471504,336813,134691,Virement bancaire,Fête de fin d'année,4.7
CMD-103159,2024-03-31,Tchad,N'Djamena,Revendeur,Particulier,Téléphones,Redmi Note 13,13,160955,0,2092415,1632864,459551,Carte bancaire,Promo rentrée,4.7
CMD-103160,2023-10-22,Congo,Pointe-Noire,Facebook,PME,Mode,Montre connectée,4,52423,5,199208,119188,80020,Espèces,Promo rentrée,4.0
CMD-103161,2026-03-23,Gabon,Libreville,Boutique physique,Grande entreprise,Alimentation,Boisson gazeuse,8,3688,5,28029,16568,11461,Mobile Money,Aucune campagne,3.7
CMD-103162,2023-05-04,Gabon,Franceville,Instagram,Particulier,Mode,Chaussures Nike,1,54761,5,52023,39111,12912,Espèces,Promo WhatsApp,3.4
CMD-103163,2023-08-05,Tchad,N'Djamena,Revendeur,PME,Téléphones,Redmi Note 13,5,147436,0,737180,445107,292073,Carte bancaire,Fête de fin d'année,4.8
CMD-103164,2024-10-16,Gabon,Libreville,WhatsApp Business,Particulier,Téléphones,Redmi Note 13,7,147927,10,931941,649538,282403,Mobile Money,Promo WhatsApp,5.0
CMD-103165,2024-12-10,Gabon,Libreville,Facebook,Particulier,Électroménager,Télévision Hisense 43,3,258572,10,698145,491845,206300,Virement bancaire,Promo rentrée,3.5
CMD-103166,2023-12-12,Guinée équatoriale,Malabo,Revendeur,Particulier,Téléphones,Redmi Note 13,13,132003,10,1544436,1005756,538680,Espèces,Soldes Ramadan,3.5
CMD-103167,2024-03-31,RCA,Bangui,Boutique physique,PME,Mode,Montre connectée,8,44331,10,319184,204836,114348,Mobile Money,Fête de fin d'année,4.3
CMD-103168,2026-02-05,RDC,Goma,Facebook,Grande entreprise,Informatique,Imprimante Canon,12,132311,0,1587732,1114563,473169,Carte bancaire,Black Friday,4.4
CMD-103169,2026-04-16,Congo,Brazzaville,Revendeur,PME,Alimentation,Riz 25kg,6,26316,0,157896,88870,69026,Carte bancaire,Promo rentrée,4.7
CMD-103170,2025-05-30,Guinée équatoriale,Bata,Boutique physique,PME,Mode,Chaussures Nike,2,62867,0,125734,83311,42423,Mobile Money,Promo WhatsApp,3.3
CMD-103171,2024-08-27,RCA,Bangui,WhatsApp Business,Grande entreprise,Électroménager,Télévision Hisense 43,12,259787,0,3117444,1909604,1207840,Carte bancaire,Fête de fin d'année,3.5
CMD-103172,2024-05-05,Congo,Brazzaville,Site web,PME,Mode,Chemise homme,10,17988,0,179880,137221,42659,Espèces,Promo rentrée,4.1
CMD-103173,2024-06-28,Guinée équatoriale,Malabo,Revendeur,Grande entreprise,Mode,Montre connectée,6,46282,10,249923,176867,73056,Espèces,Soldes Ramadan,3.3
CMD-103174,2023-07-16,Tchad,N'Djamena,Instagram,Grande entreprise,Électroménager,Mixeur Moulinex,1,36073,15,30663,18972,11691,Carte bancaire,Campagne Facebook Ads,3.6
CMD-103175,2024-07-11,Cameroun,Douala,Site web,PME,Alimentation,Boisson gazeuse,13,3167,0,41171,31025,10146,Mobile Money,Fête de fin d'année,4.9
CMD-103176,2023-12-15,Tchad,N'Djamena,Site web,Particulier,Informatique,HP EliteBook,9,353899,0,3185091,2153085,1032006,Virement bancaire,Fête de fin d'année,3.2
CMD-103177,2025-09-19,Gabon,Port-Gentil,Revendeur,Particulier,Mode,Sac à main,10,29657,0,296570,200881,95689,Mobile Money,Black Friday,4.9
CMD-103178,2025-12-21,RCA,Berbérati,Revendeur,PME,Informatique,Clé USB 64GB,9,9629,10,77995,57381,20614,Carte bancaire,Promo WhatsApp,3.8
CMD-103179,2024-03-24,Gabon,Port-Gentil,Revendeur,Particulier,Alimentation,Lait en poudre,7,6462,0,45234,30282,14952,Espèces,Campagne Facebook Ads,3.8
CMD-103180,2024-01-31,Guinée équatoriale,Bata,Site web,Particulier,Informatique,HP EliteBook,3,342634,0,1027902,716110,311792,Carte bancaire,Fête de fin d'année,3.9
CMD-103181,2025-01-17,Guinée équatoriale,Malabo,Boutique physique,Particulier,Alimentation,Boisson gazeuse,1,3417,10,3076,1896,1180,Virement bancaire,Aucune campagne,3.2
CMD-103182,2024-08-16,Guinée équatoriale,Bata,Boutique physique,Particulier,Mode,Montre connectée,6,44788,5,255292,169273,86019,Mobile Money,Promo WhatsApp,4.9
CMD-103183,2026-02-07,Cameroun,Bafoussam,Facebook,Particulier,Mode,Chaussures Nike,8,53832,0,430656,333862,96794,Virement bancaire,Promo WhatsApp,3.1
CMD-103184,2025-01-02,Gabon,Libreville,Facebook,Particulier,Alimentation,Huile 5L,13,10006,0,130078,78889,51189,Virement bancaire,Promo rentrée,3.5
CMD-103185,2024-04-29,Tchad,Sarh,Boutique physique,Particulier,Alimentation,Boisson gazeuse,4,3308,10,11909,9240,2669,Mobile Money,Fête de fin d'année,3.6
CMD-103186,2024-02-18,Tchad,Sarh,Revendeur,PME,Mode,Chemise homme,8,20602,0,164816,123023,41793,Virement bancaire,Promo rentrée,4.3
CMD-103187,2024-09-26,Gabon,Franceville,Instagram,PME,Alimentation,Riz 25kg,10,27497,5,261222,181335,79887,Virement bancaire,Promo WhatsApp,3.7
CMD-103188,2024-12-03,Cameroun,Bafoussam,Instagram,Grande entreprise,Téléphones,Samsung Galaxy A15,11,90263,15,843960,521331,322629,Mobile Money,Promo rentrée,3.9
CMD-103189,2024-10-04,Tchad,Sarh,Revendeur,PME,Téléphones,iPhone 13,13,482235,15,5328697,3645715,1682982,Carte bancaire,Promo rentrée,3.9
CMD-103190,2025-05-19,RDC,Lubumbashi,Site web,Grande entreprise,Téléphones,Redmi Note 13,11,141887,0,1560757,1143888,416869,Mobile Money,Promo WhatsApp,4.9
CMD-103191,2023-09-01,Gabon,Franceville,Site web,PME,Mode,Sac à main,4,32081,0,128324,97021,31303,Virement bancaire,Aucune campagne,3.1
CMD-103192,2026-01-29,RCA,Berbérati,Site web,Particulier,Mode,Chaussures Nike,3,54794,5,156163,115161,41002,Mobile Money,Black Friday,4.7
CMD-103193,2026-04-07,Guinée équatoriale,Bata,Instagram,Particulier,Alimentation,Boisson gazeuse,15,3717,0,55755,39358,16397,Espèces,Promo rentrée,3.1
CMD-103194,2023-05-07,RCA,Berbérati,Facebook,Particulier,Alimentation,Boisson gazeuse,15,3471,5,49462,36729,12733,Virement bancaire,Promo WhatsApp,4.4
CMD-103195,2023-09-10,Cameroun,Douala,Site web,PME,Alimentation,Boisson gazeuse,6,3644,5,20771,11546,9225,Espèces,Aucune campagne,3.9
CMD-103196,2023-03-16,RCA,Bangui,Facebook,PME,Informatique,Imprimante Canon,1,108143,15,91922,68780,23142,Mobile Money,Black Friday,4.6
CMD-103197,2025-09-22,Cameroun,Douala,Instagram,Grande entreprise,Téléphones,Redmi Note 13,5,159914,0,799570,535731,263839,Carte bancaire,Black Friday,3.3
CMD-103198,2026-04-20,RCA,Berbérati,Site web,Grande entreprise,Informatique,Dell Latitude,8,475012,15,3230082,2009731,1220351,Carte bancaire,Campagne Facebook Ads,4.4
CMD-103199,2024-10-20,Gabon,Libreville,Instagram,Grande entreprise,Alimentation,Lait en poudre,12,6166,5,70293,46402,23891,Espèces,Aucune campagne,5.0
CMD-103200,2024-10-22,Guinée équatoriale,Bata,Site web,Grande entreprise,Alimentation,Huile 5L,11,9700,0,106700,84908,21792,Carte bancaire,Fête de fin d'année,3.4
CMD-103201,2025-04-01,RCA,Bangui,Revendeur,Particulier,Mode,Montre connectée,8,44644,0,357152,215241,141911,Virement bancaire,Fête de fin d'année,3.0
CMD-103202,2023-05-01,Cameroun,Douala,Boutique physique,Particulier,Informatique,HP EliteBook,15,356991,5,5087122,4108383,978739,Mobile Money,Promo WhatsApp,3.1
CMD-103203,2023-11-15,RCA,Berbérati,Site web,Grande entreprise,Mode,Montre connectée,6,44971,0,269826,180300,89526,Virement bancaire,Promo rentrée,4.8
CMD-103204,2025-07-28,RDC,Matadi,Revendeur,Grande entreprise,Électroménager,Télévision Hisense 43,1,230600,0,230600,137940,92660,Mobile Money,Soldes Ramadan,3.3
CMD-103205,2023-10-05,Gabon,Libreville,WhatsApp Business,PME,Alimentation,Riz 25kg,8,27050,5,205580,138705,66875,Mobile Money,Black Friday,4.9
CMD-103206,2024-10-14,RCA,Berbérati,Instagram,PME,Informatique,Dell Latitude,2,419608,0,839216,591755,247461,Virement bancaire,Black Friday,4.0
CMD-103207,2023-04-02,Gabon,Port-Gentil,Instagram,Grande entreprise,Téléphones,iPhone 13,7,572896,10,3609245,2138641,1470604,Mobile Money,Promo WhatsApp,4.4
CMD-103208,2023-05-13,RCA,Bangui,Boutique physique,Grande entreprise,Informatique,Imprimante Canon,1,127893,0,127893,83907,43986,Virement bancaire,Black Friday,3.5
CMD-103209,2025-06-10,Congo,Brazzaville,Facebook,PME,Électroménager,Réfrigérateur LG,14,463463,5,6164058,4029118,2134940,Mobile Money,Fête de fin d'année,3.8
CMD-103210,2025-04-23,Cameroun,Yaoundé,Facebook,Particulier,Informatique,Dell Latitude,11,480021,0,5280231,3890123,1390108,Espèces,Black Friday,5.0
CMD-103211,2025-01-18,RCA,Bangui,Boutique physique,Particulier,Alimentation,Lait en poudre,15,5969,10,80582,58800,21782,Mobile Money,Fête de fin d'année,4.1
CMD-103212,2026-02-21,RDC,Lubumbashi,Facebook,PME,Électroménager,Réfrigérateur LG,4,417707,5,1587287,1240400,346887,Espèces,Black Friday,3.8
CMD-103213,2025-01-18,RDC,Kinshasa,Boutique physique,PME,Informatique,HP EliteBook,1,383844,15,326268,210084,116184,Carte bancaire,Aucune campagne,5.0
CMD-103214,2023-09-17,Gabon,Libreville,Facebook,Grande entreprise,Alimentation,Lait en poudre,9,6650,0,59850,37592,22258,Virement bancaire,Soldes Ramadan,4.5
CMD-103215,2025-06-01,Cameroun,Garoua,Instagram,Grande entreprise,Alimentation,Lait en poudre,10,6094,5,57893,35694,22199,Carte bancaire,Fête de fin d'année,3.0
CMD-103216,2025-07-03,RCA,Berbérati,Facebook,Particulier,Téléphones,iPhone 13,2,530733,10,955320,750489,204831,Carte bancaire,Promo WhatsApp,4.4
CMD-103217,2024-02-10,Tchad,Moundou,Facebook,PME,Alimentation,Boisson gazeuse,4,3208,0,12832,8631,4201,Mobile Money,Soldes Ramadan,3.5
CMD-103218,2023-07-02,Congo,Nkayi,Revendeur,PME,Mode,Sac à main,2,30378,0,60756,40254,20502,Mobile Money,Fête de fin d'année,3.8
CMD-103219,2024-06-19,Cameroun,Bafoussam,Instagram,Particulier,Informatique,Dell Latitude,3,463302,0,1389906,1082250,307656,Mobile Money,Promo rentrée,4.8
CMD-103220,2026-02-17,Congo,Dolisie,Boutique physique,Grande entreprise,Alimentation,Riz 25kg,3,25097,5,71527,40736,30791,Espèces,Black Friday,4.1
CMD-103221,2025-09-25,RDC,Goma,Site web,Particulier,Alimentation,Riz 25kg,13,22414,5,276813,190762,86051,Mobile Money,Soldes Ramadan,4.5
CMD-103222,2023-09-05,Congo,Pointe-Noire,WhatsApp Business,Particulier,Informatique,HP EliteBook,6,423012,10,2284265,1282126,1002139,Espèces,Soldes Ramadan,3.5
CMD-103223,2023-04-09,Guinée équatoriale,Malabo,Revendeur,Particulier,Informatique,HP EliteBook,9,421690,0,3795210,2799411,995799,Espèces,Soldes Ramadan,3.7
CMD-103224,2023-05-21,Tchad,Sarh,Revendeur,PME,Mode,Chaussures Nike,11,52035,0,572385,435030,137355,Espèces,Promo WhatsApp,3.2
CMD-103225,2025-07-06,Congo,Brazzaville,Facebook,Particulier,Téléphones,Tecno Spark 20,15,96815,0,1452225,1153856,298369,Mobile Money,Black Friday,4.7
CMD-103226,2024-07-01,RCA,Berbérati,Site web,PME,Alimentation,Huile 5L,7,10396,0,72772,49004,23768,Espèces,Aucune campagne,4.2
CMD-103227,2023-06-11,Congo,Brazzaville,Facebook,Grande entreprise,Mode,Chaussures Nike,14,57457,0,804398,495562,308836,Virement bancaire,Fête de fin d'année,4.4
CMD-103228,2025-11-15,RDC,Goma,WhatsApp Business,Particulier,Mode,Chaussures Nike,13,55269,0,718497,490418,228079,Espèces,Aucune campagne,4.3
CMD-103229,2025-03-22,Tchad,Moundou,Boutique physique,PME,Téléphones,iPhone 13,4,588525,10,2118690,1551646,567044,Espèces,Fête de fin d'année,3.6
CMD-103230,2024-04-08,Congo,Nkayi,WhatsApp Business,PME,Électroménager,Télévision Hisense 43,4,252672,0,1010688,765690,244998,Virement bancaire,Promo WhatsApp,3.0
CMD-103231,2025-01-15,Gabon,Libreville,Facebook,PME,Électroménager,Ventilateur Binatone,2,31448,15,53462,41910,11552,Espèces,Fête de fin d'année,4.6
CMD-103232,2024-05-17,Tchad,Moundou,Boutique physique,Grande entreprise,Téléphones,Samsung Galaxy A15,12,93169,10,1006226,607781,398445,Carte bancaire,Fête de fin d'année,3.6
CMD-103233,2026-03-02,Gabon,Franceville,Site web,Particulier,Informatique,Dell Latitude,11,445101,10,4406500,3054621,1351879,Carte bancaire,Promo rentrée,4.1
CMD-103234,2025-04-29,RDC,Matadi,Instagram,PME,Informatique,Clé USB 64GB,10,8541,0,85410,62294,23116,Carte bancaire,Black Friday,4.6
CMD-103235,2024-06-04,Cameroun,Bafoussam,WhatsApp Business,Grande entreprise,Alimentation,Huile 5L,2,10464,5,19882,12762,7120,Espèces,Fête de fin d'année,3.2
CMD-103236,2023-02-06,RCA,Berbérati,Instagram,PME,Alimentation,Riz 25kg,3,27030,0,81090,64173,16917,Mobile Money,Soldes Ramadan,3.2
CMD-103237,2025-03-02,Congo,Nkayi,Site web,PME,Électroménager,Télévision Hisense 43,6,256883,0,1541298,903278,638020,Espèces,Promo WhatsApp,4.3
CMD-103238,2024-05-20,Cameroun,Garoua,Boutique physique,Grande entreprise,Électroménager,Télévision Hisense 43,2,264153,15,449061,281159,167902,Carte bancaire,Black Friday,4.2
CMD-103239,2026-03-19,Cameroun,Douala,Instagram,PME,Alimentation,Lait en poudre,14,6927,5,92130,74709,17421,Virement bancaire,Soldes Ramadan,4.3
CMD-103240,2023-05-06,Gabon,Port-Gentil,Site web,Particulier,Mode,Sac à main,13,29213,0,379769,217021,162748,Espèces,Black Friday,3.6
CMD-103241,2025-07-04,RCA,Berbérati,Instagram,Grande entreprise,Alimentation,Huile 5L,7,8592,0,60144,43511,16633,Espèces,Soldes Ramadan,3.9
CMD-103242,2023-09-23,Cameroun,Yaoundé,WhatsApp Business,PME,Informatique,Dell Latitude,3,412072,10,1112595,679810,432785,Virement bancaire,Promo WhatsApp,3.3
CMD-103243,2023-12-04,RDC,Lubumbashi,Revendeur,Grande entreprise,Mode,Montre connectée,5,47545,15,202067,129636,72431,Espèces,Black Friday,5.0
CMD-103244,2024-01-24,Congo,Pointe-Noire,Site web,PME,Informatique,Imprimante Canon,7,137858,0,965006,715999,249007,Virement bancaire,Aucune campagne,4.1
CMD-103245,2024-11-09,Guinée équatoriale,Bata,Revendeur,Grande entreprise,Électroménager,Réfrigérateur LG,13,456548,15,5044856,3163365,1881491,Carte bancaire,Fête de fin d'année,4.8
CMD-103246,2024-05-15,RCA,Berbérati,WhatsApp Business,Grande entreprise,Mode,Montre connectée,1,53765,10,48389,35779,12610,Espèces,Black Friday,4.4
CMD-103247,2025-08-29,Cameroun,Douala,Facebook,PME,Électroménager,Télévision Hisense 43,5,230419,5,1094491,812578,281913,Virement bancaire,Soldes Ramadan,4.2
CMD-103248,2024-04-05,RDC,Kinshasa,Facebook,Grande entreprise,Alimentation,Lait en poudre,4,7016,15,23855,19042,4813,Espèces,Campagne Facebook Ads,4.7
CMD-103249,2024-11-17,RCA,Berbérati,WhatsApp Business,Particulier,Alimentation,Huile 5L,12,10859,0,130308,96731,33577,Espèces,Soldes Ramadan,4.5
CMD-103250,2023-10-09,Congo,Pointe-Noire,WhatsApp Business,Grande entreprise,Alimentation,Boisson gazeuse,8,3337,5,25362,17858,7504,Virement bancaire,Campagne Facebook Ads,3.8
CMD-103251,2026-02-08,Gabon,Port-Gentil,WhatsApp Business,Particulier,Alimentation,Lait en poudre,11,6605,0,72655,53848,18807,Mobile Money,Promo rentrée,4.3
CMD-103252,2025-10-30,Tchad,Sarh,Revendeur,PME,Téléphones,Samsung Galaxy A15,13,86216,15,952687,589704,362983,Mobile Money,Promo WhatsApp,4.6
CMD-103253,2026-04-08,Cameroun,Garoua,Boutique physique,Grande entreprise,Téléphones,iPhone 13,8,510037,0,4080296,2362791,1717505,Virement bancaire,Promo WhatsApp,4.5
CMD-103254,2025-11-20,Congo,Pointe-Noire,WhatsApp Business,PME,Alimentation,Riz 25kg,1,25879,15,21998,17682,4316,Carte bancaire,Soldes Ramadan,4.4
CMD-103255,2024-09-01,Cameroun,Bafoussam,WhatsApp Business,Particulier,Informatique,Clé USB 64GB,7,8886,15,52872,30914,21958,Espèces,Promo rentrée,4.6
CMD-103256,2024-03-20,RDC,Kinshasa,Facebook,Particulier,Alimentation,Lait en poudre,3,7057,0,21171,12673,8498,Carte bancaire,Fête de fin d'année,4.7
CMD-103257,2024-03-11,Cameroun,Bafoussam,Revendeur,Particulier,Mode,Chemise homme,11,18213,5,190326,130255,60071,Virement bancaire,Campagne Facebook Ads,3.5
CMD-103258,2024-09-05,Guinée équatoriale,Bata,Site web,PME,Alimentation,Lait en poudre,6,5928,15,30233,17196,13037,Mobile Money,Fête de fin d'année,4.4
CMD-103259,2025-11-10,Congo,Nkayi,Instagram,Particulier,Mode,Chaussures Nike,11,61812,15,577943,346319,231624,Mobile Money,Promo WhatsApp,3.1
CMD-103260,2025-10-15,Guinée équatoriale,Bata,Facebook,PME,Mode,Montre connectée,15,51695,5,736654,525342,211312,Carte bancaire,Campagne Facebook Ads,4.7
CMD-103261,2025-01-24,Guinée équatoriale,Malabo,Site web,Grande entreprise,Mode,Chaussures Nike,13,62366,0,810758,614045,196713,Carte bancaire,Campagne Facebook Ads,3.8
CMD-103262,2026-03-19,RCA,Bangui,WhatsApp Business,PME,Électroménager,Mixeur Moulinex,6,38125,5,217313,174103,43210,Espèces,Aucune campagne,3.7
CMD-103263,2023-07-11,RDC,Matadi,Revendeur,PME,Mode,Sac à main,6,34634,5,197414,160258,37156,Carte bancaire,Aucune campagne,4.5
CMD-103264,2025-04-30,RCA,Bangui,Boutique physique,Particulier,Alimentation,Boisson gazeuse,13,3553,5,43880,27309,16571,Virement bancaire,Promo rentrée,4.5
CMD-103265,2026-03-19,Gabon,Franceville,Instagram,PME,Alimentation,Huile 5L,11,9511,0,104621,60572,44049,Virement bancaire,Soldes Ramadan,3.8
CMD-103266,2024-11-20,Gabon,Port-Gentil,Instagram,Particulier,Électroménager,Réfrigérateur LG,10,411428,15,3497138,2494830,1002308,Mobile Money,Promo rentrée,3.8
CMD-103267,2023-04-21,RCA,Berbérati,Boutique physique,PME,Électroménager,Ventilateur Binatone,3,30177,0,90531,69164,21367,Espèces,Promo rentrée,3.7
CMD-103268,2025-01-15,RDC,Matadi,WhatsApp Business,Grande entreprise,Téléphones,iPhone 13,14,586234,0,8207276,4714338,3492938,Virement bancaire,Soldes Ramadan,4.5
CMD-103269,2023-12-01,RCA,Bangui,Site web,PME,Alimentation,Lait en poudre,6,7362,5,41964,33525,8439,Virement bancaire,Promo WhatsApp,4.5
CMD-103270,2023-03-17,RDC,Matadi,WhatsApp Business,Grande entreprise,Téléphones,iPhone 13,6,506765,10,2736531,1937157,799374,Virement bancaire,Aucune campagne,3.9
CMD-103271,2023-09-18,Guinée équatoriale,Malabo,WhatsApp Business,Grande entreprise,Informatique,Imprimante Canon,12,124472,5,1418981,784066,634915,Mobile Money,Black Friday,4.1
CMD-103272,2023-05-12,Cameroun,Bafoussam,Site web,Grande entreprise,Alimentation,Huile 5L,8,10486,5,79694,44255,35439,Espèces,Promo rentrée,3.5
CMD-103273,2025-12-13,Gabon,Port-Gentil,Revendeur,Grande entreprise,Mode,Chaussures Nike,12,51361,10,554699,453479,101220,Espèces,Promo rentrée,3.5
CMD-103274,2023-11-17,RCA,Berbérati,Revendeur,PME,Mode,Chaussures Nike,8,55491,0,443928,284433,159495,Espèces,Black Friday,3.3
CMD-103275,2023-11-06,RCA,Berbérati,Site web,Grande entreprise,Alimentation,Lait en poudre,11,5891,5,61561,37099,24462,Carte bancaire,Aucune campagne,4.5
CMD-103276,2023-08-01,Cameroun,Yaoundé,WhatsApp Business,PME,Informatique,Dell Latitude,9,467655,10,3788006,2709810,1078196,Virement bancaire,Fête de fin d'année,3.7
CMD-103277,2025-01-07,RDC,Lubumbashi,Instagram,Grande entreprise,Mode,Chemise homme,14,19518,0,273252,180711,92541,Carte bancaire,Aucune campagne,3.6
CMD-103278,2025-12-13,Cameroun,Douala,Site web,PME,Téléphones,Samsung Galaxy A15,9,108043,15,826529,607300,219229,Espèces,Promo WhatsApp,4.1
CMD-103279,2023-01-25,RCA,Berbérati,Boutique physique,Particulier,Informatique,HP EliteBook,12,406376,10,4388861,2545543,1843318,Mobile Money,Aucune campagne,3.6
CMD-103280,2023-06-12,RCA,Berbérati,Instagram,Grande entreprise,Mode,Montre connectée,13,54794,0,712322,487853,224469,Virement bancaire,Promo WhatsApp,4.2
CMD-103281,2025-06-28,Cameroun,Bafoussam,Revendeur,Grande entreprise,Informatique,Clé USB 64GB,13,8843,0,114959,70489,44470,Virement bancaire,Black Friday,3.9
CMD-103282,2023-12-15,Cameroun,Bafoussam,Site web,Particulier,Alimentation,Huile 5L,3,10433,15,26605,17724,8881,Espèces,Promo rentrée,4.0
CMD-103283,2024-08-13,Cameroun,Yaoundé,Boutique physique,PME,Mode,Chemise homme,4,18672,15,63485,43465,20020,Carte bancaire,Promo rentrée,5.0
CMD-103284,2025-05-03,Tchad,Moundou,Instagram,Grande entreprise,Téléphones,iPhone 13,15,550341,0,8255115,5595104,2660011,Virement bancaire,Black Friday,3.1
CMD-103285,2025-04-19,Tchad,N'Djamena,Site web,Grande entreprise,Informatique,Imprimante Canon,10,122604,0,1226040,997575,228465,Espèces,Aucune campagne,3.8
CMD-103286,2025-01-17,Congo,Pointe-Noire,Instagram,Grande entreprise,Mode,Chemise homme,8,20596,0,164768,107922,56846,Espèces,Aucune campagne,3.4
CMD-103287,2024-05-16,RDC,Goma,Revendeur,Grande entreprise,Alimentation,Boisson gazeuse,15,3722,0,55830,37530,18300,Espèces,Fête de fin d'année,3.2
CMD-103288,2024-10-17,Gabon,Franceville,Instagram,PME,Alimentation,Lait en poudre,2,7343,0,14686,11424,3262,Virement bancaire,Promo WhatsApp,3.4
CMD-103289,2024-07-15,RDC,Goma,Instagram,PME,Électroménager,Ventilateur Binatone,11,26304,0,289344,176502,112842,Virement bancaire,Campagne Facebook Ads,4.0
CMD-103290,2026-01-06,Congo,Pointe-Noire,WhatsApp Business,Particulier,Alimentation,Lait en poudre,6,6456,10,34863,27368,7495,Carte bancaire,Campagne Facebook Ads,4.7
CMD-103291,2023-08-21,Tchad,N'Djamena,Instagram,PME,Téléphones,Samsung Galaxy A15,6,99493,0,596958,374529,222429,Espèces,Fête de fin d'année,3.9
CMD-103292,2024-08-17,Congo,Dolisie,Revendeur,Grande entreprise,Alimentation,Riz 25kg,10,22944,0,229440,183529,45911,Virement bancaire,Promo rentrée,3.8
CMD-103293,2025-04-12,Cameroun,Yaoundé,WhatsApp Business,PME,Alimentation,Huile 5L,4,10777,0,43108,32727,10381,Carte bancaire,Soldes Ramadan,3.7
CMD-103294,2023-02-11,Gabon,Franceville,WhatsApp Business,Grande entreprise,Mode,Chemise homme,15,20280,10,273780,200146,73634,Carte bancaire,Soldes Ramadan,4.1
CMD-103295,2024-10-28,RCA,Bangui,Site web,Grande entreprise,Alimentation,Lait en poudre,15,5850,5,83363,58457,24906,Carte bancaire,Campagne Facebook Ads,4.3
CMD-103296,2025-08-18,RCA,Berbérati,Site web,Grande entreprise,Électroménager,Ventilateur Binatone,14,31776,0,444864,250368,194496,Carte bancaire,Campagne Facebook Ads,3.9
CMD-103297,2025-10-27,RDC,Matadi,Facebook,Particulier,Mode,Chaussures Nike,10,56368,10,507312,415416,91896,Mobile Money,Soldes Ramadan,4.6
CMD-103298,2025-03-29,RCA,Berbérati,Site web,Grande entreprise,Informatique,Imprimante Canon,11,109391,15,1022806,601342,421464,Mobile Money,Soldes Ramadan,3.3
CMD-103299,2023-10-30,Congo,Pointe-Noire,WhatsApp Business,PME,Mode,Sac à main,12,30255,0,363060,239360,123700,Espèces,Promo WhatsApp,3.9
CMD-103300,2023-09-05,Cameroun,Douala,Instagram,PME,Informatique,Imprimante Canon,11,110352,0,1213872,807037,406835,Carte bancaire,Aucune campagne,3.1
CMD-103301,2026-04-23,Tchad,Sarh,Site web,PME,Mode,Sac à main,5,35212,0,176060,123149,52911,Mobile Money,Aucune campagne,4.6
CMD-103302,2023-01-05,RCA,Berbérati,Revendeur,PME,Téléphones,Redmi Note 13,6,150914,0,905484,666874,238610,Espèces,Aucune campagne,3.7
CMD-103303,2023-03-10,RCA,Berbérati,Revendeur,Grande entreprise,Électroménager,Ventilateur Binatone,9,26718,10,216416,174279,42137,Mobile Money,Fête de fin d'année,4.5
CMD-103304,2023-09-21,Congo,Brazzaville,Facebook,PME,Téléphones,Redmi Note 13,10,140539,0,1405390,797563,607827,Carte bancaire,Aucune campagne,4.1
CMD-103305,2026-03-11,RDC,Kinshasa,Site web,Particulier,Électroménager,Ventilateur Binatone,14,31810,0,445340,271918,173422,Mobile Money,Fête de fin d'année,4.8
CMD-103306,2025-05-22,RCA,Bangui,Site web,Particulier,Informatique,HP EliteBook,4,386947,5,1470399,904530,565869,Espèces,Aucune campagne,4.4
CMD-103307,2025-05-20,Cameroun,Douala,Site web,Particulier,Mode,Chemise homme,11,20345,0,223795,182169,41626,Virement bancaire,Promo WhatsApp,4.6
CMD-103308,2025-03-28,Cameroun,Yaoundé,Facebook,PME,Alimentation,Lait en poudre,7,6395,5,42527,23917,18610,Espèces,Promo WhatsApp,3.9
CMD-103309,2025-06-24,Guinée équatoriale,Malabo,Revendeur,Particulier,Informatique,Imprimante Canon,2,132326,0,264652,212973,51679,Espèces,Promo rentrée,4.0
CMD-103310,2025-10-25,Gabon,Libreville,Boutique physique,Grande entreprise,Électroménager,Télévision Hisense 43,12,254442,15,2595309,1801046,794263,Espèces,Campagne Facebook Ads,4.1
CMD-103311,2025-01-06,Gabon,Franceville,Revendeur,Particulier,Mode,Sac à main,4,31540,10,113544,71399,42145,Mobile Money,Aucune campagne,4.6
CMD-103312,2025-08-14,Congo,Brazzaville,Facebook,Grande entreprise,Informatique,HP EliteBook,1,417332,0,417332,271207,146125,Carte bancaire,Promo rentrée,4.5
CMD-103313,2025-01-21,RDC,Matadi,Instagram,Particulier,Téléphones,Samsung Galaxy A15,7,103705,0,725935,416118,309817,Carte bancaire,Soldes Ramadan,4.3
CMD-103314,2024-09-30,Gabon,Libreville,Facebook,Particulier,Informatique,Clé USB 64GB,11,9572,0,105292,59107,46185,Carte bancaire,Black Friday,3.7
CMD-103315,2025-02-26,RCA,Berbérati,Facebook,Grande entreprise,Téléphones,Redmi Note 13,14,157214,10,1980897,1454133,526764,Carte bancaire,Fête de fin d'année,3.6
CMD-103316,2026-02-25,RDC,Goma,Facebook,PME,Alimentation,Riz 25kg,15,25666,15,327242,214772,112470,Carte bancaire,Campagne Facebook Ads,3.4
CMD-103317,2023-03-20,Cameroun,Garoua,WhatsApp Business,Particulier,Informatique,Imprimante Canon,13,123299,15,1362454,785134,577320,Espèces,Promo rentrée,4.0
CMD-103318,2025-04-13,Guinée équatoriale,Bata,WhatsApp Business,Grande entreprise,Électroménager,Télévision Hisense 43,5,244196,10,1098882,791504,307378,Mobile Money,Campagne Facebook Ads,3.8
CMD-103319,2024-07-13,Congo,Pointe-Noire,Revendeur,Grande entreprise,Informatique,Imprimante Canon,4,125750,15,427550,298502,129048,Virement bancaire,Promo WhatsApp,4.4
CMD-103320,2025-06-15,RCA,Bangui,Site web,Grande entreprise,Informatique,HP EliteBook,5,342973,10,1543379,1005742,537637,Virement bancaire,Black Friday,3.1
CMD-103321,2026-02-22,Congo,Nkayi,Boutique physique,Particulier,Téléphones,Samsung Galaxy A15,15,94952,5,1353066,1094625,258441,Espèces,Promo WhatsApp,3.2
CMD-103322,2024-06-18,Tchad,N'Djamena,Instagram,Particulier,Électroménager,Réfrigérateur LG,6,383738,5,2187307,1352069,835238,Espèces,Promo WhatsApp,4.9
CMD-103323,2026-04-30,Cameroun,Douala,Instagram,Particulier,Électroménager,Télévision Hisense 43,4,231247,0,924988,618975,306013,Carte bancaire,Campagne Facebook Ads,4.0
CMD-103324,2026-03-01,Guinée équatoriale,Bata,Site web,PME,Mode,Chemise homme,8,17460,0,139680,97769,41911,Mobile Money,Promo WhatsApp,4.3
CMD-103325,2024-07-22,Cameroun,Yaoundé,Boutique physique,PME,Téléphones,iPhone 13,13,532484,5,6576178,3682279,2893899,Espèces,Promo WhatsApp,3.3
CMD-103326,2025-05-30,Congo,Nkayi,Facebook,Grande entreprise,Informatique,HP EliteBook,14,367166,0,5140324,3340667,1799657,Carte bancaire,Aucune campagne,3.5
CMD-103327,2026-03-20,Guinée équatoriale,Bata,Boutique physique,Particulier,Alimentation,Boisson gazeuse,12,4012,0,48144,27601,20543,Virement bancaire,Aucune campagne,4.6
CMD-103328,2026-01-26,Congo,Dolisie,Instagram,Particulier,Alimentation,Lait en poudre,14,6546,0,91644,65323,26321,Virement bancaire,Fête de fin d'année,4.6
CMD-103329,2025-09-22,RCA,Bangui,Revendeur,Particulier,Informatique,Dell Latitude,14,427898,5,5691044,3133809,2557235,Espèces,Promo WhatsApp,3.6
CMD-103330,2024-08-01,Gabon,Port-Gentil,Facebook,PME,Téléphones,Tecno Spark 20,7,91243,0,638701,412040,226661,Virement bancaire,Promo rentrée,3.3
CMD-103331,2024-06-07,Tchad,N'Djamena,Revendeur,PME,Électroménager,Ventilateur Binatone,12,26267,0,315204,191048,124156,Espèces,Promo rentrée,4.9
CMD-103332,2023-10-17,Guinée équatoriale,Malabo,Facebook,Particulier,Alimentation,Boisson gazeuse,5,3963,15,16843,10910,5933,Espèces,Promo WhatsApp,4.7
CMD-103333,2025-06-17,Tchad,Sarh,Boutique physique,Particulier,Téléphones,iPhone 13,11,581985,0,6401835,4725984,1675851,Virement bancaire,Black Friday,3.3
CMD-103334,2023-08-04,Cameroun,Garoua,WhatsApp Business,Particulier,Téléphones,Tecno Spark 20,11,89638,5,936718,649112,287606,Virement bancaire,Promo WhatsApp,4.5
CMD-103335,2025-05-29,Cameroun,Bafoussam,Instagram,Grande entreprise,Électroménager,Mixeur Moulinex,3,39186,0,117558,78902,38656,Espèces,Aucune campagne,3.9
CMD-103336,2025-07-26,Guinée équatoriale,Malabo,Site web,Grande entreprise,Alimentation,Boisson gazeuse,13,3486,5,43053,31120,11933,Carte bancaire,Aucune campagne,4.5
CMD-103337,2025-10-10,Gabon,Port-Gentil,Revendeur,PME,Alimentation,Huile 5L,13,8723,5,107730,73474,34256,Virement bancaire,Aucune campagne,3.3
CMD-103338,2025-05-15,Gabon,Franceville,Revendeur,Grande entreprise,Alimentation,Riz 25kg,15,25720,0,385800,254308,131492,Carte bancaire,Campagne Facebook Ads,4.8
CMD-103339,2024-02-27,Cameroun,Douala,Instagram,PME,Électroménager,Réfrigérateur LG,7,390961,15,2326218,1726135,600083,Mobile Money,Fête de fin d'année,4.7
CMD-103340,2023-07-28,Cameroun,Garoua,Revendeur,Grande entreprise,Téléphones,Tecno Spark 20,9,90962,0,818658,492128,326530,Mobile Money,Aucune campagne,4.3
CMD-103341,2025-05-17,Congo,Pointe-Noire,Boutique physique,Particulier,Mode,Montre connectée,5,49686,0,248430,147202,101228,Carte bancaire,Aucune campagne,3.3
CMD-103342,2024-05-08,Tchad,Sarh,Site web,Particulier,Alimentation,Boisson gazeuse,4,3212,0,12848,8023,4825,Espèces,Promo WhatsApp,4.1
CMD-103343,2025-05-23,Cameroun,Garoua,Instagram,Particulier,Téléphones,iPhone 13,10,572450,0,5724500,4189833,1534667,Carte bancaire,Soldes Ramadan,3.0
CMD-103344,2023-12-24,RDC,Goma,Facebook,PME,Téléphones,iPhone 13,7,472923,0,3310461,2187577,1122884,Carte bancaire,Black Friday,4.6
CMD-103345,2023-07-23,Gabon,Libreville,WhatsApp Business,PME,Alimentation,Huile 5L,14,10825,5,143973,116567,27406,Mobile Money,Promo WhatsApp,4.9
CMD-103346,2026-04-06,Cameroun,Douala,Revendeur,Particulier,Téléphones,iPhone 13,1,478060,5,454157,353322,100835,Virement bancaire,Black Friday,4.0
CMD-103347,2025-05-06,RCA,Bangui,Boutique physique,Grande entreprise,Téléphones,Redmi Note 13,11,138383,5,1446103,1002674,443429,Carte bancaire,Promo WhatsApp,4.9
CMD-103348,2025-08-22,Tchad,N'Djamena,Boutique physique,Grande entreprise,Mode,Sac à main,2,31127,5,59142,47758,11384,Virement bancaire,Promo rentrée,5.0
CMD-103349,2023-11-14,Gabon,Libreville,Boutique physique,PME,Alimentation,Riz 25kg,4,25314,10,91131,72110,19021,Virement bancaire,Black Friday,3.1
CMD-103350,2025-10-05,RDC,Kinshasa,Facebook,Grande entreprise,Mode,Chaussures Nike,11,51937,15,485611,389776,95835,Virement bancaire,Aucune campagne,3.6
CMD-103351,2023-08-29,Tchad,Sarh,WhatsApp Business,Particulier,Alimentation,Huile 5L,2,9098,5,17287,10573,6714,Carte bancaire,Black Friday,4.8
CMD-103352,2024-05-24,Cameroun,Bafoussam,Facebook,PME,Électroménager,Télévision Hisense 43,5,209137,0,1045685,742455,303230,Espèces,Fête de fin d'année,4.1
CMD-103353,2026-01-23,Cameroun,Douala,Instagram,Grande entreprise,Alimentation,Lait en poudre,13,6355,10,74354,46280,28074,Carte bancaire,Soldes Ramadan,3.1
CMD-103354,2024-12-18,Gabon,Port-Gentil,Revendeur,Grande entreprise,Électroménager,Ventilateur Binatone,7,32108,10,202281,124481,77800,Espèces,Soldes Ramadan,3.7
CMD-103355,2025-10-20,Congo,Dolisie,Boutique physique,Grande entreprise,Informatique,Dell Latitude,9,429747,0,3867723,2141461,1726262,Mobile Money,Soldes Ramadan,4.5
CMD-103356,2025-01-12,Cameroun,Douala,Revendeur,Grande entreprise,Mode,Sac à main,2,33841,0,67682,51727,15955,Mobile Money,Fête de fin d'année,5.0
CMD-103357,2025-05-11,Cameroun,Yaoundé,Boutique physique,Particulier,Électroménager,Réfrigérateur LG,13,457523,15,5055630,3354745,1700885,Mobile Money,Fête de fin d'année,3.5
CMD-103358,2025-06-09,RDC,Kinshasa,WhatsApp Business,PME,Téléphones,Tecno Spark 20,15,96020,0,1440300,864338,575962,Mobile Money,Soldes Ramadan,3.3
CMD-103359,2024-04-09,Tchad,N'Djamena,Instagram,Particulier,Téléphones,Redmi Note 13,12,135671,5,1546650,1017114,529536,Espèces,Promo rentrée,3.5
CMD-103360,2023-09-05,Tchad,N'Djamena,Site web,PME,Électroménager,Réfrigérateur LG,1,384699,0,384699,283367,101332,Espèces,Promo WhatsApp,4.2
CMD-103361,2025-01-11,RCA,Berbérati,Boutique physique,Grande entreprise,Téléphones,iPhone 13,13,482317,15,5329603,3847689,1481914,Mobile Money,Promo rentrée,3.1
CMD-103362,2025-05-04,Guinée équatoriale,Bata,Facebook,Grande entreprise,Mode,Montre connectée,13,52903,15,584579,378041,206538,Espèces,Promo rentrée,5.0
CMD-103363,2023-02-27,RDC,Matadi,WhatsApp Business,Grande entreprise,Électroménager,Télévision Hisense 43,3,222164,0,666492,483928,182564,Virement bancaire,Promo WhatsApp,3.3
CMD-103364,2026-04-05,Congo,Pointe-Noire,WhatsApp Business,PME,Mode,Montre connectée,6,52109,0,312654,186186,126468,Virement bancaire,Promo WhatsApp,3.3
CMD-103365,2024-11-21,RDC,Goma,WhatsApp Business,Grande entreprise,Téléphones,iPhone 13,10,473699,5,4500141,2578902,1921239,Virement bancaire,Campagne Facebook Ads,3.4
CMD-103366,2025-12-06,RCA,Berbérati,Site web,Grande entreprise,Informatique,Dell Latitude,7,481428,0,3369996,2332944,1037052,Mobile Money,Promo WhatsApp,4.2
CMD-103367,2024-06-12,Guinée équatoriale,Malabo,Facebook,Particulier,Téléphones,Redmi Note 13,2,137103,0,274206,157744,116462,Carte bancaire,Fête de fin d'année,3.3
CMD-103368,2024-02-22,RCA,Berbérati,Revendeur,PME,Informatique,Imprimante Canon,7,121188,0,848316,676220,172096,Espèces,Promo rentrée,3.9
CMD-103369,2026-01-16,Tchad,N'Djamena,Revendeur,Particulier,Mode,Montre connectée,10,47054,0,470540,341968,128572,Carte bancaire,Fête de fin d'année,3.7
CMD-103370,2025-03-03,Congo,Pointe-Noire,Revendeur,Particulier,Téléphones,Redmi Note 13,7,156902,0,1098314,740930,357384,Mobile Money,Promo rentrée,3.2
CMD-103371,2025-12-05,RCA,Bangui,Revendeur,Particulier,Mode,Sac à main,9,30573,0,275157,200716,74441,Virement bancaire,Black Friday,4.3
CMD-103372,2023-03-04,Congo,Brazzaville,Boutique physique,Grande entreprise,Informatique,Clé USB 64GB,10,8956,5,85082,52757,32325,Espèces,Fête de fin d'année,3.1
CMD-103373,2023-11-01,Guinée équatoriale,Malabo,Boutique physique,Particulier,Mode,Chaussures Nike,12,61797,5,704486,492645,211841,Virement bancaire,Campagne Facebook Ads,4.7
CMD-103374,2023-05-23,Gabon,Libreville,Facebook,PME,Informatique,Dell Latitude,5,478841,15,2035075,1661468,373607,Espèces,Fête de fin d'année,4.7
CMD-103375,2024-04-13,RCA,Berbérati,Boutique physique,Grande entreprise,Mode,Sac à main,5,36076,10,162342,95681,66661,Virement bancaire,Fête de fin d'année,4.9
CMD-103376,2025-11-27,Cameroun,Douala,Site web,PME,Téléphones,Redmi Note 13,15,143892,5,2050461,1158100,892361,Mobile Money,Soldes Ramadan,4.6
CMD-103377,2024-10-14,RCA,Berbérati,Instagram,PME,Alimentation,Huile 5L,4,9212,15,31321,20800,10521,Virement bancaire,Fête de fin d'année,3.3
CMD-103378,2024-10-06,Gabon,Libreville,Boutique physique,PME,Électroménager,Réfrigérateur LG,7,456966,0,3198762,2260666,938096,Espèces,Promo rentrée,3.0
CMD-103379,2025-05-20,Congo,Brazzaville,WhatsApp Business,Grande entreprise,Mode,Chaussures Nike,15,52576,15,670344,421285,249059,Mobile Money,Campagne Facebook Ads,4.5
CMD-103380,2024-10-19,RCA,Bangui,Instagram,Particulier,Mode,Chaussures Nike,11,56148,5,586747,414057,172690,Mobile Money,Aucune campagne,3.9
CMD-103381,2024-07-23,Guinée équatoriale,Malabo,Instagram,PME,Téléphones,iPhone 13,2,558414,0,1116828,805433,311395,Virement bancaire,Black Friday,4.3
CMD-103382,2025-06-03,Cameroun,Garoua,Instagram,Particulier,Électroménager,Télévision Hisense 43,11,254712,10,2521649,1706085,815564,Mobile Money,Soldes Ramadan,4.5
CMD-103383,2025-09-17,RDC,Goma,Facebook,Particulier,Électroménager,Télévision Hisense 43,14,220881,15,2628484,2019558,608926,Espèces,Promo rentrée,4.6
CMD-103384,2025-03-25,Guinée équatoriale,Malabo,Revendeur,PME,Mode,Chaussures Nike,2,62039,0,124078,85607,38471,Espèces,Soldes Ramadan,4.1
CMD-103385,2023-03-08,Congo,Dolisie,Instagram,Grande entreprise,Électroménager,Réfrigérateur LG,6,454047,15,2315640,1860113,455527,Carte bancaire,Aucune campagne,4.2
CMD-103386,2024-02-25,Congo,Dolisie,Site web,Grande entreprise,Mode,Sac à main,7,31985,0,223895,147125,76770,Carte bancaire,Fête de fin d'année,4.5
CMD-103387,2025-02-19,Congo,Nkayi,Instagram,Grande entreprise,Téléphones,Samsung Galaxy A15,10,93725,0,937250,524403,412847,Mobile Money,Aucune campagne,3.4
CMD-103388,2023-11-04,Tchad,Sarh,Boutique physique,PME,Téléphones,Redmi Note 13,9,153967,0,1385703,1047282,338421,Espèces,Aucune campagne,4.9
CMD-103389,2025-09-22,Cameroun,Yaoundé,Facebook,Particulier,Électroménager,Mixeur Moulinex,4,39861,0,159444,101871,57573,Carte bancaire,Aucune campagne,4.0
CMD-103390,2024-06-18,Guinée équatoriale,Bata,Facebook,Particulier,Mode,Chaussures Nike,7,51904,5,345162,255009,90153,Virement bancaire,Soldes Ramadan,3.2
CMD-103391,2025-09-30,RCA,Berbérati,WhatsApp Business,Particulier,Électroménager,Mixeur Moulinex,4,34261,5,130192,79779,50413,Espèces,Soldes Ramadan,4.7
CMD-103392,2025-09-12,Cameroun,Douala,Facebook,Grande entreprise,Alimentation,Boisson gazeuse,3,3180,10,8586,5275,3311,Virement bancaire,Promo rentrée,3.5
CMD-103393,2026-03-06,Tchad,Sarh,Facebook,Particulier,Alimentation,Boisson gazeuse,3,3449,15,8795,5619,3176,Mobile Money,Campagne Facebook Ads,3.3
CMD-103394,2025-03-20,Guinée équatoriale,Bata,WhatsApp Business,PME,Informatique,Clé USB 64GB,8,9467,15,64376,45955,18421,Carte bancaire,Promo WhatsApp,3.6
CMD-103395,2023-05-27,Tchad,Moundou,WhatsApp Business,Particulier,Mode,Sac à main,4,32964,15,112078,64655,47423,Carte bancaire,Fête de fin d'année,3.3
CMD-103396,2024-11-03,Congo,Pointe-Noire,Revendeur,Particulier,Téléphones,Tecno Spark 20,11,80908,0,889988,496553,393435,Carte bancaire,Campagne Facebook Ads,3.4
CMD-103397,2023-08-01,Gabon,Port-Gentil,WhatsApp Business,Grande entreprise,Alimentation,Boisson gazeuse,9,3878,0,34902,25900,9002,Carte bancaire,Black Friday,3.3
CMD-103398,2025-08-29,Cameroun,Yaoundé,Revendeur,Grande entreprise,Téléphones,Redmi Note 13,13,134724,0,1751412,1382478,368934,Espèces,Black Friday,3.1
CMD-103399,2025-06-19,Tchad,N'Djamena,WhatsApp Business,PME,Électroménager,Ventilateur Binatone,1,32087,0,32087,22515,9572,Carte bancaire,Promo rentrée,4.9
CMD-103400,2024-03-04,Cameroun,Douala,Facebook,Particulier,Mode,Sac à main,3,31806,0,95418,65770,29648,Carte bancaire,Promo rentrée,3.9
CMD-103401,2025-06-15,RDC,Goma,WhatsApp Business,Grande entreprise,Informatique,Dell Latitude,9,378326,5,3234688,2336241,898447,Mobile Money,Promo rentrée,4.8
CMD-103402,2024-09-19,Cameroun,Yaoundé,Facebook,PME,Mode,Chaussures Nike,11,52940,0,582340,382501,199839,Mobile Money,Promo WhatsApp,4.7
CMD-103403,2025-11-05,Guinée équatoriale,Bata,WhatsApp Business,PME,Téléphones,Samsung Galaxy A15,6,107202,0,643212,409671,233541,Mobile Money,Soldes Ramadan,4.0
CMD-103404,2024-10-21,Congo,Pointe-Noire,WhatsApp Business,Grande entreprise,Alimentation,Huile 5L,10,10098,0,100980,69647,31333,Espèces,Promo WhatsApp,3.1
CMD-103405,2025-01-30,RDC,Lubumbashi,Facebook,Particulier,Informatique,Clé USB 64GB,12,8896,5,101415,57699,43716,Espèces,Campagne Facebook Ads,3.9
CMD-103406,2025-10-07,Guinée équatoriale,Malabo,Revendeur,Grande entreprise,Électroménager,Réfrigérateur LG,8,459039,5,3488697,2305891,1182806,Virement bancaire,Black Friday,3.1
CMD-103407,2023-07-11,Guinée équatoriale,Malabo,Site web,PME,Téléphones,Samsung Galaxy A15,10,104233,0,1042330,775525,266805,Espèces,Soldes Ramadan,5.0
CMD-103408,2024-06-07,Cameroun,Douala,WhatsApp Business,PME,Alimentation,Huile 5L,8,9038,0,72304,56185,16119,Virement bancaire,Aucune campagne,4.4
CMD-103409,2025-04-28,Congo,Nkayi,Site web,Grande entreprise,Téléphones,Tecno Spark 20,8,88660,15,602888,365968,236920,Carte bancaire,Promo rentrée,3.2
CMD-103410,2024-07-07,Congo,Dolisie,Revendeur,PME,Informatique,Dell Latitude,1,428065,0,428065,280644,147421,Carte bancaire,Fête de fin d'année,3.9
CMD-103411,2025-05-19,RDC,Goma,WhatsApp Business,Grande entreprise,Mode,Sac à main,3,31681,0,95043,53829,41214,Mobile Money,Fête de fin d'année,4.9
CMD-103412,2025-07-11,RCA,Bangui,Revendeur,Grande entreprise,Mode,Montre connectée,10,50828,0,508280,282879,225401,Mobile Money,Aucune campagne,5.0
CMD-103413,2024-10-19,Gabon,Port-Gentil,Site web,Particulier,Alimentation,Riz 25kg,14,23004,15,273748,222648,51100,Virement bancaire,Aucune campagne,3.0
CMD-103414,2026-01-08,Guinée équatoriale,Bata,Revendeur,PME,Informatique,Imprimante Canon,7,117799,15,700905,470032,230873,Espèces,Fête de fin d'année,4.6
CMD-103415,2023-06-23,Cameroun,Douala,Facebook,Grande entreprise,Informatique,Imprimante Canon,1,135796,15,115427,74753,40674,Espèces,Promo WhatsApp,4.9
CMD-103416,2024-10-09,RDC,Goma,Site web,Grande entreprise,Téléphones,Tecno Spark 20,1,78987,5,75038,54358,20680,Carte bancaire,Promo rentrée,4.2
CMD-103417,2024-12-15,Congo,Pointe-Noire,Site web,Particulier,Électroménager,Télévision Hisense 43,14,243091,0,3403274,2674103,729171,Virement bancaire,Soldes Ramadan,4.5
CMD-103418,2025-01-05,RDC,Kinshasa,Facebook,Particulier,Alimentation,Riz 25kg,14,23129,0,323806,261449,62357,Mobile Money,Promo rentrée,3.6
CMD-103419,2024-05-30,Congo,Dolisie,Instagram,Grande entreprise,Téléphones,Samsung Galaxy A15,5,102438,0,512190,399149,113041,Carte bancaire,Fête de fin d'année,4.2
CMD-103420,2026-02-03,RCA,Berbérati,WhatsApp Business,PME,Informatique,Dell Latitude,6,420660,0,2523960,2065233,458727,Virement bancaire,Promo WhatsApp,4.2
CMD-103421,2025-08-21,Cameroun,Garoua,Revendeur,Particulier,Mode,Montre connectée,1,44197,0,44197,30637,13560,Mobile Money,Aucune campagne,4.2
CMD-103422,2026-02-14,Congo,Brazzaville,Facebook,Grande entreprise,Téléphones,Redmi Note 13,6,132190,15,674169,438664,235505,Espèces,Aucune campagne,4.4
CMD-103423,2023-05-25,Congo,Dolisie,Facebook,Particulier,Électroménager,Réfrigérateur LG,6,476708,5,2717236,2131304,585932,Virement bancaire,Soldes Ramadan,4.6
CMD-103424,2024-04-13,Gabon,Port-Gentil,WhatsApp Business,Grande entreprise,Mode,Montre connectée,15,45464,0,681960,490314,191646,Carte bancaire,Promo rentrée,4.6
CMD-103425,2023-07-24,Tchad,Moundou,Facebook,PME,Mode,Montre connectée,1,45145,0,45145,36572,8573,Espèces,Promo WhatsApp,3.8
CMD-103426,2024-01-04,Tchad,Moundou,Facebook,Particulier,Informatique,Imprimante Canon,13,136450,10,1596465,1139674,456791,Carte bancaire,Black Friday,3.5
CMD-103427,2024-07-25,Tchad,N'Djamena,Revendeur,Grande entreprise,Téléphones,Tecno Spark 20,14,85933,0,1203062,749990,453072,Carte bancaire,Campagne Facebook Ads,4.5
CMD-103428,2026-03-24,Tchad,Moundou,Boutique physique,Particulier,Informatique,HP EliteBook,12,423623,0,5083476,4129208,954268,Espèces,Promo WhatsApp,5.0
CMD-103429,2024-08-15,Gabon,Franceville,Site web,PME,Informatique,Clé USB 64GB,4,10084,10,36303,21482,14821,Mobile Money,Soldes Ramadan,4.1
CMD-103430,2024-06-05,RDC,Lubumbashi,Instagram,Particulier,Mode,Montre connectée,11,50863,5,531519,352331,179188,Virement bancaire,Aucune campagne,4.7
CMD-103431,2026-01-06,Congo,Dolisie,Instagram,Particulier,Électroménager,Télévision Hisense 43,14,215510,0,3017140,2117983,899157,Virement bancaire,Fête de fin d'année,3.9
CMD-103432,2023-06-17,RDC,Matadi,Site web,Particulier,Mode,Montre connectée,7,51530,5,342675,258191,84484,Espèces,Black Friday,4.2
CMD-103433,2025-07-07,RDC,Goma,Site web,PME,Électroménager,Télévision Hisense 43,10,244824,10,2203416,1337166,866250,Mobile Money,Aucune campagne,3.9
CMD-103434,2025-06-12,Guinée équatoriale,Bata,WhatsApp Business,Grande entreprise,Mode,Montre connectée,6,50101,0,300606,216332,84274,Virement bancaire,Promo WhatsApp,4.5
CMD-103435,2024-12-28,Congo,Dolisie,Instagram,Particulier,Informatique,Clé USB 64GB,8,10273,0,82184,51229,30955,Carte bancaire,Fête de fin d'année,4.6
CMD-103436,2023-03-15,RCA,Bangui,Site web,Grande entreprise,Téléphones,iPhone 13,6,593152,0,3558912,2550955,1007957,Espèces,Promo WhatsApp,4.3
CMD-103437,2024-07-01,Guinée équatoriale,Bata,Site web,PME,Électroménager,Télévision Hisense 43,7,264118,0,1848826,1261759,587067,Espèces,Fête de fin d'année,4.9
CMD-103438,2024-05-10,RCA,Berbérati,Revendeur,PME,Mode,Montre connectée,14,54474,15,648241,428292,219949,Carte bancaire,Promo rentrée,4.7
CMD-103439,2025-08-21,RCA,Berbérati,Instagram,Particulier,Téléphones,iPhone 13,4,569445,15,1936113,1299743,636370,Carte bancaire,Promo WhatsApp,4.9
CMD-103440,2024-07-12,RDC,Goma,WhatsApp Business,Grande entreprise,Alimentation,Lait en poudre,1,7388,10,6650,4700,1950,Virement bancaire,Campagne Facebook Ads,4.7
CMD-103441,2024-01-19,RDC,Kinshasa,Instagram,Grande entreprise,Électroménager,Ventilateur Binatone,15,28165,10,380228,264594,115634,Espèces,Fête de fin d'année,4.6
CMD-103442,2025-09-14,Tchad,N'Djamena,Instagram,Particulier,Alimentation,Boisson gazeuse,4,3755,0,15020,8490,6530,Virement bancaire,Fête de fin d'année,4.2
CMD-103443,2023-08-06,Cameroun,Bafoussam,Facebook,Grande entreprise,Mode,Montre connectée,11,49506,0,544566,340414,204152,Mobile Money,Aucune campagne,3.8
CMD-103444,2023-12-22,Congo,Nkayi,WhatsApp Business,PME,Électroménager,Ventilateur Binatone,10,27535,15,234048,158473,75575,Mobile Money,Promo rentrée,3.7
CMD-103445,2025-11-09,RDC,Kinshasa,Boutique physique,PME,Informatique,Clé USB 64GB,10,9171,0,91710,62334,29376,Mobile Money,Promo rentrée,3.3
CMD-103446,2026-04-01,Tchad,N'Djamena,WhatsApp Business,PME,Électroménager,Mixeur Moulinex,13,38937,0,506181,391127,115054,Espèces,Black Friday,3.0
CMD-103447,2026-02-04,Cameroun,Bafoussam,Revendeur,PME,Alimentation,Huile 5L,13,10402,10,121704,76184,45520,Espèces,Aucune campagne,3.0
CMD-103448,2023-03-22,Tchad,N'Djamena,Boutique physique,Grande entreprise,Téléphones,Tecno Spark 20,10,94499,5,897741,712178,185563,Carte bancaire,Aucune campagne,3.5
CMD-103449,2023-06-18,RDC,Kinshasa,Boutique physique,Particulier,Informatique,Clé USB 64GB,15,8903,0,133545,76907,56638,Carte bancaire,Aucune campagne,4.3
CMD-103450,2023-11-12,Guinée équatoriale,Malabo,Facebook,Particulier,Informatique,Clé USB 64GB,7,9629,15,57293,40478,16815,Carte bancaire,Soldes Ramadan,3.4
CMD-103451,2025-09-08,RDC,Goma,Revendeur,Grande entreprise,Informatique,Dell Latitude,9,430595,5,3681588,2265762,1415826,Espèces,Promo rentrée,3.5
CMD-103452,2023-06-12,RCA,Bangui,Site web,Particulier,Téléphones,Tecno Spark 20,14,86031,0,1204434,884803,319631,Mobile Money,Promo WhatsApp,5.0
CMD-103453,2023-10-26,Cameroun,Garoua,Revendeur,Grande entreprise,Téléphones,iPhone 13,6,493722,5,2814216,1884817,929399,Espèces,Soldes Ramadan,3.6
CMD-103454,2025-09-25,Guinée équatoriale,Malabo,WhatsApp Business,Grande entreprise,Mode,Sac à main,7,36433,15,216777,146231,70546,Espèces,Campagne Facebook Ads,4.2
CMD-103455,2025-10-16,Tchad,N'Djamena,Instagram,Grande entreprise,Électroménager,Ventilateur Binatone,8,26360,5,200336,136155,64181,Mobile Money,Promo rentrée,4.6
CMD-103456,2025-02-19,Gabon,Libreville,Revendeur,PME,Mode,Montre connectée,12,53663,0,643956,457941,186015,Mobile Money,Soldes Ramadan,3.6
CMD-103457,2023-02-11,Gabon,Port-Gentil,Revendeur,Particulier,Électroménager,Réfrigérateur LG,11,431948,0,4751428,2636697,2114731,Virement bancaire,Campagne Facebook Ads,3.5
CMD-103458,2024-01-04,Congo,Pointe-Noire,Instagram,Grande entreprise,Électroménager,Télévision Hisense 43,4,252236,0,1008944,679246,329698,Mobile Money,Fête de fin d'année,3.8
CMD-103459,2024-03-04,Tchad,Moundou,Revendeur,Particulier,Électroménager,Télévision Hisense 43,6,208722,10,1127099,683662,443437,Mobile Money,Promo rentrée,4.8
CMD-103460,2023-07-07,RCA,Berbérati,Instagram,Particulier,Alimentation,Boisson gazeuse,6,3496,0,20976,16942,4034,Mobile Money,Soldes Ramadan,4.6
CMD-103461,2023-02-26,RCA,Bangui,WhatsApp Business,Particulier,Mode,Chemise homme,10,17057,5,162042,104849,57193,Carte bancaire,Promo rentrée,4.6
CMD-103462,2023-04-01,RCA,Berbérati,Boutique physique,Particulier,Électroménager,Ventilateur Binatone,4,26852,10,96668,65723,30945,Espèces,Aucune campagne,3.2
CMD-103463,2023-11-20,Cameroun,Bafoussam,WhatsApp Business,Grande entreprise,Électroménager,Réfrigérateur LG,14,461884,10,5819739,4169707,1650032,Espèces,Promo rentrée,4.8
CMD-103464,2026-04-30,Congo,Nkayi,Instagram,Particulier,Téléphones,Tecno Spark 20,9,84601,0,761409,592793,168616,Carte bancaire,Soldes Ramadan,3.9
CMD-103465,2025-08-22,Gabon,Libreville,Site web,Grande entreprise,Informatique,Dell Latitude,6,434960,0,2609760,2023413,586347,Mobile Money,Campagne Facebook Ads,3.2
CMD-103466,2023-05-24,Congo,Dolisie,Site web,PME,Informatique,HP EliteBook,2,426947,15,725810,446702,279108,Virement bancaire,Promo rentrée,4.4
CMD-103467,2025-10-09,Guinée équatoriale,Malabo,Site web,PME,Mode,Montre connectée,10,52565,15,446803,349779,97024,Virement bancaire,Promo rentrée,5.0
CMD-103468,2024-07-13,Guinée équatoriale,Bata,Facebook,PME,Informatique,Imprimante Canon,7,112490,5,748059,482111,265948,Espèces,Campagne Facebook Ads,3.3
CMD-103469,2023-08-13,Congo,Nkayi,Instagram,PME,Alimentation,Boisson gazeuse,11,3802,10,37640,24919,12721,Espèces,Promo rentrée,4.6
CMD-103470,2023-07-18,RCA,Bangui,Facebook,Grande entreprise,Mode,Montre connectée,2,52720,0,105440,73984,31456,Mobile Money,Promo rentrée,3.8
CMD-103471,2025-10-04,Tchad,Moundou,Instagram,PME,Informatique,Imprimante Canon,15,122703,10,1656491,987283,669208,Mobile Money,Fête de fin d'année,4.5
CMD-103472,2024-06-17,Gabon,Franceville,Revendeur,PME,Informatique,HP EliteBook,15,370404,0,5556060,4175833,1380227,Virement bancaire,Campagne Facebook Ads,4.5
CMD-103473,2023-09-11,RCA,Bangui,Revendeur,Grande entreprise,Alimentation,Riz 25kg,12,23679,0,284148,161252,122896,Virement bancaire,Campagne Facebook Ads,3.5
CMD-103474,2023-10-20,Cameroun,Bafoussam,Instagram,Grande entreprise,Alimentation,Boisson gazeuse,15,3690,5,52583,29531,23052,Mobile Money,Fête de fin d'année,3.5
CMD-103475,2023-04-01,Cameroun,Douala,Boutique physique,PME,Mode,Montre connectée,11,49667,5,519021,377023,141998,Carte bancaire,Promo WhatsApp,3.9
CMD-103476,2025-08-15,Gabon,Franceville,Revendeur,Particulier,Mode,Sac à main,11,36255,10,358925,269920,89005,Mobile Money,Fête de fin d'année,3.8
CMD-103477,2023-06-14,Gabon,Libreville,Instagram,PME,Mode,Chaussures Nike,6,50019,5,285109,190097,95012,Mobile Money,Soldes Ramadan,4.4
CMD-103478,2024-08-04,RCA,Bangui,Facebook,PME,Téléphones,Redmi Note 13,15,142563,0,2138445,1279506,858939,Virement bancaire,Promo rentrée,4.9
CMD-103479,2023-09-26,Tchad,Sarh,Site web,Grande entreprise,Mode,Montre connectée,8,52789,5,401197,267006,134191,Carte bancaire,Campagne Facebook Ads,4.4
CMD-103480,2023-01-22,Guinée équatoriale,Malabo,Site web,Particulier,Alimentation,Huile 5L,5,9942,0,49710,30815,18895,Mobile Money,Fête de fin d'année,4.9
CMD-103481,2025-08-07,Cameroun,Bafoussam,Facebook,Grande entreprise,Électroménager,Télévision Hisense 43,10,234903,0,2349030,1416454,932576,Mobile Money,Aucune campagne,4.8
CMD-103482,2025-08-10,RCA,Bangui,Instagram,Grande entreprise,Électroménager,Réfrigérateur LG,6,440265,0,2641590,2029258,612332,Mobile Money,Promo rentrée,4.3
CMD-103483,2023-07-16,Cameroun,Yaoundé,Site web,Grande entreprise,Informatique,Clé USB 64GB,13,8390,10,98163,59719,38444,Mobile Money,Black Friday,4.5
CMD-103484,2023-04-07,Gabon,Port-Gentil,Instagram,Grande entreprise,Téléphones,Samsung Galaxy A15,14,95081,15,1131464,673751,457713,Carte bancaire,Promo WhatsApp,4.5
CMD-103485,2023-09-10,Congo,Brazzaville,Instagram,Particulier,Informatique,Imprimante Canon,10,118552,10,1066968,617256,449712,Virement bancaire,Soldes Ramadan,3.8
CMD-103486,2025-03-23,RDC,Lubumbashi,Revendeur,Particulier,Alimentation,Lait en poudre,15,7158,0,107370,74756,32614,Virement bancaire,Campagne Facebook Ads,4.8
CMD-103487,2023-10-23,Congo,Brazzaville,Site web,Particulier,Informatique,Dell Latitude,14,417450,5,5552085,3335481,2216604,Carte bancaire,Fête de fin d'année,4.6
CMD-103488,2024-07-03,Guinée équatoriale,Bata,Instagram,Grande entreprise,Informatique,HP EliteBook,13,394210,0,5124730,3354375,1770355,Virement bancaire,Campagne Facebook Ads,3.0
CMD-103489,2023-04-15,Cameroun,Bafoussam,Instagram,PME,Téléphones,Tecno Spark 20,11,95386,0,1049246,790880,258366,Espèces,Aucune campagne,4.3
CMD-103490,2023-02-25,Gabon,Franceville,Facebook,PME,Informatique,Dell Latitude,14,452707,10,5704109,3493700,2210409,Mobile Money,Black Friday,4.5
CMD-103491,2025-10-13,RCA,Berbérati,Instagram,PME,Mode,Chaussures Nike,12,56838,15,579748,452318,127430,Carte bancaire,Promo WhatsApp,4.8
CMD-103492,2024-10-06,Gabon,Franceville,WhatsApp Business,Particulier,Téléphones,iPhone 13,5,528772,10,2379474,1936730,442744,Espèces,Promo WhatsApp,4.5
CMD-103493,2023-08-21,Congo,Brazzaville,Boutique physique,Grande entreprise,Mode,Chaussures Nike,3,61170,5,174335,108258,66077,Mobile Money,Fête de fin d'année,5.0
CMD-103494,2026-01-15,RCA,Bangui,Boutique physique,Grande entreprise,Téléphones,iPhone 13,15,531822,0,7977330,5426125,2551205,Espèces,Black Friday,4.0
CMD-103495,2023-01-06,RDC,Goma,Facebook,PME,Téléphones,Redmi Note 13,3,143868,10,388444,247782,140662,Carte bancaire,Black Friday,3.9
CMD-103496,2023-08-28,Congo,Dolisie,WhatsApp Business,PME,Électroménager,Télévision Hisense 43,2,225377,0,450754,357248,93506,Virement bancaire,Promo rentrée,3.4
CMD-103497,2025-01-10,Congo,Nkayi,Site web,Grande entreprise,Alimentation,Lait en poudre,11,7086,0,77946,43153,34793,Mobile Money,Aucune campagne,3.2
CMD-103498,2023-02-15,RCA,Berbérati,Boutique physique,PME,Téléphones,Samsung Galaxy A15,6,103280,0,619680,357861,261819,Espèces,Soldes Ramadan,4.9
CMD-103499,2024-03-11,Congo,Dolisie,WhatsApp Business,PME,Informatique,HP EliteBook,6,382642,10,2066267,1646471,419796,Virement bancaire,Soldes Ramadan,3.4
CMD-103500,2024-02-20,Tchad,N'Djamena,WhatsApp Business,Grande entreprise,Mode,Chemise homme,8,17217,5,130850,101551,29299,Espèces,Black Friday,3.1
CMD-103501,2025-04-22,Guinée équatoriale,Malabo,Instagram,Particulier,Alimentation,Riz 25kg,7,27472,0,192304,127199,65105,Carte bancaire,Fête de fin d'année,4.6
CMD-103502,2023-10-08,Guinée équatoriale,Malabo,Site web,Particulier,Électroménager,Ventilateur Binatone,4,29468,0,117872,84422,33450,Carte bancaire,Promo WhatsApp,4.3
CMD-103503,2024-02-04,RDC,Goma,Facebook,Grande entreprise,Électroménager,Ventilateur Binatone,5,26652,5,126597,81589,45008,Espèces,Soldes Ramadan,3.2
CMD-103504,2026-01-17,Tchad,Moundou,Boutique physique,PME,Informatique,Clé USB 64GB,9,9811,0,88299,49320,38979,Virement bancaire,Soldes Ramadan,4.2
CMD-103505,2024-04-12,Cameroun,Douala,Revendeur,Particulier,Alimentation,Lait en poudre,10,6744,5,64068,50415,13653,Carte bancaire,Black Friday,3.5
CMD-103506,2024-05-05,Congo,Dolisie,Site web,PME,Électroménager,Mixeur Moulinex,4,38613,15,131285,90573,40712,Mobile Money,Campagne Facebook Ads,3.2
CMD-103507,2024-09-27,Cameroun,Garoua,Site web,PME,Téléphones,Tecno Spark 20,8,76843,0,614744,342134,272610,Virement bancaire,Promo WhatsApp,3.5
CMD-103508,2023-11-25,Tchad,Moundou,Instagram,Grande entreprise,Mode,Chaussures Nike,13,56370,0,732810,479952,252858,Virement bancaire,Promo WhatsApp,3.9
CMD-103509,2023-04-29,Cameroun,Bafoussam,Site web,Particulier,Alimentation,Riz 25kg,6,22830,5,130131,78371,51760,Carte bancaire,Black Friday,4.7
CMD-103510,2024-08-26,Guinée équatoriale,Malabo,Boutique physique,Grande entreprise,Alimentation,Lait en poudre,1,6001,10,5401,3760,1641,Virement bancaire,Fête de fin d'année,3.9
CMD-103511,2025-04-27,Congo,Nkayi,Instagram,PME,Électroménager,Réfrigérateur LG,1,437161,15,371587,267111,104476,Carte bancaire,Aucune campagne,4.7
CMD-103512,2025-10-29,RCA,Bangui,Site web,Particulier,Mode,Montre connectée,1,43365,5,41197,32152,9045,Carte bancaire,Promo WhatsApp,4.4
CMD-103513,2024-10-22,Tchad,N'Djamena,Boutique physique,PME,Informatique,Dell Latitude,6,396045,15,2019830,1256112,763718,Mobile Money,Soldes Ramadan,4.0
CMD-103514,2025-06-25,RDC,Lubumbashi,Boutique physique,Particulier,Électroménager,Télévision Hisense 43,2,245285,10,441513,336551,104962,Mobile Money,Aucune campagne,3.0
CMD-103515,2024-06-13,Cameroun,Garoua,Site web,PME,Alimentation,Riz 25kg,10,24876,0,248760,196261,52499,Mobile Money,Campagne Facebook Ads,3.5
CMD-103516,2025-07-26,Guinée équatoriale,Bata,Revendeur,Particulier,Alimentation,Huile 5L,4,9155,0,36620,25472,11148,Virement bancaire,Promo rentrée,4.8
CMD-103517,2025-05-15,Cameroun,Douala,Instagram,PME,Électroménager,Réfrigérateur LG,11,482561,15,4511946,2517571,1994375,Mobile Money,Fête de fin d'année,4.5
CMD-103518,2023-01-18,RCA,Berbérati,WhatsApp Business,PME,Informatique,Dell Latitude,11,380551,5,3976758,2965451,1011307,Carte bancaire,Soldes Ramadan,4.7
CMD-103519,2025-12-13,Guinée équatoriale,Bata,Boutique physique,PME,Électroménager,Ventilateur Binatone,2,26087,15,44348,34890,9458,Mobile Money,Fête de fin d'année,4.1
CMD-103520,2023-06-09,Guinée équatoriale,Bata,WhatsApp Business,Particulier,Mode,Chaussures Nike,4,58186,5,221107,133565,87542,Virement bancaire,Soldes Ramadan,3.6
CMD-103521,2024-05-31,Gabon,Port-Gentil,Boutique physique,PME,Électroménager,Télévision Hisense 43,8,241166,0,1929328,1564065,365263,Carte bancaire,Promo WhatsApp,3.5
CMD-103522,2023-01-29,Cameroun,Douala,Instagram,Grande entreprise,Informatique,Clé USB 64GB,7,9078,0,63546,44007,19539,Espèces,Soldes Ramadan,4.8
CMD-103523,2025-03-01,RDC,Goma,Site web,Grande entreprise,Téléphones,Samsung Galaxy A15,6,96002,0,576012,379992,196020,Virement bancaire,Aucune campagne,3.3
CMD-103524,2024-09-07,RCA,Berbérati,Facebook,Grande entreprise,Mode,Chemise homme,11,16763,0,184393,134473,49920,Virement bancaire,Promo WhatsApp,3.3
CMD-103525,2025-05-10,RDC,Lubumbashi,Facebook,Particulier,Alimentation,Huile 5L,10,9991,5,94915,56355,38560,Virement bancaire,Soldes Ramadan,3.9
CMD-103526,2024-04-22,Congo,Pointe-Noire,Revendeur,Grande entreprise,Informatique,Imprimante Canon,2,114829,0,229658,153489,76169,Carte bancaire,Black Friday,4.1
CMD-103527,2025-05-16,Tchad,N'Djamena,Revendeur,PME,Électroménager,Ventilateur Binatone,3,26285,15,67027,52811,14216,Carte bancaire,Aucune campagne,4.3
CMD-103528,2026-02-09,RDC,Matadi,Facebook,Particulier,Téléphones,Samsung Galaxy A15,4,94059,0,376236,257441,118795,Virement bancaire,Soldes Ramadan,3.1
CMD-103529,2023-01-09,Congo,Dolisie,Boutique physique,Particulier,Alimentation,Huile 5L,7,8895,0,62265,44784,17481,Mobile Money,Black Friday,4.3
CMD-103530,2025-06-07,Guinée équatoriale,Bata,Site web,Particulier,Mode,Chemise homme,14,17956,0,251384,177999,73385,Mobile Money,Promo rentrée,3.2
CMD-103531,2024-09-24,Congo,Pointe-Noire,Facebook,Grande entreprise,Mode,Montre connectée,6,53214,10,287356,225778,61578,Carte bancaire,Promo rentrée,3.7
CMD-103532,2025-10-02,Congo,Pointe-Noire,Revendeur,Grande entreprise,Mode,Chemise homme,14,18000,15,214200,160329,53871,Carte bancaire,Campagne Facebook Ads,4.5
CMD-103533,2026-01-31,Guinée équatoriale,Malabo,Instagram,Grande entreprise,Informatique,Dell Latitude,14,452978,0,6341692,4626947,1714745,Carte bancaire,Promo rentrée,4.1
CMD-103534,2025-03-29,RDC,Lubumbashi,Boutique physique,Particulier,Électroménager,Réfrigérateur LG,7,482144,0,3375008,2604355,770653,Virement bancaire,Promo rentrée,4.1
CMD-103535,2024-06-01,RCA,Berbérati,WhatsApp Business,PME,Téléphones,Samsung Galaxy A15,14,97248,0,1361472,994712,366760,Mobile Money,Promo rentrée,3.0
CMD-103536,2026-03-24,RDC,Goma,Revendeur,PME,Électroménager,Mixeur Moulinex,8,40197,0,321576,198156,123420,Espèces,Black Friday,4.3
CMD-103537,2024-06-23,RDC,Goma,Instagram,Particulier,Téléphones,iPhone 13,4,504978,5,1918917,1403526,515391,Carte bancaire,Aucune campagne,3.2
CMD-103538,2025-10-17,Gabon,Franceville,Site web,Grande entreprise,Alimentation,Boisson gazeuse,4,3777,10,13598,9452,4146,Virement bancaire,Fête de fin d'année,3.7
CMD-103539,2024-10-23,Tchad,Sarh,Site web,Grande entreprise,Électroménager,Réfrigérateur LG,5,453981,15,1929420,1240523,688897,Carte bancaire,Campagne Facebook Ads,3.3
CMD-103540,2024-05-19,Cameroun,Douala,WhatsApp Business,Grande entreprise,Téléphones,Redmi Note 13,15,158949,15,2026600,1241024,785576,Virement bancaire,Promo WhatsApp,4.3
CMD-103541,2026-04-29,RCA,Berbérati,Facebook,Grande entreprise,Informatique,Imprimante Canon,4,114837,15,390446,317558,72888,Virement bancaire,Aucune campagne,4.4
CMD-103542,2023-09-23,RDC,Matadi,Revendeur,PME,Informatique,HP EliteBook,5,436726,5,2074449,1669173,405276,Espèces,Aucune campagne,3.5
CMD-103543,2023-01-21,RDC,Lubumbashi,Revendeur,Grande entreprise,Alimentation,Huile 5L,11,10387,0,114257,80207,34050,Mobile Money,Promo rentrée,3.8
CMD-103544,2026-03-31,Congo,Nkayi,Boutique physique,PME,Alimentation,Boisson gazeuse,5,4011,10,18050,12402,5648,Espèces,Black Friday,4.1
CMD-103545,2025-08-20,Congo,Brazzaville,Boutique physique,Particulier,Alimentation,Huile 5L,7,9394,0,65758,53218,12540,Espèces,Aucune campagne,4.9
CMD-103546,2023-07-01,Tchad,N'Djamena,Site web,Grande entreprise,Téléphones,iPhone 13,11,515284,10,5101312,3594912,1506400,Espèces,Black Friday,3.7
CMD-103547,2024-04-01,Gabon,Franceville,Facebook,PME,Informatique,Clé USB 64GB,6,10262,15,52337,30868,21469,Mobile Money,Soldes Ramadan,3.6
CMD-103548,2024-05-05,Guinée équatoriale,Bata,Site web,Grande entreprise,Téléphones,Samsung Galaxy A15,7,105766,0,740362,421414,318948,Espèces,Black Friday,4.2
CMD-103549,2024-03-04,Gabon,Port-Gentil,Revendeur,Particulier,Alimentation,Boisson gazeuse,14,3435,0,48090,36089,12001,Carte bancaire,Aucune campagne,5.0
CMD-103550,2025-11-12,Cameroun,Douala,Facebook,PME,Téléphones,Samsung Galaxy A15,3,94844,15,241853,142957,98896,Virement bancaire,Aucune campagne,3.2
CMD-103551,2025-01-27,Tchad,Sarh,Instagram,Particulier,Électroménager,Ventilateur Binatone,11,32001,0,352011,239948,112063,Espèces,Soldes Ramadan,4.7
CMD-103552,2024-01-03,RCA,Bangui,Revendeur,Grande entreprise,Mode,Sac à main,7,34149,0,239043,160116,78927,Carte bancaire,Black Friday,4.9
CMD-103553,2023-04-18,RDC,Goma,Instagram,Particulier,Mode,Sac à main,1,36462,5,34639,24722,9917,Virement bancaire,Aucune campagne,3.5
CMD-103554,2024-11-04,Tchad,Sarh,Revendeur,Particulier,Électroménager,Ventilateur Binatone,10,31672,5,300884,205669,95215,Virement bancaire,Campagne Facebook Ads,3.3
CMD-103555,2023-08-09,Guinée équatoriale,Malabo,Site web,Grande entreprise,Mode,Chaussures Nike,13,56638,0,736294,460051,276243,Carte bancaire,Aucune campagne,4.7
CMD-103556,2023-02-06,Gabon,Port-Gentil,Facebook,Particulier,Alimentation,Huile 5L,9,8943,0,80487,60400,20087,Espèces,Aucune campagne,3.2
CMD-103557,2025-10-08,RCA,Berbérati,Facebook,Grande entreprise,Électroménager,Ventilateur Binatone,15,27188,10,367038,284240,82798,Espèces,Soldes Ramadan,4.9
CMD-103558,2024-03-12,Cameroun,Yaoundé,Instagram,PME,Électroménager,Réfrigérateur LG,11,424826,0,4673086,2660074,2013012,Virement bancaire,Promo rentrée,4.3
CMD-103559,2023-02-11,Tchad,Moundou,Boutique physique,Particulier,Téléphones,Redmi Note 13,7,138627,0,970389,571049,399340,Virement bancaire,Aucune campagne,4.6
CMD-103560,2025-08-08,RDC,Goma,Boutique physique,PME,Alimentation,Boisson gazeuse,15,3864,10,52164,38131,14033,Mobile Money,Soldes Ramadan,3.1
CMD-103561,2023-01-06,Cameroun,Garoua,WhatsApp Business,PME,Électroménager,Réfrigérateur LG,14,446214,5,5934647,3573760,2360887,Virement bancaire,Aucune campagne,3.7
CMD-103562,2025-10-16,Cameroun,Yaoundé,Instagram,Particulier,Alimentation,Lait en poudre,11,6785,15,63440,37765,25675,Carte bancaire,Promo WhatsApp,3.6
CMD-103563,2024-12-13,Tchad,Sarh,Facebook,Particulier,Alimentation,Lait en poudre,6,6165,0,36990,27803,9187,Virement bancaire,Black Friday,3.3
CMD-103564,2024-09-05,Guinée équatoriale,Malabo,Site web,PME,Mode,Chemise homme,8,18911,15,128595,74096,54499,Mobile Money,Aucune campagne,3.5
CMD-103565,2024-06-22,RCA,Berbérati,Site web,PME,Informatique,Imprimante Canon,11,125240,15,1170994,765570,405424,Mobile Money,Aucune campagne,4.3
CMD-103566,2024-04-13,RCA,Bangui,Instagram,Grande entreprise,Mode,Montre connectée,11,44093,0,485023,325754,159269,Espèces,Promo rentrée,4.3
CMD-103567,2023-07-01,RCA,Berbérati,Boutique physique,Particulier,Téléphones,iPhone 13,11,482275,10,4774523,2827161,1947362,Carte bancaire,Promo rentrée,4.3
CMD-103568,2024-07-22,RCA,Berbérati,Facebook,PME,Mode,Sac à main,1,32614,10,29353,16979,12374,Virement bancaire,Promo rentrée,4.7
CMD-103569,2024-11-12,Tchad,Moundou,Facebook,Particulier,Mode,Montre connectée,11,47717,0,524887,425961,98926,Espèces,Promo rentrée,3.1
CMD-103570,2024-09-14,Guinée équatoriale,Malabo,Instagram,Grande entreprise,Téléphones,Tecno Spark 20,7,90398,0,632786,425531,207255,Virement bancaire,Fête de fin d'année,3.9
CMD-103571,2023-06-21,RCA,Berbérati,Facebook,Particulier,Électroménager,Mixeur Moulinex,10,37125,5,352688,286742,65946,Virement bancaire,Aucune campagne,4.5
CMD-103572,2025-05-22,Gabon,Franceville,WhatsApp Business,Particulier,Téléphones,Tecno Spark 20,4,81677,10,294038,223916,70122,Espèces,Soldes Ramadan,4.5
CMD-103573,2025-08-05,RDC,Kinshasa,Boutique physique,PME,Mode,Chaussures Nike,14,54659,0,765226,466390,298836,Carte bancaire,Campagne Facebook Ads,3.4
CMD-103574,2025-05-05,Guinée équatoriale,Bata,WhatsApp Business,Particulier,Électroménager,Réfrigérateur LG,8,452480,0,3619840,2611480,1008360,Virement bancaire,Promo rentrée,3.3
CMD-103575,2025-03-24,Gabon,Libreville,WhatsApp Business,PME,Mode,Chaussures Nike,14,61080,5,812364,534114,278250,Virement bancaire,Promo rentrée,4.2
CMD-103576,2025-08-19,Gabon,Franceville,Instagram,Grande entreprise,Téléphones,iPhone 13,2,483551,15,822037,638525,183512,Carte bancaire,Promo rentrée,3.9
CMD-103577,2023-04-10,Tchad,Sarh,Facebook,Grande entreprise,Informatique,Clé USB 64GB,8,8172,10,58839,38513,20326,Virement bancaire,Campagne Facebook Ads,4.1
CMD-103578,2024-09-28,Congo,Brazzaville,Instagram,Grande entreprise,Électroménager,Mixeur Moulinex,1,35989,5,34190,23799,10391,Carte bancaire,Fête de fin d'année,4.4
CMD-103579,2026-01-06,Guinée équatoriale,Malabo,WhatsApp Business,PME,Mode,Chemise homme,10,18014,10,162126,121597,40529,Espèces,Aucune campagne,4.4
CMD-103580,2024-06-11,Cameroun,Yaoundé,Facebook,Grande entreprise,Téléphones,Samsung Galaxy A15,10,102434,0,1024340,812130,212210,Espèces,Promo rentrée,4.0
CMD-103581,2023-05-15,Congo,Brazzaville,Instagram,PME,Électroménager,Ventilateur Binatone,8,31205,15,212194,154397,57797,Mobile Money,Fête de fin d'année,4.7
CMD-103582,2023-09-01,Congo,Brazzaville,Instagram,Particulier,Alimentation,Huile 5L,5,10336,5,49096,31093,18003,Virement bancaire,Campagne Facebook Ads,4.3
CMD-103583,2024-03-19,Gabon,Libreville,Facebook,Grande entreprise,Alimentation,Boisson gazeuse,11,3709,15,34680,26660,8020,Virement bancaire,Soldes Ramadan,4.3
CMD-103584,2023-05-09,Cameroun,Bafoussam,Site web,Grande entreprise,Alimentation,Riz 25kg,13,22936,15,253443,196168,57275,Mobile Money,Soldes Ramadan,3.7
CMD-103585,2024-09-14,Cameroun,Bafoussam,Facebook,PME,Alimentation,Riz 25kg,1,23254,5,22092,15694,6398,Espèces,Promo rentrée,3.9
CMD-103586,2023-11-15,Guinée équatoriale,Bata,Site web,Particulier,Alimentation,Riz 25kg,6,22189,0,133134,95374,37760,Mobile Money,Aucune campagne,4.0
CMD-103587,2023-04-13,RCA,Bangui,Site web,Particulier,Mode,Chaussures Nike,1,58074,5,55171,44602,10569,Espèces,Fête de fin d'année,4.3
CMD-103588,2025-08-13,Guinée équatoriale,Malabo,Site web,PME,Mode,Montre connectée,14,51870,0,726180,419560,306620,Carte bancaire,Promo rentrée,4.4
CMD-103589,2026-02-09,RDC,Matadi,Revendeur,Particulier,Téléphones,Samsung Galaxy A15,6,103084,15,525729,428068,97661,Espèces,Aucune campagne,3.3
CMD-103590,2023-03-10,RCA,Berbérati,WhatsApp Business,Particulier,Mode,Chemise homme,12,18378,0,220536,180748,39788,Espèces,Promo rentrée,3.5
CMD-103591,2023-11-08,RCA,Berbérati,Site web,PME,Téléphones,Redmi Note 13,6,146631,10,791808,528535,263273,Virement bancaire,Promo WhatsApp,4.4
CMD-103592,2024-03-09,Gabon,Franceville,Facebook,Particulier,Téléphones,iPhone 13,10,593484,0,5934840,4648393,1286447,Mobile Money,Promo rentrée,3.4
CMD-103593,2023-10-24,Congo,Brazzaville,Instagram,Grande entreprise,Mode,Sac à main,4,30898,10,111233,86257,24976,Virement bancaire,Promo rentrée,3.9
CMD-103594,2024-04-25,Tchad,Moundou,Revendeur,PME,Alimentation,Boisson gazeuse,14,3744,5,49796,34193,15603,Espèces,Fête de fin d'année,4.2
CMD-103595,2023-09-05,Cameroun,Garoua,Facebook,PME,Informatique,Dell Latitude,2,403309,15,685626,377868,307758,Virement bancaire,Aucune campagne,3.6
CMD-103596,2024-05-23,Gabon,Libreville,WhatsApp Business,PME,Informatique,HP EliteBook,4,401143,0,1604572,1308241,296331,Espèces,Promo rentrée,3.3
CMD-103597,2024-10-16,Tchad,N'Djamena,Revendeur,Particulier,Alimentation,Lait en poudre,4,6040,0,24160,19140,5020,Carte bancaire,Fête de fin d'année,3.3
CMD-103598,2025-09-15,Cameroun,Garoua,Instagram,PME,Électroménager,Réfrigérateur LG,12,399474,0,4793688,3668963,1124725,Virement bancaire,Black Friday,4.6
CMD-103599,2024-06-14,Tchad,N'Djamena,Facebook,PME,Mode,Sac à main,15,30581,0,458715,253818,204897,Mobile Money,Fête de fin d'année,4.7
CMD-103600,2025-11-29,Guinée équatoriale,Malabo,Facebook,Grande entreprise,Alimentation,Boisson gazeuse,1,3566,15,3032,2110,922,Espèces,Aucune campagne,3.8
CMD-103601,2025-05-26,RDC,Lubumbashi,WhatsApp Business,Grande entreprise,Alimentation,Huile 5L,14,10289,5,136844,76125,60719,Espèces,Campagne Facebook Ads,4.8
CMD-103602,2023-09-30,Tchad,Moundou,WhatsApp Business,PME,Électroménager,Ventilateur Binatone,1,28865,0,28865,18619,10246,Carte bancaire,Campagne Facebook Ads,4.7
CMD-103603,2024-02-10,Cameroun,Douala,Revendeur,PME,Mode,Montre connectée,6,53390,0,320340,183483,136857,Mobile Money,Campagne Facebook Ads,4.7
CMD-103604,2025-02-16,Cameroun,Garoua,Site web,Grande entreprise,Téléphones,iPhone 13,15,590606,5,8416136,6730516,1685620,Virement bancaire,Black Friday,4.7
CMD-103605,2023-01-17,RCA,Berbérati,Revendeur,PME,Téléphones,Tecno Spark 20,8,97486,10,701900,487837,214063,Carte bancaire,Aucune campagne,4.1
CMD-103606,2025-03-10,Cameroun,Douala,Facebook,PME,Électroménager,Mixeur Moulinex,11,38349,0,421839,344137,77702,Espèces,Campagne Facebook Ads,4.6
CMD-103607,2024-11-02,Cameroun,Bafoussam,WhatsApp Business,Particulier,Mode,Chemise homme,13,17496,0,227448,134832,92616,Carte bancaire,Promo rentrée,4.9
CMD-103608,2023-09-27,Tchad,Sarh,Revendeur,Grande entreprise,Électroménager,Télévision Hisense 43,13,230451,0,2995863,2195020,800843,Virement bancaire,Promo rentrée,4.2
CMD-103609,2025-06-04,Cameroun,Douala,Revendeur,Particulier,Mode,Chaussures Nike,9,58819,5,502903,282620,220283,Espèces,Fête de fin d'année,4.1
CMD-103610,2025-02-19,Congo,Pointe-Noire,Site web,Grande entreprise,Mode,Sac à main,9,34563,10,279961,164628,115333,Virement bancaire,Promo rentrée,3.3
CMD-103611,2023-08-05,Gabon,Franceville,WhatsApp Business,PME,Électroménager,Ventilateur Binatone,9,27812,5,237793,181827,55966,Carte bancaire,Soldes Ramadan,4.5
CMD-103612,2024-10-09,Congo,Dolisie,Revendeur,Grande entreprise,Mode,Chemise homme,11,20490,5,214121,170544,43577,Virement bancaire,Aucune campagne,4.3
CMD-103613,2026-04-07,Gabon,Libreville,Boutique physique,Grande entreprise,Électroménager,Mixeur Moulinex,6,32970,10,178038,124181,53857,Virement bancaire,Campagne Facebook Ads,4.4
CMD-103614,2024-02-23,Congo,Pointe-Noire,Boutique physique,Particulier,Téléphones,Samsung Galaxy A15,8,87862,10,632607,475106,157501,Virement bancaire,Aucune campagne,4.4
CMD-103615,2025-09-26,Congo,Dolisie,Boutique physique,Particulier,Alimentation,Boisson gazeuse,5,3834,0,19170,11627,7543,Carte bancaire,Promo WhatsApp,3.3
CMD-103616,2023-05-29,Guinée équatoriale,Bata,Boutique physique,Grande entreprise,Mode,Montre connectée,4,53567,0,214268,162727,51541,Mobile Money,Campagne Facebook Ads,4.4
CMD-103617,2026-03-13,Gabon,Libreville,Facebook,PME,Alimentation,Boisson gazeuse,12,3360,10,36288,29593,6695,Espèces,Black Friday,4.9
CMD-103618,2025-08-05,Congo,Pointe-Noire,Boutique physique,Grande entreprise,Alimentation,Riz 25kg,2,26464,15,44989,30483,14506,Carte bancaire,Promo rentrée,3.3
CMD-103619,2024-03-20,Congo,Brazzaville,Revendeur,Particulier,Mode,Chemise homme,10,19312,0,193120,126428,66692,Mobile Money,Black Friday,3.1
CMD-103620,2024-05-15,Congo,Nkayi,Instagram,PME,Alimentation,Riz 25kg,8,26319,0,210552,133336,77216,Mobile Money,Campagne Facebook Ads,4.7
CMD-103621,2023-08-27,Congo,Dolisie,WhatsApp Business,PME,Alimentation,Huile 5L,1,9534,0,9534,7449,2085,Carte bancaire,Promo WhatsApp,3.8
CMD-103622,2023-05-23,Congo,Pointe-Noire,Revendeur,Particulier,Téléphones,iPhone 13,4,480592,0,1922368,1066957,855411,Espèces,Promo rentrée,3.9
CMD-103623,2025-07-08,Cameroun,Bafoussam,WhatsApp Business,Particulier,Électroménager,Mixeur Moulinex,4,36253,0,145012,82699,62313,Mobile Money,Campagne Facebook Ads,4.9
CMD-103624,2025-03-04,Tchad,Moundou,Revendeur,Particulier,Téléphones,Samsung Galaxy A15,14,107252,0,1501528,983208,518320,Virement bancaire,Promo rentrée,3.2
CMD-103625,2023-04-10,RDC,Matadi,Site web,Grande entreprise,Électroménager,Ventilateur Binatone,3,25454,15,64908,40647,24261,Mobile Money,Promo WhatsApp,4.4
CMD-103626,2025-04-03,RCA,Bangui,Instagram,Particulier,Informatique,Dell Latitude,4,478862,0,1915448,1067575,847873,Espèces,Promo rentrée,4.4
CMD-103627,2025-01-13,Congo,Dolisie,Revendeur,PME,Alimentation,Boisson gazeuse,7,3971,5,26408,16265,10143,Mobile Money,Black Friday,4.3
CMD-103628,2023-11-03,Cameroun,Yaoundé,Boutique physique,PME,Téléphones,Redmi Note 13,8,133105,10,958356,743132,215224,Espèces,Promo rentrée,3.6
CMD-103629,2024-03-31,RCA,Bangui,WhatsApp Business,Grande entreprise,Informatique,Clé USB 64GB,7,8859,0,62013,43541,18472,Espèces,Promo WhatsApp,4.6
CMD-103630,2023-01-24,Gabon,Libreville,Site web,PME,Électroménager,Réfrigérateur LG,10,411608,10,3704472,2056896,1647576,Mobile Money,Promo WhatsApp,3.1
CMD-103631,2024-05-08,Cameroun,Bafoussam,Facebook,PME,Mode,Chemise homme,1,16616,0,16616,11070,5546,Espèces,Promo rentrée,4.3
CMD-103632,2025-01-08,Guinée équatoriale,Malabo,Revendeur,Grande entreprise,Électroménager,Télévision Hisense 43,13,243404,0,3164252,2481269,682983,Espèces,Promo WhatsApp,4.0
CMD-103633,2023-02-13,Guinée équatoriale,Bata,WhatsApp Business,Particulier,Électroménager,Réfrigérateur LG,2,430710,15,732207,583577,148630,Mobile Money,Promo WhatsApp,3.3
CMD-103634,2025-09-23,Gabon,Libreville,Boutique physique,PME,Alimentation,Riz 25kg,7,26064,10,164204,95281,68923,Espèces,Promo rentrée,4.5
CMD-103635,2023-07-12,RCA,Bangui,Revendeur,Particulier,Mode,Montre connectée,8,50807,0,406456,254340,152116,Carte bancaire,Soldes Ramadan,4.8
CMD-103636,2026-02-16,RCA,Berbérati,Revendeur,PME,Électroménager,Ventilateur Binatone,6,28174,15,143688,112796,30892,Carte bancaire,Promo rentrée,4.7
CMD-103637,2024-11-26,Cameroun,Douala,Instagram,PME,Informatique,Clé USB 64GB,2,10101,0,20202,13202,7000,Espèces,Promo rentrée,3.5
CMD-103638,2024-08-28,Gabon,Port-Gentil,Boutique physique,PME,Électroménager,Ventilateur Binatone,2,30003,10,54006,43345,10661,Espèces,Aucune campagne,3.7
CMD-103639,2025-05-23,Gabon,Port-Gentil,Facebook,PME,Téléphones,Samsung Galaxy A15,1,88947,10,80053,63433,16620,Virement bancaire,Black Friday,4.4
CMD-103640,2024-02-21,Gabon,Port-Gentil,Boutique physique,Particulier,Informatique,Dell Latitude,13,425153,0,5526989,3925520,1601469,Mobile Money,Aucune campagne,3.8
CMD-103641,2025-05-31,Tchad,N'Djamena,Instagram,Particulier,Informatique,Imprimante Canon,1,127349,0,127349,79123,48226,Carte bancaire,Campagne Facebook Ads,4.3
CMD-103642,2023-01-27,Cameroun,Bafoussam,Facebook,Particulier,Téléphones,Redmi Note 13,5,129932,0,649660,494894,154766,Espèces,Fête de fin d'année,3.3
CMD-103643,2024-01-18,Cameroun,Douala,Site web,PME,Électroménager,Télévision Hisense 43,12,212365,5,2420961,1453419,967542,Espèces,Promo rentrée,4.1
CMD-103644,2024-12-19,RDC,Goma,Facebook,Grande entreprise,Informatique,HP EliteBook,2,378894,5,719899,515300,204599,Carte bancaire,Aucune campagne,4.5
CMD-103645,2023-07-31,Congo,Nkayi,Site web,Particulier,Électroménager,Mixeur Moulinex,4,38107,10,137186,102969,34217,Virement bancaire,Soldes Ramadan,3.1
CMD-103646,2024-07-22,RCA,Berbérati,Instagram,PME,Mode,Chaussures Nike,3,60667,5,172901,108395,64506,Espèces,Promo WhatsApp,4.4
CMD-103647,2024-12-23,Tchad,Moundou,Revendeur,Particulier,Mode,Sac à main,6,35991,10,194352,120614,73738,Espèces,Black Friday,3.1
CMD-103648,2023-12-16,Guinée équatoriale,Malabo,Boutique physique,Particulier,Informatique,Clé USB 64GB,15,8135,10,109823,77569,32254,Carte bancaire,Aucune campagne,4.0
CMD-103649,2024-10-22,Gabon,Franceville,WhatsApp Business,Particulier,Informatique,HP EliteBook,5,364649,15,1549759,1211519,338240,Carte bancaire,Black Friday,4.4
CMD-103650,2026-02-26,RCA,Berbérati,Site web,Particulier,Informatique,HP EliteBook,9,414442,0,3729978,2918696,811282,Espèces,Black Friday,4.6
CMD-103651,2025-06-05,Tchad,N'Djamena,Boutique physique,Grande entreprise,Alimentation,Riz 25kg,14,26765,0,374710,207619,167091,Carte bancaire,Campagne Facebook Ads,4.0
CMD-103652,2025-08-08,Congo,Brazzaville,Site web,Particulier,Alimentation,Boisson gazeuse,1,3241,5,3079,2223,856,Mobile Money,Aucune campagne,4.6
CMD-103653,2023-03-13,Guinée équatoriale,Malabo,Instagram,PME,Téléphones,iPhone 13,1,577797,0,577797,408059,169738,Espèces,Fête de fin d'année,4.2
CMD-103654,2024-05-21,RCA,Berbérati,Instagram,PME,Téléphones,Redmi Note 13,10,159029,0,1590290,1256646,333644,Carte bancaire,Aucune campagne,4.0
CMD-103655,2025-02-02,RCA,Berbérati,Instagram,Grande entreprise,Électroménager,Réfrigérateur LG,13,450641,15,4979584,3165549,1814035,Espèces,Aucune campagne,3.8
CMD-103656,2025-09-01,RDC,Lubumbashi,Facebook,Particulier,Alimentation,Lait en poudre,3,7047,0,21141,12564,8577,Virement bancaire,Campagne Facebook Ads,3.4
CMD-103657,2025-04-10,Congo,Brazzaville,Revendeur,Particulier,Alimentation,Riz 25kg,10,25600,0,256000,163365,92635,Espèces,Promo rentrée,4.5
CMD-103658,2024-04-17,RCA,Bangui,Site web,Grande entreprise,Informatique,Dell Latitude,1,471742,5,448155,309208,138947,Virement bancaire,Promo WhatsApp,3.3
CMD-103659,2026-04-09,Guinée équatoriale,Malabo,Boutique physique,Particulier,Mode,Chaussures Nike,15,54370,15,693218,498674,194544,Espèces,Black Friday,3.2
CMD-103660,2024-05-25,Guinée équatoriale,Malabo,Boutique physique,Particulier,Mode,Sac à main,8,30802,15,209454,127359,82095,Mobile Money,Aucune campagne,4.1
CMD-103661,2023-09-02,Gabon,Libreville,Revendeur,Grande entreprise,Informatique,HP EliteBook,4,374723,15,1274059,866382,407677,Carte bancaire,Promo WhatsApp,4.6
CMD-103662,2024-02-24,Congo,Pointe-Noire,Site web,PME,Téléphones,iPhone 13,8,517627,0,4141016,2305703,1835313,Carte bancaire,Soldes Ramadan,3.5
CMD-103663,2025-05-05,Gabon,Port-Gentil,Instagram,Particulier,Téléphones,iPhone 13,14,593342,0,8306788,6348424,1958364,Mobile Money,Soldes Ramadan,4.7
CMD-103664,2023-02-08,Congo,Nkayi,Revendeur,Grande entreprise,Alimentation,Boisson gazeuse,10,3304,5,31388,19224,12164,Espèces,Black Friday,3.0
CMD-103665,2023-08-02,Tchad,N'Djamena,Instagram,Particulier,Téléphones,Samsung Galaxy A15,5,98491,0,492455,333864,158591,Mobile Money,Soldes Ramadan,3.8
CMD-103666,2025-04-03,Guinée équatoriale,Bata,WhatsApp Business,Grande entreprise,Téléphones,Samsung Galaxy A15,13,108059,0,1404767,879315,525452,Carte bancaire,Promo WhatsApp,4.6
CMD-103667,2025-06-07,Congo,Nkayi,Boutique physique,PME,Électroménager,Télévision Hisense 43,12,228708,10,2470047,1663646,806401,Carte bancaire,Soldes Ramadan,4.7
CMD-103668,2024-02-17,Congo,Pointe-Noire,Boutique physique,PME,Électroménager,Ventilateur Binatone,15,26135,0,392025,278007,114018,Espèces,Promo rentrée,4.0
CMD-103669,2024-08-09,RCA,Bangui,Facebook,Grande entreprise,Téléphones,Tecno Spark 20,5,88563,15,376393,215238,161155,Carte bancaire,Soldes Ramadan,4.0
CMD-103670,2025-08-30,RDC,Lubumbashi,Revendeur,Particulier,Alimentation,Lait en poudre,9,7166,0,64494,50756,13738,Virement bancaire,Campagne Facebook Ads,4.3
CMD-103671,2024-01-15,RCA,Bangui,Site web,Grande entreprise,Alimentation,Riz 25kg,6,23672,0,142032,103395,38637,Carte bancaire,Promo rentrée,3.7
CMD-103672,2024-05-15,Cameroun,Douala,Boutique physique,Grande entreprise,Électroménager,Ventilateur Binatone,8,25644,0,205152,148929,56223,Virement bancaire,Campagne Facebook Ads,4.0
CMD-103673,2023-01-30,Tchad,Moundou,Instagram,Grande entreprise,Mode,Chaussures Nike,3,56524,0,169572,120636,48936,Espèces,Aucune campagne,3.9
CMD-103674,2025-09-11,Tchad,N'Djamena,WhatsApp Business,Grande entreprise,Téléphones,iPhone 13,12,471936,10,5096909,2924507,2172402,Carte bancaire,Promo WhatsApp,4.1
CMD-103675,2023-04-29,Tchad,Sarh,WhatsApp Business,Particulier,Électroménager,Télévision Hisense 43,15,243466,0,3651990,2937212,714778,Virement bancaire,Soldes Ramadan,4.6
CMD-103676,2025-05-13,Tchad,N'Djamena,Revendeur,Particulier,Informatique,Clé USB 64GB,10,8883,10,79947,50807,29140,Carte bancaire,Campagne Facebook Ads,4.2
CMD-103677,2023-06-25,Cameroun,Douala,Revendeur,Particulier,Mode,Sac à main,11,31204,10,308920,204464,104456,Carte bancaire,Promo rentrée,3.7
CMD-103678,2023-03-18,Guinée équatoriale,Bata,Facebook,Grande entreprise,Mode,Chaussures Nike,2,58838,0,117676,76976,40700,Mobile Money,Campagne Facebook Ads,5.0
CMD-103679,2026-02-24,Cameroun,Douala,Instagram,Particulier,Informatique,Imprimante Canon,8,111155,0,889240,498001,391239,Espèces,Aucune campagne,3.4
CMD-103680,2026-02-13,RDC,Goma,Boutique physique,PME,Alimentation,Boisson gazeuse,7,3312,5,22025,15351,6674,Carte bancaire,Campagne Facebook Ads,3.9
CMD-103681,2024-01-21,Guinée équatoriale,Malabo,Revendeur,Grande entreprise,Mode,Montre connectée,7,43504,5,289302,235214,54088,Espèces,Soldes Ramadan,4.2
CMD-103682,2025-04-25,Congo,Brazzaville,Facebook,Grande entreprise,Mode,Chaussures Nike,7,54446,5,362066,227659,134407,Carte bancaire,Promo WhatsApp,4.2
CMD-103683,2023-06-25,RDC,Lubumbashi,Site web,PME,Électroménager,Ventilateur Binatone,12,31040,0,372480,246749,125731,Espèces,Black Friday,4.8
CMD-103684,2023-10-10,Gabon,Port-Gentil,Facebook,PME,Mode,Montre connectée,12,49151,10,530831,343867,186964,Carte bancaire,Promo WhatsApp,4.4
CMD-103685,2024-01-25,Congo,Brazzaville,Instagram,Particulier,Mode,Chemise homme,5,18635,10,83858,66589,17269,Espèces,Black Friday,4.5
CMD-103686,2023-05-08,Gabon,Port-Gentil,Instagram,Grande entreprise,Informatique,HP EliteBook,3,375383,5,1069842,731839,338003,Carte bancaire,Aucune campagne,3.3
CMD-103687,2024-04-24,Gabon,Franceville,Instagram,Particulier,Alimentation,Riz 25kg,15,23987,0,359805,268157,91648,Carte bancaire,Aucune campagne,3.9
CMD-103688,2023-11-18,Gabon,Libreville,Site web,Particulier,Électroménager,Réfrigérateur LG,5,400456,0,2002280,1149924,852356,Virement bancaire,Fête de fin d'année,3.9
CMD-103689,2025-08-05,Gabon,Libreville,Boutique physique,PME,Téléphones,Redmi Note 13,13,155862,10,1823586,1409433,414153,Carte bancaire,Aucune campagne,4.8
CMD-103690,2025-08-22,Guinée équatoriale,Malabo,Site web,PME,Téléphones,Tecno Spark 20,3,89727,0,269181,160148,109033,Carte bancaire,Fête de fin d'année,4.6
CMD-103691,2025-12-03,Congo,Pointe-Noire,Revendeur,Particulier,Mode,Chemise homme,8,17839,0,142712,96785,45927,Mobile Money,Promo rentrée,3.8
CMD-103692,2025-09-07,RCA,Berbérati,Revendeur,Grande entreprise,Téléphones,iPhone 13,7,475711,0,3329977,2722248,607729,Espèces,Promo rentrée,3.4
CMD-103693,2025-04-15,Congo,Nkayi,Revendeur,Particulier,Téléphones,Samsung Galaxy A15,12,95750,5,1091550,844393,247157,Espèces,Black Friday,4.8
CMD-103694,2025-02-06,Congo,Nkayi,Instagram,Grande entreprise,Mode,Montre connectée,1,52854,0,52854,33255,19599,Mobile Money,Aucune campagne,3.8
CMD-103695,2025-07-13,Congo,Dolisie,Facebook,PME,Électroménager,Mixeur Moulinex,13,37541,5,463632,363505,100127,Espèces,Promo WhatsApp,3.7
CMD-103696,2025-02-02,Guinée équatoriale,Malabo,Site web,Grande entreprise,Mode,Sac à main,5,34998,0,174990,115990,59000,Carte bancaire,Campagne Facebook Ads,3.4
CMD-103697,2023-08-25,RCA,Berbérati,Facebook,Grande entreprise,Alimentation,Lait en poudre,10,6500,15,55250,31136,24114,Mobile Money,Fête de fin d'année,4.0
CMD-103698,2024-06-16,Congo,Dolisie,WhatsApp Business,Grande entreprise,Téléphones,Tecno Spark 20,7,97348,0,681436,471648,209788,Virement bancaire,Promo rentrée,3.7
CMD-103699,2024-03-02,Tchad,N'Djamena,Site web,Grande entreprise,Mode,Chaussures Nike,14,51764,15,615992,462272,153720,Espèces,Fête de fin d'année,4.8
CMD-103700,2025-06-19,Cameroun,Douala,Site web,Particulier,Électroménager,Réfrigérateur LG,13,398716,15,4405812,2808072,1597740,Mobile Money,Promo WhatsApp,4.2
CMD-103701,2024-05-26,Cameroun,Garoua,Revendeur,Particulier,Mode,Montre connectée,13,53423,10,625050,425646,199404,Virement bancaire,Fête de fin d'année,3.1
CMD-103702,2023-04-18,RDC,Lubumbashi,WhatsApp Business,PME,Mode,Chaussures Nike,11,58863,0,647493,524810,122683,Virement bancaire,Promo WhatsApp,3.6
CMD-103703,2023-09-21,RDC,Matadi,WhatsApp Business,PME,Mode,Chemise homme,13,18810,15,207851,150445,57406,Virement bancaire,Promo WhatsApp,4.4
CMD-103704,2023-08-31,Cameroun,Bafoussam,Boutique physique,Grande entreprise,Téléphones,Redmi Note 13,8,136976,5,1041018,736320,304698,Espèces,Fête de fin d'année,4.6
CMD-103705,2024-09-02,Gabon,Franceville,Revendeur,Grande entreprise,Téléphones,Tecno Spark 20,9,91478,15,699807,437389,262418,Carte bancaire,Promo WhatsApp,3.4
CMD-103706,2024-07-06,Guinée équatoriale,Bata,Site web,PME,Mode,Chemise homme,2,17259,5,32793,21461,11332,Virement bancaire,Aucune campagne,4.5
CMD-103707,2024-08-31,Guinée équatoriale,Malabo,Revendeur,Particulier,Alimentation,Lait en poudre,9,6538,10,52958,42180,10778,Espèces,Aucune campagne,3.2
CMD-103708,2024-07-25,Congo,Dolisie,Boutique physique,PME,Alimentation,Riz 25kg,11,23288,0,256168,158903,97265,Carte bancaire,Fête de fin d'année,3.4
CMD-103709,2024-11-15,Gabon,Port-Gentil,Revendeur,Particulier,Informatique,Dell Latitude,8,436875,0,3495000,1979729,1515271,Virement bancaire,Fête de fin d'année,3.5
CMD-103710,2024-06-01,Congo,Nkayi,Boutique physique,Particulier,Informatique,HP EliteBook,14,400296,10,5043730,2942788,2100942,Virement bancaire,Aucune campagne,3.8
CMD-103711,2023-08-24,Cameroun,Douala,Boutique physique,Grande entreprise,Électroménager,Télévision Hisense 43,7,237083,10,1493623,1067214,426409,Espèces,Aucune campagne,4.4
CMD-103712,2024-01-27,RDC,Matadi,Revendeur,Grande entreprise,Mode,Chaussures Nike,15,59394,0,890910,497073,393837,Carte bancaire,Campagne Facebook Ads,4.2
CMD-103713,2024-09-15,Guinée équatoriale,Malabo,Instagram,Particulier,Informatique,Clé USB 64GB,8,9984,5,75879,55902,19977,Mobile Money,Campagne Facebook Ads,4.5
CMD-103714,2025-12-16,RDC,Matadi,Instagram,Particulier,Téléphones,Redmi Note 13,3,140221,15,357564,239104,118460,Carte bancaire,Campagne Facebook Ads,3.8
CMD-103715,2025-04-19,Tchad,Moundou,Revendeur,Grande entreprise,Électroménager,Réfrigérateur LG,4,379086,0,1516344,892295,624049,Virement bancaire,Fête de fin d'année,3.3
CMD-103716,2025-07-15,Congo,Dolisie,Facebook,Particulier,Mode,Montre connectée,6,52909,0,317454,223200,94254,Virement bancaire,Fête de fin d'année,3.1
CMD-103717,2025-02-17,Gabon,Libreville,Site web,Grande entreprise,Informatique,Imprimante Canon,5,111095,0,555475,403410,152065,Mobile Money,Campagne Facebook Ads,3.3
CMD-103718,2023-01-19,Congo,Brazzaville,Revendeur,Grande entreprise,Alimentation,Huile 5L,15,9154,10,123579,73424,50155,Carte bancaire,Campagne Facebook Ads,4.8
CMD-103719,2025-12-10,Congo,Dolisie,Instagram,Grande entreprise,Électroménager,Ventilateur Binatone,6,25381,15,129444,83597,45847,Mobile Money,Promo rentrée,3.9
CMD-103720,2024-09-07,Congo,Brazzaville,Facebook,Particulier,Électroménager,Mixeur Moulinex,2,38374,0,76748,44968,31780,Espèces,Soldes Ramadan,3.0
CMD-103721,2025-05-04,RDC,Goma,Boutique physique,Grande entreprise,Alimentation,Boisson gazeuse,12,3851,5,43902,29161,14741,Carte bancaire,Promo WhatsApp,5.0
CMD-103722,2024-09-28,RDC,Lubumbashi,Boutique physique,Particulier,Électroménager,Mixeur Moulinex,4,38753,5,147262,118315,28947,Espèces,Fête de fin d'année,4.8
CMD-103723,2023-12-25,Guinée équatoriale,Bata,Revendeur,PME,Mode,Montre connectée,7,44207,15,263032,192142,70890,Mobile Money,Soldes Ramadan,4.8
CMD-103724,2025-09-24,RDC,Goma,Revendeur,Particulier,Téléphones,Samsung Galaxy A15,4,87348,0,349392,198108,151284,Virement bancaire,Fête de fin d'année,4.8
CMD-103725,2025-01-11,Guinée équatoriale,Malabo,Revendeur,Particulier,Électroménager,Télévision Hisense 43,11,264451,0,2908961,2150617,758344,Carte bancaire,Campagne Facebook Ads,3.6
CMD-103726,2025-06-11,RCA,Bangui,Revendeur,Particulier,Électroménager,Télévision Hisense 43,12,263282,5,3001415,2198124,803291,Mobile Money,Campagne Facebook Ads,3.5
CMD-103727,2024-09-06,Tchad,Sarh,Facebook,Particulier,Alimentation,Huile 5L,12,10890,10,117612,68323,49289,Espèces,Campagne Facebook Ads,4.4
CMD-103728,2025-12-27,RCA,Berbérati,Instagram,Grande entreprise,Électroménager,Télévision Hisense 43,11,248117,5,2592823,1513820,1079003,Mobile Money,Promo WhatsApp,4.3
CMD-103729,2024-05-16,RCA,Bangui,Facebook,Particulier,Électroménager,Télévision Hisense 43,12,233140,0,2797680,2178384,619296,Virement bancaire,Soldes Ramadan,4.5
CMD-103730,2023-10-11,Gabon,Franceville,Boutique physique,PME,Téléphones,iPhone 13,1,516659,10,464994,366818,98176,Espèces,Campagne Facebook Ads,4.3
CMD-103731,2025-06-01,Gabon,Port-Gentil,Site web,Grande entreprise,Informatique,HP EliteBook,3,347648,10,938650,522107,416543,Espèces,Campagne Facebook Ads,3.2
CMD-103732,2024-10-08,Tchad,Moundou,Instagram,PME,Électroménager,Ventilateur Binatone,3,27497,0,82491,50538,31953,Carte bancaire,Campagne Facebook Ads,4.1
CMD-103733,2023-02-04,Tchad,Moundou,WhatsApp Business,Grande entreprise,Informatique,Dell Latitude,9,379724,0,3417516,2114168,1303348,Carte bancaire,Promo rentrée,3.1
CMD-103734,2024-12-01,Tchad,Moundou,Site web,Particulier,Téléphones,Redmi Note 13,9,143377,0,1290393,1016493,273900,Mobile Money,Black Friday,4.4
CMD-103735,2024-11-08,Guinée équatoriale,Bata,Revendeur,PME,Électroménager,Mixeur Moulinex,12,36949,5,421219,247841,173378,Espèces,Soldes Ramadan,4.4
CMD-103736,2025-06-25,RDC,Lubumbashi,WhatsApp Business,Particulier,Alimentation,Boisson gazeuse,10,3585,5,34058,26057,8001,Carte bancaire,Aucune campagne,4.1
CMD-103737,2026-01-09,Tchad,Moundou,Facebook,PME,Électroménager,Réfrigérateur LG,1,438727,0,438727,250710,188017,Virement bancaire,Aucune campagne,4.0
CMD-103738,2025-07-01,Cameroun,Douala,Boutique physique,Grande entreprise,Alimentation,Boisson gazeuse,8,3307,10,23811,14653,9158,Mobile Money,Aucune campagne,4.0
CMD-103739,2025-04-07,Tchad,Sarh,Revendeur,Grande entreprise,Mode,Chemise homme,11,19095,15,178539,123390,55149,Mobile Money,Campagne Facebook Ads,4.5
CMD-103740,2025-08-15,RDC,Goma,WhatsApp Business,Particulier,Informatique,Clé USB 64GB,3,9605,15,24493,18407,6086,Virement bancaire,Promo rentrée,3.0
CMD-103741,2026-04-02,Tchad,Sarh,Boutique physique,Grande entreprise,Alimentation,Lait en poudre,6,6695,0,40170,22673,17497,Carte bancaire,Promo rentrée,4.1
CMD-103742,2025-08-05,RDC,Goma,WhatsApp Business,Grande entreprise,Électroménager,Réfrigérateur LG,5,420040,10,1890180,1504634,385546,Mobile Money,Soldes Ramadan,5.0
CMD-103743,2023-03-26,RDC,Goma,Revendeur,PME,Alimentation,Boisson gazeuse,8,4021,0,32168,23024,9144,Espèces,Promo rentrée,3.3
CMD-103744,2023-01-01,RCA,Berbérati,WhatsApp Business,Particulier,Électroménager,Réfrigérateur LG,10,428797,10,3859173,2802666,1056507,Carte bancaire,Campagne Facebook Ads,3.2
CMD-103745,2023-09-14,RDC,Matadi,Boutique physique,Grande entreprise,Électroménager,Réfrigérateur LG,12,419452,15,4278411,2645008,1633403,Virement bancaire,Promo WhatsApp,4.8
CMD-103746,2024-03-26,RCA,Berbérati,Instagram,PME,Informatique,Clé USB 64GB,2,10329,5,19626,14473,5153,Virement bancaire,Fête de fin d'année,3.7
CMD-103747,2023-01-11,Cameroun,Douala,Instagram,Particulier,Alimentation,Huile 5L,2,10815,0,21630,11963,9667,Carte bancaire,Black Friday,3.2
CMD-103748,2025-02-23,Congo,Dolisie,Revendeur,Grande entreprise,Électroménager,Réfrigérateur LG,1,466107,5,442802,278834,163968,Espèces,Black Friday,4.8
CMD-103749,2025-03-25,Congo,Nkayi,WhatsApp Business,Particulier,Téléphones,iPhone 13,3,540308,15,1377786,845255,532531,Espèces,Promo WhatsApp,4.0
CMD-103750,2023-05-06,Guinée équatoriale,Bata,Revendeur,Particulier,Informatique,Clé USB 64GB,2,8185,0,16370,12498,3872,Virement bancaire,Promo WhatsApp,3.9
CMD-103751,2023-05-03,Tchad,Sarh,Site web,Particulier,Alimentation,Huile 5L,2,9157,10,16483,9590,6893,Espèces,Promo WhatsApp,3.9
CMD-103752,2025-03-11,Tchad,Sarh,Revendeur,Grande entreprise,Téléphones,Samsung Galaxy A15,11,87756,0,965316,722451,242865,Virement bancaire,Soldes Ramadan,3.5
CMD-103753,2024-04-06,Gabon,Franceville,WhatsApp Business,PME,Informatique,Clé USB 64GB,13,8920,10,104364,58000,46364,Virement bancaire,Campagne Facebook Ads,4.6
CMD-103754,2023-02-12,RCA,Berbérati,Site web,Grande entreprise,Alimentation,Boisson gazeuse,13,3578,10,41863,34069,7794,Carte bancaire,Soldes Ramadan,4.6
CMD-103755,2024-03-20,Guinée équatoriale,Bata,Site web,Particulier,Alimentation,Boisson gazeuse,9,3776,5,32285,20498,11787,Espèces,Fête de fin d'année,4.5
CMD-103756,2026-01-20,Guinée équatoriale,Malabo,Instagram,Particulier,Électroménager,Télévision Hisense 43,15,219191,0,3287865,2351496,936369,Mobile Money,Promo rentrée,3.3
CMD-103757,2025-06-08,Cameroun,Bafoussam,Revendeur,Particulier,Mode,Chemise homme,6,17378,0,104268,63043,41225,Virement bancaire,Black Friday,4.6
CMD-103758,2024-02-19,Tchad,N'Djamena,Facebook,Grande entreprise,Informatique,HP EliteBook,2,386754,0,773508,596724,176784,Carte bancaire,Promo rentrée,3.1
CMD-103759,2023-04-19,RDC,Lubumbashi,Revendeur,PME,Mode,Sac à main,11,30785,0,338635,235995,102640,Mobile Money,Aucune campagne,4.6
CMD-103760,2024-09-15,RCA,Berbérati,WhatsApp Business,Particulier,Téléphones,Samsung Galaxy A15,3,103829,10,280339,155753,124586,Virement bancaire,Fête de fin d'année,4.4
CMD-103761,2025-04-08,RCA,Berbérati,Boutique physique,Grande entreprise,Mode,Sac à main,2,29599,5,56239,32556,23683,Mobile Money,Campagne Facebook Ads,4.0
CMD-103762,2023-11-08,RCA,Berbérati,Instagram,Particulier,Mode,Montre connectée,4,54154,0,216616,124124,92492,Virement bancaire,Promo rentrée,4.9
CMD-103763,2025-06-06,Congo,Pointe-Noire,Revendeur,PME,Mode,Chaussures Nike,15,54930,5,782753,541676,241077,Mobile Money,Fête de fin d'année,3.5
CMD-103764,2025-08-13,RDC,Lubumbashi,WhatsApp Business,PME,Informatique,Imprimante Canon,7,124477,0,871339,524272,347067,Carte bancaire,Fête de fin d'année,3.6
CMD-103765,2026-03-18,RDC,Matadi,Instagram,Grande entreprise,Mode,Montre connectée,12,48988,0,587856,431332,156524,Virement bancaire,Promo rentrée,3.7
CMD-103766,2023-02-04,Cameroun,Yaoundé,Facebook,Grande entreprise,Électroménager,Ventilateur Binatone,12,31000,0,372000,231220,140780,Mobile Money,Soldes Ramadan,4.8
CMD-103767,2024-03-31,RDC,Kinshasa,Boutique physique,Grande entreprise,Informatique,HP EliteBook,10,399942,5,3799449,2836921,962528,Espèces,Promo WhatsApp,3.3
CMD-103768,2024-12-06,RDC,Lubumbashi,Revendeur,Particulier,Informatique,Clé USB 64GB,2,9679,0,19358,13984,5374,Carte bancaire,Campagne Facebook Ads,4.4
CMD-103769,2023-02-05,Guinée équatoriale,Bata,Site web,Grande entreprise,Téléphones,Redmi Note 13,3,158342,15,403773,311069,92704,Mobile Money,Fête de fin d'année,3.9
CMD-103770,2026-03-25,RCA,Berbérati,Facebook,Particulier,Mode,Chaussures Nike,11,60889,0,669779,373209,296570,Carte bancaire,Fête de fin d'année,4.1
CMD-103771,2025-12-05,Cameroun,Garoua,Site web,Grande entreprise,Alimentation,Huile 5L,7,9142,5,60795,42095,18700,Carte bancaire,Fête de fin d'année,4.0
CMD-103772,2023-07-13,RDC,Lubumbashi,Instagram,Grande entreprise,Informatique,Imprimante Canon,2,129114,5,245317,160599,84718,Espèces,Black Friday,4.6
CMD-103773,2025-03-11,Congo,Nkayi,Revendeur,PME,Informatique,Clé USB 64GB,5,8393,15,35671,21555,14116,Virement bancaire,Promo rentrée,4.1
CMD-103774,2026-04-21,Tchad,Sarh,Facebook,PME,Électroménager,Télévision Hisense 43,2,231185,0,462370,324232,138138,Espèces,Aucune campagne,3.1
CMD-103775,2024-01-19,Guinée équatoriale,Malabo,Boutique physique,Particulier,Mode,Sac à main,8,32614,0,260912,159228,101684,Virement bancaire,Promo WhatsApp,3.7
CMD-103776,2024-05-31,RDC,Lubumbashi,Instagram,PME,Informatique,HP EliteBook,5,417758,10,1879911,1258464,621447,Espèces,Soldes Ramadan,3.5
CMD-103777,2023-08-24,Cameroun,Yaoundé,WhatsApp Business,Particulier,Informatique,Clé USB 64GB,14,9474,10,119373,91384,27989,Virement bancaire,Fête de fin d'année,3.8
CMD-103778,2024-08-31,Congo,Nkayi,Revendeur,PME,Téléphones,Tecno Spark 20,6,91113,0,546678,393512,153166,Mobile Money,Soldes Ramadan,3.7
CMD-103779,2024-11-12,RCA,Berbérati,Boutique physique,PME,Téléphones,Samsung Galaxy A15,6,104632,5,596403,369859,226544,Virement bancaire,Promo WhatsApp,4.4
CMD-103780,2024-01-02,Gabon,Franceville,Boutique physique,PME,Mode,Chemise homme,2,17216,15,29268,18070,11198,Carte bancaire,Black Friday,3.9
CMD-103781,2025-01-12,Gabon,Franceville,Site web,Grande entreprise,Informatique,Dell Latitude,11,474317,0,5217487,4165875,1051612,Mobile Money,Promo WhatsApp,3.3
CMD-103782,2024-12-23,Guinée équatoriale,Malabo,Boutique physique,PME,Électroménager,Télévision Hisense 43,13,221278,0,2876614,1960541,916073,Mobile Money,Promo rentrée,3.6
CMD-103783,2026-03-09,RCA,Bangui,Revendeur,Particulier,Téléphones,Samsung Galaxy A15,5,101497,5,482111,377675,104436,Carte bancaire,Campagne Facebook Ads,4.3
CMD-103784,2023-01-17,Tchad,Sarh,WhatsApp Business,PME,Électroménager,Télévision Hisense 43,9,221398,10,1793324,1462413,330911,Virement bancaire,Promo rentrée,4.3
CMD-103785,2024-11-23,Cameroun,Bafoussam,Site web,Particulier,Mode,Chaussures Nike,15,53923,15,687519,471303,216216,Mobile Money,Soldes Ramadan,3.4
CMD-103786,2025-12-13,RDC,Goma,WhatsApp Business,Particulier,Informatique,Clé USB 64GB,10,10147,0,101470,56192,45278,Carte bancaire,Black Friday,3.0
CMD-103787,2025-03-07,Tchad,Sarh,Revendeur,PME,Téléphones,Redmi Note 13,5,154984,10,697428,499905,197523,Mobile Money,Black Friday,3.7
CMD-103788,2026-02-10,RCA,Bangui,WhatsApp Business,Grande entreprise,Mode,Montre connectée,5,47063,5,223550,161579,61971,Mobile Money,Black Friday,3.9
CMD-103789,2026-02-09,Cameroun,Bafoussam,Site web,Grande entreprise,Informatique,Clé USB 64GB,3,10329,0,30987,25305,5682,Mobile Money,Soldes Ramadan,3.0
CMD-103790,2024-02-04,Guinée équatoriale,Malabo,WhatsApp Business,Grande entreprise,Alimentation,Riz 25kg,1,25794,0,25794,14189,11605,Virement bancaire,Campagne Facebook Ads,3.9
CMD-103791,2024-01-26,Tchad,Sarh,Boutique physique,Particulier,Mode,Sac à main,13,34596,15,382286,226213,156073,Mobile Money,Campagne Facebook Ads,3.0
CMD-103792,2025-03-12,RDC,Lubumbashi,Facebook,PME,Électroménager,Mixeur Moulinex,14,37691,5,501291,326934,174357,Mobile Money,Fête de fin d'année,3.3
CMD-103793,2025-07-19,Guinée équatoriale,Malabo,Site web,Grande entreprise,Alimentation,Riz 25kg,8,21615,15,146982,116349,30633,Carte bancaire,Campagne Facebook Ads,4.5
CMD-103794,2023-12-10,Guinée équatoriale,Bata,Instagram,Particulier,Électroménager,Ventilateur Binatone,4,27524,0,110096,69659,40437,Virement bancaire,Soldes Ramadan,4.4
CMD-103795,2024-04-15,RCA,Berbérati,Facebook,PME,Alimentation,Boisson gazeuse,6,3682,0,22092,15785,6307,Espèces,Promo WhatsApp,4.9
CMD-103796,2023-07-19,Guinée équatoriale,Malabo,Boutique physique,Grande entreprise,Alimentation,Huile 5L,5,9500,0,47500,34430,13070,Mobile Money,Fête de fin d'année,4.8
CMD-103797,2025-04-18,Gabon,Franceville,Revendeur,Grande entreprise,Mode,Chemise homme,4,16283,15,55363,32685,22678,Mobile Money,Campagne Facebook Ads,3.2
CMD-103798,2023-03-28,RCA,Berbérati,Site web,Grande entreprise,Téléphones,Redmi Note 13,8,145820,15,991576,721701,269875,Mobile Money,Fête de fin d'année,3.4
CMD-103799,2025-08-27,Gabon,Port-Gentil,Site web,PME,Alimentation,Riz 25kg,13,22026,10,257705,208423,49282,Espèces,Campagne Facebook Ads,4.3
CMD-103800,2026-03-26,Tchad,Moundou,Instagram,Particulier,Alimentation,Lait en poudre,5,6803,0,34015,26438,7577,Virement bancaire,Fête de fin d'année,4.7
CMD-103801,2023-02-16,RCA,Bangui,Boutique physique,Particulier,Mode,Sac à main,1,35425,10,31883,23025,8858,Virement bancaire,Fête de fin d'année,3.7
CMD-103802,2023-09-21,Guinée équatoriale,Malabo,Revendeur,PME,Informatique,Clé USB 64GB,6,9642,15,49175,39097,10078,Virement bancaire,Aucune campagne,3.7
CMD-103803,2023-08-16,Congo,Dolisie,WhatsApp Business,PME,Mode,Chaussures Nike,1,50929,15,43290,31445,11845,Carte bancaire,Fête de fin d'année,3.3
CMD-103804,2024-12-07,RCA,Bangui,Revendeur,Particulier,Informatique,Imprimante Canon,13,122504,0,1592552,877911,714641,Virement bancaire,Soldes Ramadan,3.2
CMD-103805,2025-08-26,RDC,Lubumbashi,WhatsApp Business,PME,Informatique,Imprimante Canon,13,120749,10,1412764,1135103,277661,Virement bancaire,Promo WhatsApp,4.4
CMD-103806,2024-11-13,Gabon,Port-Gentil,Revendeur,Grande entreprise,Mode,Sac à main,15,36456,15,464814,322341,142473,Mobile Money,Aucune campagne,3.9
CMD-103807,2023-06-14,Congo,Pointe-Noire,Facebook,Particulier,Téléphones,Redmi Note 13,4,135346,5,514315,325559,188756,Mobile Money,Soldes Ramadan,4.0
CMD-103808,2024-12-06,Cameroun,Yaoundé,WhatsApp Business,PME,Électroménager,Réfrigérateur LG,6,460003,10,2484017,1685946,798071,Carte bancaire,Aucune campagne,3.9
CMD-103809,2024-11-10,Guinée équatoriale,Bata,Site web,PME,Mode,Chemise homme,8,17819,0,142552,91761,50791,Virement bancaire,Aucune campagne,4.0
CMD-103810,2023-12-10,Gabon,Libreville,Facebook,Grande entreprise,Mode,Montre connectée,5,55029,10,247631,168086,79545,Virement bancaire,Promo rentrée,4.3
CMD-103811,2024-06-26,Cameroun,Douala,WhatsApp Business,Particulier,Téléphones,Samsung Galaxy A15,3,93655,0,280965,185270,95695,Espèces,Promo WhatsApp,3.7
CMD-103812,2024-08-09,Tchad,Sarh,Boutique physique,PME,Informatique,Dell Latitude,10,405878,15,3449963,2806405,643558,Mobile Money,Soldes Ramadan,3.6
CMD-103813,2024-02-06,RCA,Berbérati,Instagram,Grande entreprise,Informatique,HP EliteBook,6,405304,5,2310233,1402871,907362,Espèces,Soldes Ramadan,4.0
CMD-103814,2025-06-21,Congo,Pointe-Noire,Facebook,Grande entreprise,Alimentation,Riz 25kg,10,23963,0,239630,144595,95035,Espèces,Fête de fin d'année,4.7
CMD-103815,2024-05-19,Tchad,Moundou,Revendeur,Particulier,Électroménager,Mixeur Moulinex,10,36089,0,360890,263304,97586,Espèces,Promo rentrée,4.8
CMD-103816,2023-06-15,Tchad,Sarh,Boutique physique,Grande entreprise,Alimentation,Lait en poudre,14,7412,5,98580,73351,25229,Virement bancaire,Promo WhatsApp,4.0
CMD-103817,2023-01-06,RCA,Berbérati,Site web,PME,Informatique,Dell Latitude,7,383418,0,2683926,1871464,812462,Carte bancaire,Promo WhatsApp,4.7
CMD-103818,2024-02-25,Congo,Dolisie,Facebook,PME,Électroménager,Ventilateur Binatone,10,30587,5,290577,179658,110919,Virement bancaire,Soldes Ramadan,4.9
CMD-103819,2023-07-05,Tchad,Sarh,Site web,Grande entreprise,Alimentation,Huile 5L,12,9750,0,117000,76700,40300,Virement bancaire,Campagne Facebook Ads,4.4
CMD-103820,2023-06-16,RDC,Matadi,Instagram,Grande entreprise,Informatique,Imprimante Canon,9,128216,10,1038550,653338,385212,Espèces,Black Friday,4.6
CMD-103821,2023-05-13,RCA,Bangui,Instagram,Particulier,Mode,Chaussures Nike,11,60336,0,663696,399746,263950,Espèces,Fête de fin d'année,3.3
CMD-103822,2024-09-10,RCA,Berbérati,Site web,PME,Informatique,HP EliteBook,3,428134,10,1155962,870641,285321,Virement bancaire,Promo WhatsApp,4.9
CMD-103823,2023-03-13,Tchad,Moundou,WhatsApp Business,PME,Informatique,HP EliteBook,11,358204,10,3546220,2037041,1509179,Carte bancaire,Promo rentrée,4.0
CMD-103824,2024-06-19,Guinée équatoriale,Malabo,Revendeur,Particulier,Informatique,Imprimante Canon,2,113131,0,226262,171173,55089,Carte bancaire,Black Friday,3.7
CMD-103825,2025-10-20,Guinée équatoriale,Bata,Boutique physique,PME,Alimentation,Riz 25kg,12,22686,0,272232,173193,99039,Carte bancaire,Campagne Facebook Ads,3.2
CMD-103826,2025-11-19,RCA,Berbérati,WhatsApp Business,Particulier,Informatique,Dell Latitude,6,388781,0,2332686,1658938,673748,Virement bancaire,Soldes Ramadan,4.6
CMD-103827,2023-06-02,Congo,Brazzaville,Instagram,Particulier,Électroménager,Réfrigérateur LG,8,404925,0,3239400,1895120,1344280,Virement bancaire,Promo WhatsApp,3.1
CMD-103828,2025-02-07,Cameroun,Garoua,WhatsApp Business,Particulier,Informatique,Dell Latitude,4,407382,5,1548052,852289,695763,Espèces,Promo WhatsApp,4.9
CMD-103829,2023-03-19,Gabon,Libreville,Facebook,Particulier,Mode,Sac à main,10,35237,15,299515,240960,58555,Mobile Money,Fête de fin d'année,4.6
CMD-103830,2024-02-10,RCA,Bangui,Site web,PME,Informatique,Dell Latitude,6,467718,0,2806308,1903262,903046,Mobile Money,Fête de fin d'année,4.3
CMD-103831,2023-10-18,RCA,Berbérati,WhatsApp Business,PME,Alimentation,Boisson gazeuse,3,3489,15,8897,7015,1882,Espèces,Soldes Ramadan,4.6
CMD-103832,2024-04-30,RDC,Lubumbashi,Instagram,Particulier,Électroménager,Télévision Hisense 43,1,258265,15,219526,176028,43498,Mobile Money,Black Friday,3.1
CMD-103833,2025-01-15,Tchad,N'Djamena,WhatsApp Business,Particulier,Téléphones,iPhone 13,6,553283,10,2987729,1752318,1235411,Espèces,Promo rentrée,4.7
CMD-103834,2024-11-15,Tchad,Moundou,Facebook,PME,Téléphones,iPhone 13,7,541113,15,3219623,1966789,1252834,Carte bancaire,Aucune campagne,3.7
CMD-103835,2024-03-05,Gabon,Franceville,Instagram,PME,Alimentation,Riz 25kg,9,26220,10,212382,131755,80627,Virement bancaire,Aucune campagne,4.2
CMD-103836,2024-02-19,Tchad,N'Djamena,Boutique physique,PME,Téléphones,iPhone 13,12,514744,15,5250389,4247205,1003184,Carte bancaire,Promo WhatsApp,4.8
CMD-103837,2025-01-28,RCA,Berbérati,Instagram,PME,Téléphones,iPhone 13,1,507517,5,482142,380318,101824,Mobile Money,Fête de fin d'année,3.1
CMD-103838,2023-03-21,RDC,Matadi,Facebook,Grande entreprise,Informatique,Imprimante Canon,9,125857,10,1019442,735155,284287,Virement bancaire,Campagne Facebook Ads,4.3
CMD-103839,2024-05-06,Tchad,Moundou,Instagram,Particulier,Électroménager,Mixeur Moulinex,4,32980,0,131920,74056,57864,Mobile Money,Aucune campagne,3.0
CMD-103840,2025-02-20,Congo,Pointe-Noire,Facebook,Grande entreprise,Mode,Montre connectée,14,53349,15,634854,494481,140373,Mobile Money,Campagne Facebook Ads,4.5
CMD-103841,2023-08-11,RCA,Bangui,WhatsApp Business,Particulier,Informatique,Dell Latitude,14,383188,0,5364632,3743700,1620932,Carte bancaire,Aucune campagne,3.3
CMD-103842,2024-11-06,RDC,Kinshasa,WhatsApp Business,PME,Informatique,HP EliteBook,12,415289,15,4235948,2658660,1577288,Carte bancaire,Black Friday,3.6
CMD-103843,2023-02-25,Gabon,Libreville,WhatsApp Business,PME,Téléphones,Tecno Spark 20,4,91191,15,310050,175192,134858,Carte bancaire,Aucune campagne,3.2
CMD-103844,2026-03-07,RCA,Bangui,WhatsApp Business,PME,Informatique,Dell Latitude,6,384444,10,2075998,1610491,465507,Carte bancaire,Campagne Facebook Ads,3.2
CMD-103845,2024-07-28,Cameroun,Garoua,Revendeur,Grande entreprise,Mode,Chaussures Nike,11,62438,5,652478,391241,261237,Espèces,Promo WhatsApp,4.8
CMD-103846,2025-07-19,RCA,Berbérati,Facebook,Particulier,Mode,Chemise homme,1,20248,10,18224,13731,4493,Virement bancaire,Promo rentrée,3.9
CMD-103847,2025-03-14,Gabon,Libreville,WhatsApp Business,PME,Alimentation,Huile 5L,1,10074,0,10074,7165,2909,Mobile Money,Black Friday,3.5
CMD-103848,2023-05-22,RDC,Lubumbashi,WhatsApp Business,PME,Téléphones,iPhone 13,7,529084,15,3148050,1870709,1277341,Carte bancaire,Aucune campagne,4.0
CMD-103849,2024-01-09,Cameroun,Garoua,WhatsApp Business,Grande entreprise,Informatique,Clé USB 64GB,12,9113,5,103889,62622,41267,Carte bancaire,Promo rentrée,4.4
CMD-103850,2024-04-01,Gabon,Port-Gentil,Revendeur,Particulier,Électroménager,Mixeur Moulinex,3,33128,0,99384,80049,19335,Carte bancaire,Aucune campagne,3.4
CMD-103851,2025-09-20,Gabon,Libreville,Site web,Grande entreprise,Électroménager,Mixeur Moulinex,6,36762,0,220572,144230,76342,Espèces,Campagne Facebook Ads,4.4
CMD-103852,2023-11-25,Guinée équatoriale,Malabo,WhatsApp Business,PME,Téléphones,iPhone 13,5,477673,0,2388365,1531816,856549,Espèces,Promo WhatsApp,3.4
CMD-103853,2023-03-12,RDC,Kinshasa,WhatsApp Business,Grande entreprise,Alimentation,Huile 5L,10,10227,15,86930,62929,24001,Carte bancaire,Black Friday,3.6
CMD-103854,2024-04-24,RCA,Berbérati,Site web,PME,Informatique,HP EliteBook,6,429698,0,2578188,1802825,775363,Espèces,Campagne Facebook Ads,3.4
CMD-103855,2024-07-02,Tchad,N'Djamena,Instagram,PME,Alimentation,Riz 25kg,6,23053,0,138318,97709,40609,Espèces,Promo rentrée,3.7
CMD-103856,2024-01-27,Tchad,Sarh,Instagram,Particulier,Électroménager,Télévision Hisense 43,13,259274,0,3370562,2058566,1311996,Virement bancaire,Campagne Facebook Ads,3.0
CMD-103857,2024-08-06,Congo,Nkayi,Revendeur,PME,Alimentation,Boisson gazeuse,9,3872,5,33106,24297,8809,Carte bancaire,Soldes Ramadan,3.9
CMD-103858,2025-01-13,Tchad,N'Djamena,Revendeur,PME,Informatique,Dell Latitude,12,416506,15,4248362,2773425,1474937,Carte bancaire,Soldes Ramadan,3.1
CMD-103859,2025-01-25,Guinée équatoriale,Malabo,Revendeur,Grande entreprise,Mode,Chaussures Nike,12,51874,0,622488,456234,166254,Espèces,Soldes Ramadan,4.6
CMD-103860,2023-05-27,Congo,Pointe-Noire,Revendeur,PME,Téléphones,iPhone 13,6,564052,0,3384312,2458373,925939,Virement bancaire,Promo WhatsApp,3.3
CMD-103861,2025-09-17,RCA,Bangui,WhatsApp Business,PME,Alimentation,Boisson gazeuse,1,3796,10,3417,2250,1167,Espèces,Black Friday,3.1
CMD-103862,2024-04-05,Guinée équatoriale,Bata,Instagram,Grande entreprise,Informatique,Dell Latitude,12,394367,5,4495784,2861320,1634464,Mobile Money,Fête de fin d'année,3.3
CMD-103863,2024-06-29,Cameroun,Garoua,Boutique physique,Particulier,Téléphones,Tecno Spark 20,8,78012,0,624096,493160,130936,Mobile Money,Fête de fin d'année,3.4
CMD-103864,2025-01-17,RCA,Berbérati,Boutique physique,Grande entreprise,Alimentation,Huile 5L,11,10712,10,106049,84488,21561,Carte bancaire,Black Friday,3.5
CMD-103865,2023-05-07,Gabon,Libreville,Revendeur,Grande entreprise,Mode,Chemise homme,10,18198,5,172881,120711,52170,Virement bancaire,Fête de fin d'année,3.9
CMD-103866,2023-03-03,Gabon,Libreville,Boutique physique,Grande entreprise,Alimentation,Lait en poudre,11,7371,0,81081,45404,35677,Mobile Money,Soldes Ramadan,3.9
CMD-103867,2023-01-19,Congo,Pointe-Noire,Site web,Grande entreprise,Téléphones,Tecno Spark 20,5,97740,0,488700,337888,150812,Espèces,Black Friday,3.7
CMD-103868,2024-07-26,Congo,Pointe-Noire,Boutique physique,Particulier,Alimentation,Lait en poudre,5,7014,15,29810,16554,13256,Mobile Money,Promo WhatsApp,3.5
CMD-103869,2024-03-01,Cameroun,Yaoundé,Instagram,PME,Téléphones,iPhone 13,15,542102,0,8131530,5094175,3037355,Mobile Money,Fête de fin d'année,3.0
CMD-103870,2024-02-28,Congo,Brazzaville,Facebook,PME,Téléphones,Samsung Galaxy A15,8,86452,0,691616,508313,183303,Mobile Money,Black Friday,3.2
CMD-103871,2025-05-31,Congo,Dolisie,Facebook,Grande entreprise,Alimentation,Lait en poudre,9,6364,5,54413,36027,18386,Mobile Money,Fête de fin d'année,3.9
CMD-103872,2026-03-06,Congo,Dolisie,Facebook,Grande entreprise,Alimentation,Huile 5L,6,10775,0,64650,42594,22056,Carte bancaire,Promo WhatsApp,3.7
CMD-103873,2023-08-03,RDC,Kinshasa,Boutique physique,Particulier,Électroménager,Réfrigérateur LG,6,459735,10,2482569,1625675,856894,Mobile Money,Soldes Ramadan,4.9
CMD-103874,2024-06-23,RDC,Lubumbashi,Instagram,Particulier,Mode,Chaussures Nike,5,52357,0,261785,187545,74240,Virement bancaire,Fête de fin d'année,3.2
CMD-103875,2023-03-15,Congo,Dolisie,Instagram,Particulier,Mode,Sac à main,6,31582,0,189492,147676,41816,Carte bancaire,Black Friday,4.0
CMD-103876,2024-10-19,Congo,Nkayi,Revendeur,Particulier,Électroménager,Télévision Hisense 43,12,208830,15,2130066,1740013,390053,Espèces,Promo rentrée,4.6
CMD-103877,2024-10-12,Tchad,Sarh,WhatsApp Business,Particulier,Mode,Chaussures Nike,12,57883,15,590407,419250,171157,Virement bancaire,Promo rentrée,4.5
CMD-103878,2024-07-04,Congo,Pointe-Noire,Boutique physique,Grande entreprise,Alimentation,Huile 5L,13,8726,10,102095,83252,18843,Mobile Money,Black Friday,4.5
CMD-103879,2025-12-02,Guinée équatoriale,Bata,Facebook,Grande entreprise,Téléphones,Tecno Spark 20,11,91392,15,854516,512604,341912,Mobile Money,Fête de fin d'année,3.9
CMD-103880,2024-11-08,RCA,Berbérati,WhatsApp Business,PME,Alimentation,Huile 5L,13,9395,15,103815,62472,41343,Virement bancaire,Fête de fin d'année,4.6
CMD-103881,2025-03-17,RCA,Bangui,Facebook,Grande entreprise,Mode,Sac à main,9,36294,5,310314,223067,87247,Mobile Money,Promo rentrée,4.7
CMD-103882,2025-08-17,Congo,Dolisie,Facebook,Particulier,Téléphones,Tecno Spark 20,10,90111,0,901110,665637,235473,Mobile Money,Soldes Ramadan,3.3
CMD-103883,2025-07-28,RDC,Matadi,Boutique physique,PME,Mode,Montre connectée,10,49399,15,419892,274635,145257,Mobile Money,Aucune campagne,4.0
CMD-103884,2023-06-20,RCA,Bangui,WhatsApp Business,Particulier,Informatique,HP EliteBook,9,399919,0,3599271,2594802,1004469,Mobile Money,Fête de fin d'année,4.4
CMD-103885,2025-03-04,RDC,Lubumbashi,Boutique physique,Particulier,Téléphones,Tecno Spark 20,11,81790,5,854706,559014,295692,Virement bancaire,Campagne Facebook Ads,4.3
CMD-103886,2026-02-25,Cameroun,Garoua,Instagram,Grande entreprise,Téléphones,Tecno Spark 20,7,90193,5,599784,339265,260519,Virement bancaire,Campagne Facebook Ads,4.8
CMD-103887,2026-03-09,Congo,Pointe-Noire,Revendeur,Grande entreprise,Téléphones,iPhone 13,1,555543,10,499989,278634,221355,Virement bancaire,Promo WhatsApp,3.4
CMD-103888,2024-02-28,RDC,Lubumbashi,Site web,Grande entreprise,Mode,Chaussures Nike,13,56768,0,737984,582827,155157,Espèces,Promo rentrée,3.4
CMD-103889,2023-02-10,RDC,Matadi,Boutique physique,Grande entreprise,Mode,Montre connectée,7,43303,15,257653,165387,92266,Mobile Money,Fête de fin d'année,4.1
CMD-103890,2024-01-18,Guinée équatoriale,Malabo,Revendeur,Grande entreprise,Alimentation,Riz 25kg,9,22908,5,195864,140816,55048,Mobile Money,Fête de fin d'année,3.7
CMD-103891,2023-05-19,Gabon,Port-Gentil,Facebook,Particulier,Informatique,Imprimante Canon,13,110334,10,1290908,970992,319916,Virement bancaire,Promo rentrée,4.7
CMD-103892,2026-04-11,RDC,Kinshasa,Boutique physique,PME,Informatique,HP EliteBook,12,359105,15,3662871,2757884,904987,Virement bancaire,Promo rentrée,4.2
CMD-103893,2026-01-03,Tchad,N'Djamena,Instagram,Grande entreprise,Alimentation,Riz 25kg,12,26989,0,323868,231582,92286,Espèces,Aucune campagne,3.4
CMD-103894,2023-07-11,Congo,Brazzaville,Instagram,PME,Électroménager,Réfrigérateur LG,8,424456,10,3056084,2368622,687462,Virement bancaire,Fête de fin d'année,4.9
CMD-103895,2024-02-12,Gabon,Libreville,Boutique physique,PME,Téléphones,iPhone 13,4,575344,0,2301376,1664482,636894,Virement bancaire,Fête de fin d'année,4.5
CMD-103896,2025-03-17,RCA,Bangui,WhatsApp Business,Grande entreprise,Électroménager,Télévision Hisense 43,1,248180,0,248180,191663,56517,Mobile Money,Black Friday,3.1
CMD-103897,2025-01-22,RDC,Matadi,Facebook,Particulier,Informatique,Clé USB 64GB,8,10013,5,76099,51552,24547,Espèces,Black Friday,4.7
CMD-103898,2025-11-27,Gabon,Franceville,Boutique physique,PME,Mode,Chemise homme,4,18893,0,75572,51694,23878,Mobile Money,Campagne Facebook Ads,3.2
CMD-103899,2024-05-25,Guinée équatoriale,Malabo,Boutique physique,Grande entreprise,Électroménager,Ventilateur Binatone,9,25822,0,232398,135077,97321,Carte bancaire,Campagne Facebook Ads,4.3
CMD-103900,2025-08-08,Cameroun,Garoua,Revendeur,Grande entreprise,Téléphones,Redmi Note 13,1,146904,10,132214,73595,58619,Espèces,Promo rentrée,3.7
CMD-103901,2023-04-09,RDC,Matadi,Site web,PME,Téléphones,Samsung Galaxy A15,8,106401,0,851208,539968,311240,Virement bancaire,Soldes Ramadan,3.6
CMD-103902,2025-06-28,Congo,Nkayi,Boutique physique,Particulier,Électroménager,Mixeur Moulinex,12,32977,5,375938,276784,99154,Espèces,Fête de fin d'année,3.3
CMD-103903,2024-09-11,Guinée équatoriale,Malabo,Instagram,PME,Électroménager,Ventilateur Binatone,1,30419,0,30419,21027,9392,Espèces,Aucune campagne,4.7
CMD-103904,2026-03-25,Cameroun,Douala,WhatsApp Business,Grande entreprise,Alimentation,Boisson gazeuse,7,3623,5,24093,19126,4967,Virement bancaire,Fête de fin d'année,4.8
CMD-103905,2026-02-13,Gabon,Libreville,Boutique physique,Grande entreprise,Alimentation,Riz 25kg,9,21855,0,196695,136918,59777,Espèces,Fête de fin d'année,3.9
CMD-103906,2023-05-07,Gabon,Libreville,Instagram,PME,Électroménager,Ventilateur Binatone,15,26822,15,341981,247733,94248,Carte bancaire,Campagne Facebook Ads,4.0
CMD-103907,2024-03-22,RCA,Berbérati,WhatsApp Business,Grande entreprise,Alimentation,Boisson gazeuse,8,3493,0,27944,16159,11785,Mobile Money,Promo rentrée,4.3
CMD-103908,2024-02-20,Cameroun,Garoua,Revendeur,Grande entreprise,Alimentation,Huile 5L,11,9707,0,106777,63255,43522,Mobile Money,Fête de fin d'année,3.6
CMD-103909,2025-04-17,Congo,Brazzaville,Boutique physique,PME,Téléphones,Redmi Note 13,8,140113,0,1120904,864848,256056,Virement bancaire,Campagne Facebook Ads,3.1
CMD-103910,2025-01-26,Gabon,Franceville,Facebook,Grande entreprise,Alimentation,Lait en poudre,9,6951,15,53176,33703,19473,Carte bancaire,Campagne Facebook Ads,4.7
CMD-103911,2024-09-07,Tchad,N'Djamena,Revendeur,PME,Alimentation,Boisson gazeuse,5,3764,0,18820,13541,5279,Mobile Money,Soldes Ramadan,4.4
CMD-103912,2023-02-16,Cameroun,Bafoussam,Facebook,PME,Électroménager,Mixeur Moulinex,12,33720,5,384408,273975,110433,Virement bancaire,Promo rentrée,4.0
CMD-103913,2023-06-07,Cameroun,Bafoussam,WhatsApp Business,Particulier,Informatique,Dell Latitude,3,450169,15,1147931,907903,240028,Virement bancaire,Promo rentrée,3.7
CMD-103914,2025-11-23,RDC,Kinshasa,Boutique physique,Particulier,Alimentation,Riz 25kg,13,23348,10,273172,201580,71592,Espèces,Promo rentrée,3.8
CMD-103915,2025-12-16,Tchad,Sarh,Revendeur,Grande entreprise,Électroménager,Mixeur Moulinex,15,40217,0,603255,343263,259992,Espèces,Fête de fin d'année,3.3
CMD-103916,2024-09-15,Gabon,Libreville,Revendeur,PME,Alimentation,Huile 5L,4,10399,10,37437,25855,11582,Carte bancaire,Fête de fin d'année,4.3
CMD-103917,2024-12-29,Congo,Nkayi,Boutique physique,Grande entreprise,Informatique,Dell Latitude,9,466636,0,4199724,3240551,959173,Mobile Money,Promo WhatsApp,4.7
CMD-103918,2024-10-19,Tchad,Moundou,Revendeur,PME,Mode,Montre connectée,14,47195,0,660730,369568,291162,Virement bancaire,Campagne Facebook Ads,3.4
CMD-103919,2025-03-07,Guinée équatoriale,Bata,WhatsApp Business,PME,Téléphones,Tecno Spark 20,7,94745,0,663215,403675,259540,Virement bancaire,Fête de fin d'année,3.1
CMD-103920,2025-05-01,Congo,Dolisie,Revendeur,PME,Téléphones,Redmi Note 13,12,133836,10,1445429,918305,527124,Carte bancaire,Soldes Ramadan,4.4
CMD-103921,2023-11-28,Gabon,Franceville,Revendeur,PME,Électroménager,Ventilateur Binatone,5,29019,0,145095,97181,47914,Virement bancaire,Promo WhatsApp,4.4
CMD-103922,2025-10-05,Cameroun,Douala,Boutique physique,Grande entreprise,Mode,Chaussures Nike,5,61468,5,291973,162909,129064,Virement bancaire,Fête de fin d'année,4.3
CMD-103923,2024-11-06,Congo,Pointe-Noire,Revendeur,PME,Téléphones,Tecno Spark 20,6,85261,10,460410,351439,108971,Carte bancaire,Promo WhatsApp,4.9
CMD-103924,2023-10-02,Tchad,N'Djamena,Instagram,Particulier,Alimentation,Lait en poudre,8,6627,0,53016,32890,20126,Espèces,Fête de fin d'année,3.4
CMD-103925,2023-12-01,Congo,Brazzaville,Facebook,Grande entreprise,Mode,Chemise homme,11,20151,0,221661,153735,67926,Virement bancaire,Fête de fin d'année,3.8
CMD-103926,2024-05-30,Cameroun,Yaoundé,Facebook,Particulier,Mode,Montre connectée,6,47861,5,272808,177285,95523,Carte bancaire,Campagne Facebook Ads,3.7
CMD-103927,2024-04-30,Gabon,Franceville,Facebook,Grande entreprise,Alimentation,Huile 5L,10,9616,10,86544,55965,30579,Carte bancaire,Black Friday,3.8
CMD-103928,2025-10-10,RCA,Bangui,Facebook,Grande entreprise,Alimentation,Boisson gazeuse,8,3179,0,25432,20067,5365,Carte bancaire,Aucune campagne,4.7
CMD-103929,2025-07-02,RCA,Bangui,WhatsApp Business,Grande entreprise,Téléphones,Redmi Note 13,7,153037,10,964134,573063,391071,Espèces,Soldes Ramadan,3.1
CMD-103930,2024-06-29,Cameroun,Bafoussam,WhatsApp Business,Grande entreprise,Téléphones,iPhone 13,13,557649,0,7249437,4518452,2730985,Virement bancaire,Soldes Ramadan,3.4
CMD-103931,2024-06-15,Cameroun,Garoua,Site web,Particulier,Informatique,Imprimante Canon,14,133417,0,1867838,1057916,809922,Espèces,Soldes Ramadan,4.6
CMD-103932,2024-06-06,RDC,Matadi,WhatsApp Business,PME,Alimentation,Riz 25kg,9,25873,5,221215,133575,87640,Carte bancaire,Fête de fin d'année,4.9
CMD-103933,2026-01-04,RDC,Matadi,Instagram,Particulier,Téléphones,Samsung Galaxy A15,6,96078,5,547645,329820,217825,Virement bancaire,Black Friday,3.2
CMD-103934,2025-12-16,Congo,Nkayi,WhatsApp Business,Particulier,Électroménager,Ventilateur Binatone,15,28516,0,427740,262344,165396,Espèces,Promo rentrée,4.4
CMD-103935,2023-12-14,RCA,Bangui,Revendeur,Grande entreprise,Téléphones,Samsung Galaxy A15,7,95597,15,568803,331315,237488,Virement bancaire,Aucune campagne,3.6
CMD-103936,2024-01-04,RCA,Berbérati,Site web,Grande entreprise,Mode,Montre connectée,3,54428,0,163284,111946,51338,Carte bancaire,Black Friday,3.6
CMD-103937,2025-03-14,Gabon,Port-Gentil,Boutique physique,Grande entreprise,Mode,Montre connectée,8,43708,15,297215,200048,97167,Espèces,Aucune campagne,4.7
CMD-103938,2024-01-29,RCA,Berbérati,WhatsApp Business,Grande entreprise,Mode,Sac à main,6,32448,0,194688,143446,51242,Mobile Money,Promo rentrée,4.9
CMD-103939,2024-07-05,Guinée équatoriale,Malabo,Facebook,PME,Informatique,HP EliteBook,4,415844,0,1663376,1027644,635732,Mobile Money,Promo rentrée,3.3
CMD-103940,2026-03-04,Gabon,Port-Gentil,Instagram,Particulier,Alimentation,Huile 5L,14,8979,0,125706,88055,37651,Mobile Money,Promo WhatsApp,3.7
CMD-103941,2023-08-28,Guinée équatoriale,Malabo,Instagram,PME,Mode,Montre connectée,8,51037,15,347052,247637,99415,Espèces,Black Friday,3.4
CMD-103942,2023-01-17,Tchad,N'Djamena,Facebook,Particulier,Électroménager,Ventilateur Binatone,15,27271,0,409065,260593,148472,Carte bancaire,Soldes Ramadan,4.7
CMD-103943,2025-07-12,RCA,Bangui,Site web,Particulier,Téléphones,Samsung Galaxy A15,2,89311,0,178622,131910,46712,Espèces,Aucune campagne,3.7
CMD-103944,2024-04-21,Tchad,Sarh,Instagram,Particulier,Alimentation,Boisson gazeuse,14,3649,5,48532,32867,15665,Espèces,Promo WhatsApp,3.2
CMD-103945,2024-06-28,Tchad,Sarh,WhatsApp Business,PME,Électroménager,Télévision Hisense 43,9,218280,0,1964520,1116010,848510,Espèces,Fête de fin d'année,4.6
CMD-103946,2024-04-16,RDC,Lubumbashi,Instagram,Particulier,Mode,Montre connectée,10,49323,15,419246,321541,97705,Virement bancaire,Soldes Ramadan,3.9
CMD-103947,2025-04-06,Guinée équatoriale,Bata,WhatsApp Business,Particulier,Informatique,Imprimante Canon,15,125386,0,1880790,1049850,830940,Virement bancaire,Campagne Facebook Ads,4.9
CMD-103948,2024-07-16,RDC,Lubumbashi,Site web,PME,Alimentation,Huile 5L,11,8614,15,80541,61353,19188,Carte bancaire,Aucune campagne,3.3
CMD-103949,2024-03-11,Tchad,N'Djamena,Revendeur,PME,Téléphones,Samsung Galaxy A15,10,105200,0,1052000,705537,346463,Mobile Money,Promo WhatsApp,4.3
CMD-103950,2025-09-10,Tchad,Sarh,Boutique physique,Particulier,Mode,Sac à main,1,33406,15,28396,17205,11191,Carte bancaire,Promo rentrée,3.3
CMD-103951,2023-03-25,Cameroun,Yaoundé,Boutique physique,Grande entreprise,Alimentation,Huile 5L,10,10347,10,93123,73351,19772,Espèces,Aucune campagne,3.2
CMD-103952,2025-03-06,Gabon,Port-Gentil,WhatsApp Business,Particulier,Mode,Montre connectée,2,48414,0,96828,72160,24668,Espèces,Soldes Ramadan,4.0
CMD-103953,2025-12-02,Guinée équatoriale,Malabo,Revendeur,Particulier,Téléphones,iPhone 13,11,595783,0,6553613,5144233,1409380,Mobile Money,Campagne Facebook Ads,3.0
CMD-103954,2024-02-06,Guinée équatoriale,Bata,Revendeur,Particulier,Électroménager,Mixeur Moulinex,7,31508,0,220556,150699,69857,Mobile Money,Fête de fin d'année,3.4
CMD-103955,2023-08-09,Gabon,Franceville,Site web,Grande entreprise,Informatique,Dell Latitude,10,386610,15,3286185,2227946,1058239,Mobile Money,Aucune campagne,4.2
CMD-103956,2026-03-11,Guinée équatoriale,Malabo,Facebook,Grande entreprise,Électroménager,Ventilateur Binatone,5,25660,15,109055,72238,36817,Espèces,Aucune campagne,3.3
CMD-103957,2023-06-02,RCA,Bangui,Site web,Particulier,Mode,Chaussures Nike,15,57337,0,860055,679667,180388,Mobile Money,Campagne Facebook Ads,3.8
CMD-103958,2024-09-05,Congo,Dolisie,WhatsApp Business,Grande entreprise,Électroménager,Ventilateur Binatone,1,29568,0,29568,17940,11628,Espèces,Aucune campagne,3.7
CMD-103959,2023-08-27,RDC,Lubumbashi,Facebook,Particulier,Électroménager,Réfrigérateur LG,1,467276,5,443913,248152,195761,Mobile Money,Fête de fin d'année,3.7
CMD-103960,2026-02-22,Cameroun,Yaoundé,Site web,Grande entreprise,Informatique,Clé USB 64GB,12,8488,0,101856,74643,27213,Mobile Money,Campagne Facebook Ads,4.1
CMD-103961,2024-11-07,Guinée équatoriale,Bata,Boutique physique,Grande entreprise,Alimentation,Lait en poudre,1,6280,0,6280,4388,1892,Virement bancaire,Aucune campagne,3.6
CMD-103962,2024-08-15,RCA,Bangui,Revendeur,Grande entreprise,Électroménager,Télévision Hisense 43,1,255495,15,217171,171784,45387,Carte bancaire,Fête de fin d'année,3.2
CMD-103963,2025-03-22,Cameroun,Douala,Instagram,PME,Téléphones,Tecno Spark 20,9,90183,10,730483,416280,314203,Virement bancaire,Soldes Ramadan,4.6
CMD-103964,2025-02-14,Congo,Dolisie,Revendeur,Particulier,Électroménager,Réfrigérateur LG,9,473956,0,4265604,3125160,1140444,Espèces,Soldes Ramadan,4.1
CMD-103965,2025-12-23,Cameroun,Garoua,WhatsApp Business,PME,Électroménager,Réfrigérateur LG,1,482644,10,434380,318297,116083,Espèces,Promo WhatsApp,4.2
CMD-103966,2024-02-27,Tchad,N'Djamena,WhatsApp Business,Particulier,Alimentation,Riz 25kg,4,24469,0,97876,65781,32095,Espèces,Aucune campagne,4.5
CMD-103967,2024-05-31,Guinée équatoriale,Bata,Site web,Particulier,Alimentation,Boisson gazeuse,9,3460,15,26469,14997,11472,Carte bancaire,Fête de fin d'année,4.0
CMD-103968,2023-07-26,Congo,Dolisie,Revendeur,PME,Téléphones,iPhone 13,1,509524,15,433096,246610,186486,Mobile Money,Promo WhatsApp,3.5
CMD-103969,2023-08-12,Congo,Pointe-Noire,Revendeur,Particulier,Téléphones,iPhone 13,9,574567,0,5171103,3860756,1310347,Carte bancaire,Soldes Ramadan,4.4
CMD-103970,2023-12-05,Gabon,Franceville,WhatsApp Business,Grande entreprise,Téléphones,Samsung Galaxy A15,14,102721,0,1438094,1054358,383736,Virement bancaire,Black Friday,3.6
CMD-103971,2026-03-01,Gabon,Port-Gentil,Boutique physique,Particulier,Mode,Chaussures Nike,5,53197,0,265985,193917,72068,Mobile Money,Aucune campagne,4.1
CMD-103972,2025-06-02,Cameroun,Yaoundé,Boutique physique,PME,Téléphones,iPhone 13,3,544545,0,1633635,1117387,516248,Carte bancaire,Black Friday,3.2
CMD-103973,2025-04-22,Gabon,Franceville,WhatsApp Business,Particulier,Téléphones,Redmi Note 13,12,137997,0,1655964,1327227,328737,Virement bancaire,Campagne Facebook Ads,4.6
CMD-103974,2023-05-04,Guinée équatoriale,Bata,Boutique physique,Particulier,Alimentation,Boisson gazeuse,9,3227,15,24687,19212,5475,Carte bancaire,Black Friday,3.0
CMD-103975,2025-01-25,RCA,Bangui,Instagram,Grande entreprise,Téléphones,Redmi Note 13,8,146289,5,1111797,712728,399069,Virement bancaire,Black Friday,4.3
CMD-103976,2024-09-21,Cameroun,Yaoundé,WhatsApp Business,Particulier,Alimentation,Huile 5L,7,9749,0,68243,42940,25303,Mobile Money,Soldes Ramadan,3.6
CMD-103977,2026-03-16,RDC,Goma,Boutique physique,PME,Alimentation,Riz 25kg,6,27488,10,148436,108649,39787,Espèces,Promo rentrée,4.6
CMD-103978,2025-03-24,Tchad,Sarh,Instagram,PME,Informatique,Dell Latitude,9,445313,5,3807427,2652703,1154724,Carte bancaire,Promo rentrée,3.3
CMD-103979,2025-02-02,Congo,Nkayi,Facebook,Grande entreprise,Électroménager,Ventilateur Binatone,5,31874,0,159370,128679,30691,Virement bancaire,Campagne Facebook Ads,4.2
CMD-103980,2025-01-01,Tchad,Sarh,Facebook,Particulier,Téléphones,iPhone 13,6,511699,10,2763175,1752505,1010670,Virement bancaire,Fête de fin d'année,4.4
CMD-103981,2023-10-17,Cameroun,Garoua,Site web,PME,Électroménager,Mixeur Moulinex,2,35734,0,71468,49953,21515,Carte bancaire,Aucune campagne,3.5
CMD-103982,2025-07-28,Tchad,N'Djamena,Instagram,PME,Électroménager,Réfrigérateur LG,15,394266,0,5913990,4280303,1633687,Mobile Money,Soldes Ramadan,5.0
CMD-103983,2025-11-22,RCA,Bangui,WhatsApp Business,Particulier,Informatique,Dell Latitude,1,410798,0,410798,319219,91579,Espèces,Fête de fin d'année,4.5
CMD-103984,2024-07-28,Guinée équatoriale,Bata,WhatsApp Business,Particulier,Électroménager,Télévision Hisense 43,4,210482,0,841928,663946,177982,Mobile Money,Promo rentrée,4.7
CMD-103985,2024-07-31,Congo,Brazzaville,Revendeur,PME,Téléphones,iPhone 13,7,507307,0,3551149,2130429,1420720,Mobile Money,Campagne Facebook Ads,3.5
CMD-103986,2023-02-18,Gabon,Port-Gentil,WhatsApp Business,PME,Alimentation,Huile 5L,12,8866,5,101073,81945,19128,Mobile Money,Soldes Ramadan,4.9
CMD-103987,2025-11-27,Gabon,Franceville,Revendeur,Particulier,Mode,Montre connectée,10,54420,5,516990,369852,147138,Espèces,Promo WhatsApp,4.9
CMD-103988,2025-06-08,RCA,Berbérati,Site web,Grande entreprise,Informatique,HP EliteBook,2,362110,0,724220,565321,158899,Virement bancaire,Promo WhatsApp,4.6
CMD-103989,2023-03-24,Cameroun,Bafoussam,Boutique physique,Grande entreprise,Mode,Sac à main,4,33317,10,119942,66819,53123,Espèces,Promo WhatsApp,3.9
CMD-103990,2025-09-17,Gabon,Libreville,Boutique physique,Grande entreprise,Informatique,Dell Latitude,3,382775,0,1148325,676236,472089,Espèces,Black Friday,4.6
CMD-103991,2026-02-04,Cameroun,Garoua,Facebook,Particulier,Alimentation,Huile 5L,4,10091,0,40364,24491,15873,Carte bancaire,Promo rentrée,3.2
CMD-103992,2024-09-21,RDC,Kinshasa,Instagram,Grande entreprise,Mode,Montre connectée,12,53550,15,546210,369975,176235,Virement bancaire,Promo rentrée,4.8
CMD-103993,2025-10-08,RDC,Kinshasa,Instagram,Particulier,Téléphones,iPhone 13,15,476832,0,7152480,4161170,2991310,Carte bancaire,Aucune campagne,4.1
CMD-103994,2024-01-08,Congo,Brazzaville,WhatsApp Business,Particulier,Mode,Chaussures Nike,6,58398,10,315350,207555,107795,Virement bancaire,Campagne Facebook Ads,3.8
CMD-103995,2025-07-02,Cameroun,Garoua,Facebook,PME,Informatique,Imprimante Canon,12,119289,10,1288322,1004482,283840,Virement bancaire,Fête de fin d'année,3.1
CMD-103996,2023-05-19,Guinée équatoriale,Malabo,Instagram,Grande entreprise,Alimentation,Riz 25kg,6,25476,5,145214,104453,40761,Espèces,Soldes Ramadan,4.8
CMD-103997,2024-06-07,Gabon,Port-Gentil,Facebook,Particulier,Téléphones,Samsung Galaxy A15,3,102915,0,308745,234320,74425,Virement bancaire,Aucune campagne,3.3
CMD-103998,2025-03-24,Guinée équatoriale,Malabo,Revendeur,PME,Mode,Montre connectée,7,54682,0,382774,242518,140256,Mobile Money,Promo rentrée,4.6
CMD-103999,2025-06-21,Tchad,Sarh,Facebook,PME,Téléphones,Redmi Note 13,2,144412,15,245501,167490,78011,Virement bancaire,Fête de fin d'année,4.3
CMD-104000,2024-05-11,Tchad,Moundou,Revendeur,Particulier,Mode,Chemise homme,6,19351,5,110301,87348,22953,Mobile Money,Fête de fin d'année,4.3
CMD-104001,2024-12-21,RDC,Matadi,Instagram,Grande entreprise,Informatique,Imprimante Canon,2,132584,0,265168,165694,99474,Virement bancaire,Soldes Ramadan,3.7
CMD-104002,2024-09-24,Guinée équatoriale,Malabo,Facebook,PME,Mode,Chaussures Nike,8,61784,15,420132,237342,182790,Carte bancaire,Promo rentrée,4.3
CMD-104003,2025-08-22,Congo,Pointe-Noire,Facebook,Grande entreprise,Mode,Sac à main,2,35009,0,70018,40482,29536,Carte bancaire,Promo rentrée,3.3
CMD-104004,2025-01-21,RCA,Bangui,Revendeur,Grande entreprise,Alimentation,Boisson gazeuse,7,3541,0,24787,15361,9426,Carte bancaire,Fête de fin d'année,3.7
CMD-104005,2023-11-16,Guinée équatoriale,Malabo,Instagram,PME,Mode,Montre connectée,5,50815,0,254075,169312,84763,Carte bancaire,Campagne Facebook Ads,4.8
CMD-104006,2023-11-12,RCA,Berbérati,WhatsApp Business,Particulier,Électroménager,Ventilateur Binatone,5,26281,15,111695,65510,46185,Espèces,Promo rentrée,3.0
CMD-104007,2023-05-07,Congo,Nkayi,Revendeur,Particulier,Informatique,Clé USB 64GB,1,9129,5,8673,5567,3106,Espèces,Aucune campagne,4.9
CMD-104008,2023-03-10,RDC,Matadi,WhatsApp Business,Particulier,Téléphones,Redmi Note 13,8,159270,5,1210452,721386,489066,Mobile Money,Soldes Ramadan,3.1
CMD-104009,2025-05-15,Tchad,Moundou,Boutique physique,PME,Mode,Sac à main,13,30234,0,393042,293903,99139,Virement bancaire,Soldes Ramadan,4.5
CMD-104010,2024-05-27,Congo,Dolisie,Facebook,Particulier,Alimentation,Boisson gazeuse,5,3735,0,18675,11367,7308,Mobile Money,Soldes Ramadan,4.2
CMD-104011,2023-03-11,Congo,Pointe-Noire,Instagram,Particulier,Électroménager,Réfrigérateur LG,9,437821,5,3743370,2467090,1276280,Carte bancaire,Black Friday,3.6
CMD-104012,2024-01-02,Congo,Dolisie,Instagram,Particulier,Téléphones,Redmi Note 13,6,130361,5,743058,503533,239525,Espèces,Aucune campagne,4.8
CMD-104013,2023-12-31,RDC,Goma,Instagram,Particulier,Électroménager,Réfrigérateur LG,5,449268,0,2246340,1399538,846802,Espèces,Black Friday,3.4
CMD-104014,2024-11-11,Congo,Pointe-Noire,Site web,Particulier,Mode,Montre connectée,3,45191,10,122016,82486,39530,Virement bancaire,Promo WhatsApp,4.8
CMD-104015,2025-08-22,Gabon,Libreville,Site web,PME,Alimentation,Lait en poudre,1,5983,5,5684,4637,1047,Carte bancaire,Aucune campagne,4.3
CMD-104016,2023-12-19,Guinée équatoriale,Malabo,Site web,Particulier,Téléphones,Samsung Galaxy A15,2,104655,0,209310,152019,57291,Carte bancaire,Aucune campagne,4.4
CMD-104017,2024-08-09,Cameroun,Garoua,Boutique physique,PME,Électroménager,Mixeur Moulinex,4,35572,0,142288,79957,62331,Carte bancaire,Soldes Ramadan,4.6
CMD-104018,2023-08-13,Cameroun,Garoua,Revendeur,Particulier,Informatique,Clé USB 64GB,9,8663,0,77967,48749,29218,Virement bancaire,Promo rentrée,4.9
CMD-104019,2026-04-19,RDC,Goma,Boutique physique,Particulier,Informatique,Imprimante Canon,3,122012,0,366036,220728,145308,Mobile Money,Fête de fin d'année,4.1
CMD-104020,2025-02-17,RCA,Berbérati,WhatsApp Business,Grande entreprise,Téléphones,Redmi Note 13,10,155024,0,1550240,983169,567071,Virement bancaire,Soldes Ramadan,3.1
CMD-104021,2024-06-27,Guinée équatoriale,Bata,Instagram,Particulier,Informatique,Imprimante Canon,2,125610,0,251220,189557,61663,Carte bancaire,Aucune campagne,3.4
CMD-104022,2023-12-11,RCA,Berbérati,Instagram,Particulier,Mode,Chaussures Nike,6,49645,0,297870,197088,100782,Espèces,Promo WhatsApp,3.5
CMD-104023,2023-06-24,RCA,Berbérati,Boutique physique,PME,Informatique,Clé USB 64GB,1,8761,0,8761,6882,1879,Espèces,Campagne Facebook Ads,4.2
CMD-104024,2023-08-25,RDC,Lubumbashi,Instagram,Grande entreprise,Électroménager,Mixeur Moulinex,11,35037,10,346867,197452,149415,Espèces,Promo rentrée,3.2
CMD-104025,2024-08-19,Cameroun,Garoua,WhatsApp Business,Particulier,Alimentation,Huile 5L,11,9628,10,95318,54411,40907,Carte bancaire,Fête de fin d'année,4.9
CMD-104026,2025-03-10,Cameroun,Garoua,Instagram,PME,Téléphones,Redmi Note 13,6,153672,5,875931,710375,165556,Virement bancaire,Black Friday,3.2
CMD-104027,2024-03-18,Cameroun,Garoua,Revendeur,PME,Informatique,Dell Latitude,7,423453,5,2815963,1993794,822169,Mobile Money,Aucune campagne,3.5
CMD-104028,2026-03-26,Cameroun,Yaoundé,Instagram,PME,Mode,Sac à main,7,35602,0,249214,160731,88483,Virement bancaire,Promo WhatsApp,3.4
CMD-104029,2023-04-15,RCA,Bangui,WhatsApp Business,Particulier,Alimentation,Riz 25kg,8,25133,5,191011,122379,68632,Virement bancaire,Fête de fin d'année,3.1
CMD-104030,2026-02-21,Congo,Brazzaville,WhatsApp Business,PME,Mode,Chaussures Nike,5,55967,0,279835,200662,79173,Mobile Money,Fête de fin d'année,3.1
CMD-104031,2026-03-10,Cameroun,Douala,WhatsApp Business,Grande entreprise,Électroménager,Ventilateur Binatone,5,28347,0,141735,97043,44692,Carte bancaire,Soldes Ramadan,3.5
CMD-104032,2023-09-15,RDC,Goma,Revendeur,Grande entreprise,Alimentation,Boisson gazeuse,5,3288,5,15618,11716,3902,Carte bancaire,Promo WhatsApp,4.2
CMD-104033,2025-11-20,RCA,Bangui,Site web,PME,Électroménager,Télévision Hisense 43,1,246045,0,246045,188351,57694,Mobile Money,Soldes Ramadan,3.2
CMD-104034,2026-02-23,RCA,Berbérati,Facebook,Particulier,Téléphones,Samsung Galaxy A15,10,104486,0,1044860,743883,300977,Carte bancaire,Black Friday,4.4
CMD-104035,2024-01-16,RDC,Lubumbashi,Site web,PME,Mode,Sac à main,5,35021,0,175105,135504,39601,Carte bancaire,Promo WhatsApp,4.0
CMD-104036,2024-10-07,RDC,Lubumbashi,WhatsApp Business,Particulier,Électroménager,Ventilateur Binatone,3,26497,0,79491,45907,33584,Espèces,Promo rentrée,5.0
CMD-104037,2025-06-25,Guinée équatoriale,Malabo,Boutique physique,Particulier,Mode,Sac à main,13,35790,10,418743,335720,83023,Virement bancaire,Fête de fin d'année,3.5
CMD-104038,2024-10-27,Guinée équatoriale,Malabo,WhatsApp Business,Particulier,Mode,Chaussures Nike,9,54985,0,494865,383508,111357,Virement bancaire,Promo WhatsApp,4.8
CMD-104039,2025-03-20,Guinée équatoriale,Malabo,Instagram,Particulier,Informatique,Clé USB 64GB,6,9998,15,50990,35960,15030,Mobile Money,Aucune campagne,4.5
CMD-104040,2026-04-08,Congo,Brazzaville,Site web,PME,Électroménager,Réfrigérateur LG,8,394279,15,2681098,1889650,791448,Virement bancaire,Fête de fin d'année,4.4
CMD-104041,2024-11-27,Gabon,Libreville,Boutique physique,PME,Mode,Sac à main,7,33442,15,198980,155519,43461,Virement bancaire,Soldes Ramadan,5.0
CMD-104042,2025-02-15,Guinée équatoriale,Bata,Instagram,Grande entreprise,Informatique,Imprimante Canon,10,126559,10,1139031,649602,489429,Virement bancaire,Promo WhatsApp,5.0
CMD-104043,2026-03-20,Congo,Brazzaville,Facebook,Grande entreprise,Électroménager,Mixeur Moulinex,7,33903,0,237321,167184,70137,Mobile Money,Campagne Facebook Ads,4.6
CMD-104044,2023-11-14,Gabon,Libreville,Boutique physique,PME,Mode,Chaussures Nike,12,53197,15,542610,335346,207264,Carte bancaire,Promo WhatsApp,3.6
CMD-104045,2023-10-30,Cameroun,Douala,Boutique physique,Particulier,Mode,Montre connectée,8,52367,15,356096,282449,73647,Espèces,Black Friday,3.4
CMD-104046,2026-03-26,RCA,Bangui,WhatsApp Business,PME,Alimentation,Lait en poudre,4,7431,0,29724,21710,8014,Virement bancaire,Black Friday,3.1
CMD-104047,2026-01-11,Congo,Nkayi,Site web,PME,Informatique,HP EliteBook,1,404855,10,364370,291711,72659,Mobile Money,Aucune campagne,3.5
CMD-104048,2024-10-22,RCA,Bangui,WhatsApp Business,PME,Électroménager,Mixeur Moulinex,8,32384,0,259072,164458,94614,Virement bancaire,Soldes Ramadan,3.2
CMD-104049,2023-05-13,Cameroun,Garoua,Instagram,Particulier,Électroménager,Réfrigérateur LG,12,424147,0,5089764,3631395,1458369,Carte bancaire,Campagne Facebook Ads,4.8
CMD-104050,2024-03-08,Gabon,Port-Gentil,Revendeur,Grande entreprise,Mode,Chaussures Nike,12,54429,0,653148,511836,141312,Carte bancaire,Fête de fin d'année,3.5
CMD-104051,2023-10-29,Gabon,Libreville,Site web,Particulier,Mode,Montre connectée,9,50057,0,450513,331632,118881,Espèces,Fête de fin d'année,3.1
CMD-104052,2026-03-19,Guinée équatoriale,Malabo,Boutique physique,Grande entreprise,Électroménager,Télévision Hisense 43,6,233499,15,1190845,833945,356900,Mobile Money,Promo WhatsApp,4.9
CMD-104053,2024-10-21,RCA,Bangui,Instagram,PME,Informatique,Imprimante Canon,10,126151,0,1261510,1007285,254225,Mobile Money,Black Friday,3.5
CMD-104054,2023-06-17,Cameroun,Bafoussam,Instagram,Particulier,Téléphones,Tecno Spark 20,7,86401,0,604807,471235,133572,Espèces,Fête de fin d'année,3.9
CMD-104055,2025-02-22,Cameroun,Yaoundé,WhatsApp Business,PME,Mode,Chaussures Nike,8,59844,15,406940,315146,91794,Espèces,Promo WhatsApp,3.9
CMD-104056,2025-12-18,Congo,Nkayi,Site web,PME,Alimentation,Boisson gazeuse,4,3854,0,15416,8928,6488,Mobile Money,Soldes Ramadan,4.6
CMD-104057,2023-10-16,RCA,Berbérati,Facebook,Particulier,Alimentation,Lait en poudre,3,7454,5,21244,14244,7000,Virement bancaire,Black Friday,4.7
CMD-104058,2025-07-15,Tchad,N'Djamena,Revendeur,Grande entreprise,Téléphones,Samsung Galaxy A15,11,94454,5,987045,689971,297074,Virement bancaire,Soldes Ramadan,3.6
CMD-104059,2023-10-22,Gabon,Port-Gentil,Facebook,Particulier,Informatique,HP EliteBook,15,416017,0,6240255,4455753,1784502,Mobile Money,Promo WhatsApp,4.3
CMD-104060,2024-04-24,Gabon,Port-Gentil,Revendeur,PME,Téléphones,iPhone 13,7,576930,5,3836585,2226341,1610244,Mobile Money,Black Friday,4.1
CMD-104061,2026-04-21,Tchad,Moundou,Site web,PME,Électroménager,Ventilateur Binatone,8,27554,0,220432,147425,73007,Mobile Money,Fête de fin d'année,4.3
CMD-104062,2024-03-22,Cameroun,Garoua,Revendeur,PME,Téléphones,iPhone 13,7,493560,15,2936682,2194980,741702,Carte bancaire,Aucune campagne,4.0
CMD-104063,2025-09-22,Guinée équatoriale,Malabo,Facebook,Particulier,Électroménager,Réfrigérateur LG,4,393599,10,1416957,1158735,258222,Espèces,Aucune campagne,4.0
CMD-104064,2025-11-15,RCA,Berbérati,Instagram,Grande entreprise,Alimentation,Riz 25kg,14,25238,5,335666,221710,113956,Carte bancaire,Black Friday,3.7
CMD-104065,2023-12-28,Gabon,Franceville,Boutique physique,Particulier,Informatique,Dell Latitude,8,450693,0,3605544,2392826,1212718,Virement bancaire,Campagne Facebook Ads,4.0
CMD-104066,2024-02-04,Congo,Nkayi,Facebook,Particulier,Informatique,Dell Latitude,11,413961,0,4553571,2931206,1622365,Virement bancaire,Soldes Ramadan,4.2
CMD-104067,2026-01-07,Tchad,Sarh,Boutique physique,Grande entreprise,Alimentation,Boisson gazeuse,9,3831,0,34479,24613,9866,Virement bancaire,Soldes Ramadan,3.8
CMD-104068,2024-09-04,Cameroun,Garoua,Boutique physique,PME,Informatique,Imprimante Canon,2,121400,0,242800,179482,63318,Mobile Money,Fête de fin d'année,4.8
CMD-104069,2025-08-05,Cameroun,Douala,WhatsApp Business,PME,Informatique,Imprimante Canon,5,129666,0,648330,458073,190257,Carte bancaire,Aucune campagne,4.7
CMD-104070,2025-09-20,Gabon,Port-Gentil,Instagram,Particulier,Informatique,HP EliteBook,5,344146,0,1720730,1020218,700512,Carte bancaire,Fête de fin d'année,4.3
CMD-104071,2025-07-16,Gabon,Port-Gentil,Revendeur,PME,Mode,Montre connectée,15,52962,0,794430,447659,346771,Virement bancaire,Fête de fin d'année,4.6
CMD-104072,2023-07-21,Congo,Pointe-Noire,Facebook,Particulier,Alimentation,Riz 25kg,7,25823,0,180761,136830,43931,Virement bancaire,Black Friday,4.2
CMD-104073,2023-05-09,Guinée équatoriale,Malabo,Site web,Particulier,Informatique,Clé USB 64GB,2,8915,0,17830,11115,6715,Carte bancaire,Black Friday,4.0
CMD-104074,2024-01-03,Congo,Brazzaville,Facebook,Particulier,Informatique,HP EliteBook,13,408499,10,4779439,2665314,2114125,Mobile Money,Campagne Facebook Ads,4.2
CMD-104075,2026-03-17,RCA,Bangui,Facebook,PME,Informatique,Clé USB 64GB,5,10131,5,48123,28760,19363,Espèces,Black Friday,3.1
CMD-104076,2025-10-09,Cameroun,Bafoussam,Revendeur,PME,Alimentation,Huile 5L,12,10017,0,120204,86013,34191,Espèces,Promo WhatsApp,3.7
CMD-104077,2024-05-18,Tchad,Moundou,Revendeur,Grande entreprise,Informatique,Dell Latitude,14,418128,0,5853792,3552660,2301132,Espèces,Soldes Ramadan,4.6
CMD-104078,2026-02-23,Guinée équatoriale,Bata,Boutique physique,Grande entreprise,Informatique,HP EliteBook,10,429296,0,4292960,3187501,1105459,Carte bancaire,Fête de fin d'année,3.4
CMD-104079,2024-06-05,Congo,Brazzaville,Revendeur,PME,Téléphones,Samsung Galaxy A15,7,104372,5,694074,505766,188308,Mobile Money,Black Friday,4.3
CMD-104080,2025-09-18,Gabon,Franceville,Revendeur,Particulier,Alimentation,Huile 5L,14,10913,0,152782,123845,28937,Carte bancaire,Fête de fin d'année,4.5
CMD-104081,2023-07-24,RCA,Bangui,Site web,Particulier,Téléphones,Redmi Note 13,2,145146,0,290292,224869,65423,Mobile Money,Campagne Facebook Ads,4.3
CMD-104082,2025-02-09,RDC,Kinshasa,Revendeur,Grande entreprise,Mode,Sac à main,10,30119,0,301190,171105,130085,Mobile Money,Soldes Ramadan,3.9
CMD-104083,2026-02-14,Congo,Pointe-Noire,Instagram,Grande entreprise,Alimentation,Riz 25kg,3,27152,0,81456,64999,16457,Virement bancaire,Promo rentrée,3.5
CMD-104084,2025-05-16,Guinée équatoriale,Malabo,Revendeur,Particulier,Informatique,Clé USB 64GB,10,10086,0,100860,76777,24083,Mobile Money,Aucune campagne,3.6
CMD-104085,2025-03-11,RCA,Bangui,Site web,Grande entreprise,Informatique,Imprimante Canon,15,131408,15,1675452,1005104,670348,Virement bancaire,Black Friday,3.5
CMD-104086,2024-04-06,Gabon,Libreville,Revendeur,PME,Électroménager,Mixeur Moulinex,9,37645,10,304925,179555,125370,Mobile Money,Fête de fin d'année,3.1
CMD-104087,2025-01-17,Gabon,Libreville,WhatsApp Business,Grande entreprise,Alimentation,Riz 25kg,10,25456,15,216376,130179,86197,Virement bancaire,Aucune campagne,4.5
CMD-104088,2024-03-26,Cameroun,Garoua,Site web,Particulier,Électroménager,Réfrigérateur LG,1,418209,15,355478,241662,113816,Virement bancaire,Promo WhatsApp,3.4
CMD-104089,2025-03-12,Gabon,Libreville,Site web,Grande entreprise,Informatique,HP EliteBook,14,358910,0,5024740,3545708,1479032,Carte bancaire,Black Friday,4.0
CMD-104090,2023-01-04,Tchad,Moundou,Boutique physique,Grande entreprise,Alimentation,Boisson gazeuse,12,3439,0,41268,23000,18268,Espèces,Soldes Ramadan,4.4
CMD-104091,2023-04-27,Gabon,Port-Gentil,Revendeur,Grande entreprise,Informatique,Imprimante Canon,8,125839,0,1006712,675078,331634,Virement bancaire,Promo rentrée,3.7
CMD-104092,2023-04-22,Cameroun,Yaoundé,Facebook,Grande entreprise,Électroménager,Réfrigérateur LG,12,446430,5,5089302,3250106,1839196,Carte bancaire,Aucune campagne,3.3
CMD-104093,2024-04-15,Congo,Pointe-Noire,WhatsApp Business,Grande entreprise,Électroménager,Mixeur Moulinex,1,37547,0,37547,27981,9566,Mobile Money,Promo rentrée,4.3
CMD-104094,2023-08-23,Cameroun,Bafoussam,WhatsApp Business,PME,Électroménager,Télévision Hisense 43,14,254875,0,3568250,2919754,648496,Mobile Money,Soldes Ramadan,3.3
CMD-104095,2024-03-01,Congo,Nkayi,WhatsApp Business,Particulier,Alimentation,Lait en poudre,13,7356,15,81284,61049,20235,Espèces,Promo rentrée,4.4
CMD-104096,2023-12-03,RDC,Matadi,Instagram,Particulier,Mode,Montre connectée,14,49590,10,624834,373061,251773,Mobile Money,Campagne Facebook Ads,4.0
CMD-104097,2025-01-22,Cameroun,Yaoundé,Facebook,PME,Informatique,Imprimante Canon,10,134716,0,1347160,945253,401907,Carte bancaire,Promo rentrée,4.9
CMD-104098,2026-03-06,Tchad,N'Djamena,Facebook,Particulier,Alimentation,Boisson gazeuse,14,3673,10,46280,36652,9628,Espèces,Promo WhatsApp,3.6
CMD-104099,2023-12-26,Gabon,Libreville,Instagram,PME,Mode,Montre connectée,14,45551,5,605829,457660,148169,Espèces,Aucune campagne,3.7
CMD-104100,2025-10-14,RDC,Goma,Boutique physique,PME,Mode,Montre connectée,7,50202,15,298702,190356,108346,Mobile Money,Aucune campagne,4.0
CMD-104101,2024-07-27,RDC,Goma,Boutique physique,Particulier,Téléphones,Redmi Note 13,8,146967,10,1058163,700144,358019,Espèces,Aucune campagne,4.7
CMD-104102,2025-07-23,RCA,Bangui,WhatsApp Business,PME,Informatique,Dell Latitude,14,482762,0,6758668,4470616,2288052,Espèces,Promo WhatsApp,3.0
CMD-104103,2024-09-05,Tchad,Moundou,Instagram,Particulier,Alimentation,Boisson gazeuse,1,3892,10,3503,1971,1532,Virement bancaire,Black Friday,4.4
CMD-104104,2025-08-09,Tchad,Sarh,Revendeur,Grande entreprise,Électroménager,Télévision Hisense 43,1,248171,0,248171,164471,83700,Carte bancaire,Promo rentrée,3.7
CMD-104105,2023-12-24,RCA,Bangui,Revendeur,Grande entreprise,Électroménager,Télévision Hisense 43,3,213319,0,639957,448924,191033,Espèces,Fête de fin d'année,4.2
CMD-104106,2024-08-24,RCA,Berbérati,Facebook,Grande entreprise,Électroménager,Ventilateur Binatone,7,26904,15,160079,92189,67890,Virement bancaire,Soldes Ramadan,4.0
CMD-104107,2026-02-21,Congo,Dolisie,Revendeur,Grande entreprise,Téléphones,Tecno Spark 20,11,89194,0,981134,612684,368450,Espèces,Black Friday,4.2
CMD-104108,2023-05-17,RCA,Bangui,Facebook,Particulier,Informatique,Imprimante Canon,10,126273,10,1136457,834474,301983,Espèces,Campagne Facebook Ads,3.9
CMD-104109,2023-06-12,RCA,Berbérati,Boutique physique,Grande entreprise,Électroménager,Mixeur Moulinex,9,37760,15,288864,211875,76989,Mobile Money,Promo rentrée,3.3
CMD-104110,2023-09-08,Tchad,N'Djamena,Site web,PME,Mode,Chemise homme,13,18788,0,244244,184858,59386,Carte bancaire,Black Friday,3.2
CMD-104111,2024-07-31,RDC,Kinshasa,Facebook,Grande entreprise,Alimentation,Riz 25kg,15,26822,0,402330,294003,108327,Virement bancaire,Soldes Ramadan,4.3
CMD-104112,2025-01-11,Guinée équatoriale,Malabo,Facebook,Grande entreprise,Alimentation,Lait en poudre,15,6904,0,103560,58680,44880,Carte bancaire,Fête de fin d'année,4.2
CMD-104113,2023-02-04,RCA,Berbérati,Facebook,Particulier,Informatique,Imprimante Canon,3,110670,15,282209,178050,104159,Carte bancaire,Aucune campagne,4.4
CMD-104114,2023-12-23,RCA,Berbérati,Boutique physique,Grande entreprise,Informatique,Imprimante Canon,10,109081,5,1036270,723048,313222,Espèces,Fête de fin d'année,3.6
CMD-104115,2025-08-12,Congo,Dolisie,Instagram,Grande entreprise,Téléphones,Samsung Galaxy A15,10,90370,0,903700,700753,202947,Virement bancaire,Soldes Ramadan,5.0
CMD-104116,2023-07-25,Congo,Nkayi,Site web,PME,Téléphones,Redmi Note 13,10,135645,0,1356450,1024551,331899,Carte bancaire,Promo WhatsApp,3.3
CMD-104117,2023-05-07,Guinée équatoriale,Bata,Site web,Grande entreprise,Informatique,Imprimante Canon,9,137082,5,1172052,791153,380899,Carte bancaire,Black Friday,4.4
CMD-104118,2025-06-09,RDC,Kinshasa,Site web,Grande entreprise,Informatique,Clé USB 64GB,10,9613,0,96130,68393,27737,Carte bancaire,Promo WhatsApp,4.8
CMD-104119,2023-10-09,RDC,Kinshasa,Site web,PME,Téléphones,Samsung Galaxy A15,3,102401,0,307203,236499,70704,Espèces,Aucune campagne,3.1
CMD-104120,2024-06-18,RCA,Berbérati,WhatsApp Business,Grande entreprise,Alimentation,Riz 25kg,6,27308,5,155656,94247,61409,Espèces,Soldes Ramadan,4.2
CMD-104121,2024-07-04,RCA,Berbérati,Boutique physique,Particulier,Électroménager,Mixeur Moulinex,8,34637,10,249387,183959,65428,Virement bancaire,Soldes Ramadan,4.2
CMD-104122,2023-06-29,Tchad,Moundou,WhatsApp Business,Particulier,Téléphones,Samsung Galaxy A15,9,97751,15,747796,569471,178325,Virement bancaire,Aucune campagne,3.2
CMD-104123,2023-06-16,Gabon,Franceville,Instagram,Particulier,Électroménager,Mixeur Moulinex,4,32320,0,129280,76913,52367,Virement bancaire,Campagne Facebook Ads,4.3
CMD-104124,2024-05-18,Guinée équatoriale,Malabo,Instagram,Grande entreprise,Électroménager,Ventilateur Binatone,9,28596,10,231628,153428,78200,Mobile Money,Campagne Facebook Ads,4.5
CMD-104125,2025-11-05,Tchad,Sarh,WhatsApp Business,Particulier,Téléphones,Tecno Spark 20,11,96634,0,1062974,795973,267001,Espèces,Fête de fin d'année,4.9
CMD-104126,2026-02-24,Tchad,Moundou,Facebook,Grande entreprise,Électroménager,Télévision Hisense 43,2,241714,10,435086,330492,104594,Espèces,Promo WhatsApp,3.2
CMD-104127,2023-01-31,Congo,Pointe-Noire,Revendeur,Particulier,Informatique,Dell Latitude,11,469388,10,4646942,3297586,1349356,Espèces,Black Friday,4.4
CMD-104128,2024-04-02,Cameroun,Garoua,Boutique physique,Particulier,Téléphones,Redmi Note 13,1,150727,10,135655,103938,31717,Virement bancaire,Promo WhatsApp,4.7
CMD-104129,2025-08-26,RCA,Berbérati,Facebook,Grande entreprise,Électroménager,Télévision Hisense 43,1,219889,0,219889,170787,49102,Mobile Money,Promo WhatsApp,4.1
CMD-104130,2023-11-29,Cameroun,Yaoundé,Revendeur,PME,Électroménager,Télévision Hisense 43,9,213625,5,1826494,1251559,574935,Carte bancaire,Aucune campagne,3.1
CMD-104131,2023-06-16,RCA,Berbérati,Instagram,Particulier,Alimentation,Lait en poudre,9,6448,0,58032,38248,19784,Mobile Money,Promo WhatsApp,3.2
CMD-104132,2025-02-12,Cameroun,Douala,Revendeur,Grande entreprise,Alimentation,Huile 5L,2,10505,0,21010,11611,9399,Espèces,Soldes Ramadan,3.9
CMD-104133,2024-05-17,Guinée équatoriale,Malabo,Facebook,Particulier,Mode,Sac à main,14,33400,0,467600,352671,114929,Mobile Money,Promo rentrée,4.8
CMD-104134,2026-04-23,Cameroun,Garoua,Site web,Particulier,Informatique,Clé USB 64GB,9,10167,10,82353,52547,29806,Espèces,Aucune campagne,3.3
CMD-104135,2026-05-01,Tchad,Sarh,Facebook,PME,Informatique,Imprimante Canon,5,128058,15,544247,385145,159102,Virement bancaire,Campagne Facebook Ads,3.9
CMD-104136,2023-08-09,Cameroun,Douala,Facebook,PME,Informatique,Clé USB 64GB,5,9870,0,49350,40355,8995,Carte bancaire,Aucune campagne,3.9
CMD-104137,2024-09-08,Gabon,Franceville,Instagram,Grande entreprise,Téléphones,iPhone 13,14,517955,0,7251370,5697464,1553906,Espèces,Promo WhatsApp,3.5
CMD-104138,2025-11-13,Gabon,Franceville,Site web,Grande entreprise,Téléphones,iPhone 13,12,509366,0,6112392,3584002,2528390,Virement bancaire,Fête de fin d'année,4.5
CMD-104139,2025-09-01,RDC,Goma,Facebook,Particulier,Téléphones,Tecno Spark 20,15,77028,0,1155420,941579,213841,Mobile Money,Black Friday,4.9
CMD-104140,2025-12-15,Tchad,N'Djamena,WhatsApp Business,PME,Électroménager,Ventilateur Binatone,12,29465,5,335901,215602,120299,Virement bancaire,Promo WhatsApp,3.4
CMD-104141,2023-12-03,Cameroun,Bafoussam,Boutique physique,Grande entreprise,Téléphones,iPhone 13,5,576660,0,2883300,1786187,1097113,Carte bancaire,Campagne Facebook Ads,5.0
CMD-104142,2024-01-05,Tchad,Sarh,Instagram,Particulier,Électroménager,Télévision Hisense 43,13,212631,0,2764203,1874676,889527,Mobile Money,Promo WhatsApp,3.5
CMD-104143,2023-04-17,Gabon,Libreville,WhatsApp Business,Particulier,Alimentation,Lait en poudre,6,6201,5,35346,19910,15436,Carte bancaire,Aucune campagne,4.7
CMD-104144,2023-01-02,Tchad,Sarh,Site web,Particulier,Alimentation,Lait en poudre,8,6190,0,49520,29365,20155,Virement bancaire,Fête de fin d'année,4.1
CMD-104145,2025-12-16,Gabon,Franceville,Facebook,Particulier,Alimentation,Huile 5L,7,10792,0,75544,60875,14669,Mobile Money,Aucune campagne,4.2
CMD-104146,2024-07-07,Tchad,Moundou,Boutique physique,PME,Alimentation,Riz 25kg,9,22334,0,201006,153916,47090,Carte bancaire,Fête de fin d'année,3.4
CMD-104147,2024-10-15,Cameroun,Douala,Facebook,Particulier,Mode,Chemise homme,4,17102,10,61568,46250,15318,Carte bancaire,Fête de fin d'année,3.7
CMD-104148,2024-07-07,Tchad,Sarh,Site web,Grande entreprise,Mode,Chaussures Nike,13,57692,0,749996,539149,210847,Carte bancaire,Black Friday,3.1
CMD-104149,2023-06-15,Gabon,Libreville,Instagram,Particulier,Informatique,Dell Latitude,14,443797,0,6213158,4869841,1343317,Mobile Money,Promo WhatsApp,4.4
CMD-104150,2025-10-16,Cameroun,Yaoundé,WhatsApp Business,PME,Électroménager,Télévision Hisense 43,11,220076,15,2057711,1418294,639417,Espèces,Promo WhatsApp,4.5
CMD-104151,2023-12-09,Tchad,N'Djamena,Site web,Grande entreprise,Alimentation,Riz 25kg,15,24515,0,367725,210545,157180,Virement bancaire,Aucune campagne,3.7
CMD-104152,2024-01-02,Congo,Pointe-Noire,WhatsApp Business,PME,Électroménager,Télévision Hisense 43,14,213410,10,2688966,2085924,603042,Espèces,Soldes Ramadan,3.9
CMD-104153,2023-06-07,Tchad,Moundou,Site web,Particulier,Électroménager,Réfrigérateur LG,8,418309,10,3011825,2167602,844223,Mobile Money,Promo rentrée,3.7
CMD-104154,2023-04-26,Guinée équatoriale,Bata,Site web,Particulier,Mode,Chemise homme,2,18118,0,36236,28289,7947,Mobile Money,Fête de fin d'année,4.9
CMD-104155,2023-09-16,Gabon,Port-Gentil,Instagram,Particulier,Téléphones,Tecno Spark 20,8,85798,0,686384,399218,287166,Espèces,Campagne Facebook Ads,3.4
CMD-104156,2026-01-05,RDC,Goma,Facebook,Particulier,Téléphones,Samsung Galaxy A15,1,85959,5,81662,63881,17781,Virement bancaire,Soldes Ramadan,3.7
CMD-104157,2025-01-19,Cameroun,Garoua,Instagram,Particulier,Mode,Chaussures Nike,12,59031,0,708372,542981,165391,Mobile Money,Black Friday,4.0
CMD-104158,2025-08-29,Congo,Brazzaville,Facebook,Particulier,Alimentation,Riz 25kg,9,22553,5,192829,116140,76689,Mobile Money,Black Friday,4.9
CMD-104159,2023-11-12,Tchad,Sarh,WhatsApp Business,PME,Alimentation,Riz 25kg,12,26822,15,273585,156856,116729,Mobile Money,Fête de fin d'année,3.8
CMD-104160,2023-11-24,Congo,Nkayi,WhatsApp Business,Grande entreprise,Mode,Chemise homme,9,19452,0,175068,128263,46805,Carte bancaire,Fête de fin d'année,4.7
CMD-104161,2023-07-08,Gabon,Port-Gentil,Facebook,Grande entreprise,Informatique,Imprimante Canon,8,119281,0,954248,636267,317981,Mobile Money,Black Friday,3.6
CMD-104162,2024-02-22,RDC,Goma,Facebook,PME,Électroménager,Télévision Hisense 43,12,260211,0,3122532,1851068,1271464,Virement bancaire,Promo WhatsApp,3.9
CMD-104163,2025-10-06,Guinée équatoriale,Bata,Instagram,Grande entreprise,Électroménager,Mixeur Moulinex,7,39475,5,262509,172010,90499,Mobile Money,Fête de fin d'année,3.6
CMD-104164,2023-03-30,Guinée équatoriale,Bata,Instagram,PME,Informatique,Dell Latitude,13,392995,15,4342595,3275793,1066802,Carte bancaire,Fête de fin d'année,3.7
CMD-104165,2025-03-26,Gabon,Franceville,Revendeur,Particulier,Mode,Chaussures Nike,7,53237,5,354027,202658,151369,Espèces,Campagne Facebook Ads,3.1
CMD-104166,2024-12-03,Guinée équatoriale,Bata,Site web,Grande entreprise,Électroménager,Réfrigérateur LG,2,422960,0,845920,544733,301187,Espèces,Black Friday,3.5
CMD-104167,2023-02-16,Congo,Pointe-Noire,Facebook,Particulier,Informatique,Imprimante Canon,13,113506,0,1475578,848774,626804,Virement bancaire,Aucune campagne,4.4
CMD-104168,2024-05-08,Guinée équatoriale,Malabo,Revendeur,Grande entreprise,Alimentation,Lait en poudre,14,6740,10,84924,65157,19767,Espèces,Fête de fin d'année,3.7
CMD-104169,2025-02-03,Tchad,Sarh,Instagram,Grande entreprise,Électroménager,Ventilateur Binatone,5,27444,15,116637,81843,34794,Virement bancaire,Fête de fin d'année,4.5
CMD-104170,2024-09-13,Cameroun,Garoua,Site web,Particulier,Informatique,Dell Latitude,11,438995,0,4828945,3609292,1219653,Virement bancaire,Fête de fin d'année,3.4
CMD-104171,2025-07-16,RDC,Goma,Revendeur,PME,Alimentation,Lait en poudre,15,6941,0,104115,58998,45117,Virement bancaire,Black Friday,4.0
CMD-104172,2026-01-17,Guinée équatoriale,Bata,Instagram,Grande entreprise,Électroménager,Réfrigérateur LG,13,431716,0,5612308,3889799,1722509,Espèces,Fête de fin d'année,4.7
CMD-104173,2025-04-25,Congo,Pointe-Noire,Revendeur,Grande entreprise,Alimentation,Huile 5L,11,10700,0,117700,90268,27432,Carte bancaire,Promo WhatsApp,4.0
CMD-104174,2025-01-23,Gabon,Libreville,Revendeur,PME,Électroménager,Ventilateur Binatone,15,25938,0,389070,290028,99042,Carte bancaire,Fête de fin d'année,4.7
CMD-104175,2024-05-18,Congo,Nkayi,WhatsApp Business,Grande entreprise,Informatique,Clé USB 64GB,1,8924,0,8924,5008,3916,Mobile Money,Promo rentrée,3.8
CMD-104176,2023-11-19,Gabon,Port-Gentil,Revendeur,PME,Mode,Chemise homme,13,20543,10,240354,194351,46003,Mobile Money,Soldes Ramadan,4.4
CMD-104177,2024-03-30,Congo,Brazzaville,Revendeur,Grande entreprise,Mode,Montre connectée,6,49567,0,297402,194695,102707,Espèces,Promo rentrée,3.3
CMD-104178,2025-09-19,Congo,Pointe-Noire,Instagram,Particulier,Mode,Chaussures Nike,14,52106,0,729484,549019,180465,Espèces,Promo WhatsApp,3.1
CMD-104179,2024-03-18,Guinée équatoriale,Bata,Boutique physique,PME,Alimentation,Riz 25kg,9,24391,15,186592,114420,72172,Carte bancaire,Promo WhatsApp,4.9
CMD-104180,2023-02-03,Gabon,Franceville,Revendeur,Grande entreprise,Électroménager,Ventilateur Binatone,5,28096,0,140480,80462,60018,Virement bancaire,Promo WhatsApp,4.9
CMD-104181,2025-03-26,Gabon,Libreville,Boutique physique,Grande entreprise,Téléphones,Redmi Note 13,1,128204,0,128204,75090,53114,Mobile Money,Promo WhatsApp,3.8
CMD-104182,2025-10-20,Congo,Pointe-Noire,Boutique physique,Particulier,Alimentation,Boisson gazeuse,13,3363,5,41534,23303,18231,Mobile Money,Black Friday,3.1
CMD-104183,2023-03-27,Guinée équatoriale,Malabo,Revendeur,Particulier,Électroménager,Réfrigérateur LG,3,451734,10,1219682,943749,275933,Mobile Money,Campagne Facebook Ads,3.6
CMD-104184,2025-02-21,Congo,Pointe-Noire,Instagram,Grande entreprise,Mode,Sac à main,13,30948,10,362092,210090,152002,Virement bancaire,Campagne Facebook Ads,4.8
CMD-104185,2025-05-21,Congo,Pointe-Noire,WhatsApp Business,Grande entreprise,Téléphones,iPhone 13,10,507639,0,5076390,3876839,1199551,Carte bancaire,Soldes Ramadan,3.5
CMD-104186,2025-11-04,Cameroun,Garoua,Boutique physique,PME,Téléphones,Redmi Note 13,5,153055,10,688748,553038,135710,Virement bancaire,Black Friday,4.3
CMD-104187,2024-09-09,Congo,Pointe-Noire,Site web,PME,Mode,Chaussures Nike,14,60263,0,843682,521699,321983,Espèces,Fête de fin d'année,4.6
CMD-104188,2023-10-18,Congo,Brazzaville,Facebook,Grande entreprise,Informatique,Dell Latitude,15,453180,10,6117930,4460652,1657278,Mobile Money,Fête de fin d'année,4.8
CMD-104189,2024-05-30,RCA,Berbérati,WhatsApp Business,PME,Informatique,Imprimante Canon,1,137486,0,137486,86545,50941,Carte bancaire,Black Friday,4.3
CMD-104190,2025-06-25,Gabon,Libreville,Boutique physique,Grande entreprise,Électroménager,Réfrigérateur LG,11,426609,0,4692699,2945233,1747466,Carte bancaire,Black Friday,4.0
CMD-104191,2023-09-24,Congo,Brazzaville,Boutique physique,Grande entreprise,Téléphones,Redmi Note 13,2,150157,10,270283,207181,63102,Virement bancaire,Promo WhatsApp,3.0
CMD-104192,2025-09-28,RDC,Matadi,Instagram,Particulier,Informatique,Imprimante Canon,9,134532,0,1210788,832750,378038,Mobile Money,Promo rentrée,4.1
CMD-104193,2025-05-04,Guinée équatoriale,Bata,Instagram,PME,Alimentation,Lait en poudre,4,5900,10,21240,16926,4314,Carte bancaire,Aucune campagne,3.8
CMD-104194,2023-03-27,RDC,Kinshasa,Revendeur,PME,Électroménager,Ventilateur Binatone,11,27383,10,271092,192887,78205,Mobile Money,Promo WhatsApp,3.5
CMD-104195,2024-06-26,Gabon,Franceville,Instagram,PME,Informatique,Imprimante Canon,14,137103,15,1631526,1118533,512993,Virement bancaire,Promo WhatsApp,4.5
CMD-104196,2025-10-25,RCA,Bangui,WhatsApp Business,Grande entreprise,Électroménager,Ventilateur Binatone,2,27612,0,55224,32867,22357,Carte bancaire,Aucune campagne,4.5
CMD-104197,2025-02-12,Guinée équatoriale,Bata,Facebook,PME,Électroménager,Mixeur Moulinex,15,38351,0,575265,441557,133708,Espèces,Black Friday,3.9
CMD-104198,2023-05-01,RDC,Goma,Revendeur,Particulier,Alimentation,Boisson gazeuse,7,3752,0,26264,18898,7366,Mobile Money,Black Friday,3.4
CMD-104199,2024-02-17,RCA,Bangui,Site web,Particulier,Informatique,Dell Latitude,7,421650,10,2656395,1671799,984596,Carte bancaire,Black Friday,4.1
CMD-104200,2023-11-28,Cameroun,Garoua,Site web,Grande entreprise,Informatique,Dell Latitude,4,414656,5,1575693,1085601,490092,Virement bancaire,Campagne Facebook Ads,5.0
CMD-104201,2024-03-28,Gabon,Port-Gentil,Site web,Grande entreprise,Informatique,Imprimante Canon,10,135048,0,1350480,985074,365406,Mobile Money,Promo rentrée,4.7
CMD-104202,2025-07-24,Cameroun,Yaoundé,Boutique physique,Particulier,Mode,Montre connectée,2,52708,0,105416,83600,21816,Espèces,Promo rentrée,4.0
CMD-104203,2024-12-25,Congo,Pointe-Noire,Facebook,Particulier,Informatique,HP EliteBook,11,378142,0,4159562,2525699,1633863,Mobile Money,Promo rentrée,3.5
CMD-104204,2025-07-07,Gabon,Franceville,Facebook,Particulier,Mode,Montre connectée,6,43668,0,262008,170729,91279,Espèces,Promo WhatsApp,4.8
CMD-104205,2023-07-09,Guinée équatoriale,Malabo,Revendeur,Grande entreprise,Téléphones,iPhone 13,2,473001,10,851402,596235,255167,Espèces,Fête de fin d'année,3.1
CMD-104206,2025-02-07,Cameroun,Douala,Site web,PME,Téléphones,Tecno Spark 20,8,86872,0,694976,522972,172004,Carte bancaire,Promo WhatsApp,3.7
CMD-104207,2024-02-09,RCA,Berbérati,Instagram,PME,Électroménager,Réfrigérateur LG,14,444454,0,6222356,4065158,2157198,Virement bancaire,Soldes Ramadan,4.9
CMD-104208,2024-04-13,Cameroun,Douala,Site web,PME,Téléphones,iPhone 13,4,478290,0,1913160,1289229,623931,Mobile Money,Fête de fin d'année,4.7
CMD-104209,2023-03-04,Congo,Dolisie,Revendeur,PME,Électroménager,Ventilateur Binatone,12,31466,0,377592,268021,109571,Virement bancaire,Promo rentrée,4.6
CMD-104210,2023-05-10,Gabon,Libreville,Facebook,Grande entreprise,Alimentation,Huile 5L,14,10699,10,134808,105886,28922,Carte bancaire,Soldes Ramadan,3.8
CMD-104211,2024-08-05,Tchad,Sarh,Facebook,Particulier,Alimentation,Boisson gazeuse,15,3421,0,51315,33152,18163,Espèces,Promo WhatsApp,4.3
CMD-104212,2025-07-27,Gabon,Libreville,Site web,Grande entreprise,Alimentation,Lait en poudre,13,7188,15,79428,50230,29198,Carte bancaire,Black Friday,4.8
CMD-104213,2024-07-26,Guinée équatoriale,Bata,Boutique physique,Particulier,Informatique,Imprimante Canon,12,116852,15,1191891,865112,326779,Mobile Money,Fête de fin d'année,3.3
CMD-104214,2024-10-20,RCA,Berbérati,Facebook,Particulier,Téléphones,Samsung Galaxy A15,13,105204,5,1299270,870889,428381,Mobile Money,Soldes Ramadan,4.6
CMD-104215,2023-12-28,Gabon,Port-Gentil,WhatsApp Business,Particulier,Alimentation,Lait en poudre,7,7366,15,43828,29207,14621,Espèces,Campagne Facebook Ads,4.7
CMD-104216,2024-11-16,Cameroun,Douala,WhatsApp Business,Grande entreprise,Téléphones,Tecno Spark 20,11,83861,0,922471,742061,180410,Espèces,Promo WhatsApp,4.7
CMD-104217,2025-01-04,RCA,Bangui,Facebook,Grande entreprise,Mode,Montre connectée,11,52156,0,573716,342762,230954,Virement bancaire,Campagne Facebook Ads,3.3
CMD-104218,2023-09-07,Congo,Pointe-Noire,Revendeur,Particulier,Électroménager,Réfrigérateur LG,12,463484,0,5561808,3727107,1834701,Espèces,Aucune campagne,4.0
CMD-104219,2023-06-27,Cameroun,Bafoussam,Site web,PME,Électroménager,Télévision Hisense 43,14,239378,0,3351292,1955711,1395581,Espèces,Black Friday,3.7
CMD-104220,2024-03-17,Tchad,Moundou,Revendeur,Grande entreprise,Alimentation,Lait en poudre,2,6593,0,13186,8074,5112,Mobile Money,Promo rentrée,3.7
CMD-104221,2024-03-12,Gabon,Port-Gentil,Facebook,Particulier,Alimentation,Huile 5L,6,9578,15,48848,38850,9998,Carte bancaire,Campagne Facebook Ads,4.2
CMD-104222,2026-01-30,Congo,Nkayi,Site web,Grande entreprise,Téléphones,Tecno Spark 20,1,90187,10,81169,47737,33432,Virement bancaire,Aucune campagne,3.8
CMD-104223,2025-06-19,Gabon,Libreville,Boutique physique,Grande entreprise,Mode,Montre connectée,6,44434,0,266604,175210,91394,Virement bancaire,Campagne Facebook Ads,4.6
CMD-104224,2023-09-21,RCA,Berbérati,Site web,PME,Téléphones,Redmi Note 13,7,147558,0,1032906,758874,274032,Virement bancaire,Aucune campagne,5.0
CMD-104225,2023-07-23,Gabon,Franceville,Boutique physique,Particulier,Informatique,Imprimante Canon,2,120611,10,217100,133272,83828,Espèces,Promo WhatsApp,4.5
CMD-104226,2023-03-26,Guinée équatoriale,Bata,Revendeur,Grande entreprise,Informatique,HP EliteBook,3,378749,0,1136247,655425,480822,Mobile Money,Soldes Ramadan,3.8
CMD-104227,2024-10-28,Cameroun,Bafoussam,WhatsApp Business,Grande entreprise,Électroménager,Mixeur Moulinex,4,37491,15,127470,74321,53149,Mobile Money,Promo WhatsApp,4.7
CMD-104228,2024-05-07,Guinée équatoriale,Bata,Site web,PME,Mode,Chaussures Nike,4,59059,0,236236,183286,52950,Mobile Money,Soldes Ramadan,4.6
CMD-104229,2024-02-12,RCA,Berbérati,Instagram,Grande entreprise,Alimentation,Boisson gazeuse,11,3431,0,37741,23895,13846,Espèces,Campagne Facebook Ads,3.1
CMD-104230,2024-08-24,Gabon,Franceville,Revendeur,PME,Mode,Montre connectée,8,54243,0,433944,314621,119323,Mobile Money,Aucune campagne,4.8
CMD-104231,2024-05-11,Cameroun,Douala,WhatsApp Business,Particulier,Mode,Sac à main,4,34862,0,139448,85043,54405,Espèces,Promo WhatsApp,4.4
CMD-104232,2024-01-18,RCA,Berbérati,Facebook,Particulier,Mode,Montre connectée,7,53697,5,357086,292774,64312,Virement bancaire,Soldes Ramadan,4.7
CMD-104233,2023-02-09,RDC,Matadi,Facebook,Grande entreprise,Mode,Chaussures Nike,15,54815,15,698892,511533,187359,Carte bancaire,Promo WhatsApp,4.0
CMD-104234,2025-02-28,Congo,Pointe-Noire,Facebook,PME,Mode,Montre connectée,6,47353,15,241501,146465,95036,Espèces,Campagne Facebook Ads,4.5
CMD-104235,2024-06-16,Congo,Dolisie,Instagram,Grande entreprise,Téléphones,Tecno Spark 20,11,82280,15,769318,579443,189875,Espèces,Aucune campagne,3.4
CMD-104236,2023-11-15,Guinée équatoriale,Malabo,Site web,PME,Informatique,Clé USB 64GB,1,8116,0,8116,5673,2443,Mobile Money,Promo WhatsApp,3.0
CMD-104237,2023-10-25,RCA,Bangui,Site web,Particulier,Alimentation,Riz 25kg,10,22893,15,194591,137588,57003,Carte bancaire,Aucune campagne,4.0
CMD-104238,2023-01-06,Guinée équatoriale,Malabo,Site web,Particulier,Alimentation,Lait en poudre,15,6831,0,102465,67790,34675,Virement bancaire,Soldes Ramadan,3.2
CMD-104239,2025-06-19,Gabon,Port-Gentil,Facebook,Grande entreprise,Mode,Chaussures Nike,2,56531,10,101756,67808,33948,Carte bancaire,Black Friday,4.4
CMD-104240,2023-12-11,RDC,Lubumbashi,Instagram,PME,Informatique,HP EliteBook,6,354226,10,1912821,1369506,543315,Espèces,Campagne Facebook Ads,4.0
CMD-104241,2025-08-01,RCA,Bangui,Site web,Particulier,Mode,Montre connectée,4,44132,0,176528,137401,39127,Mobile Money,Black Friday,4.8
CMD-104242,2024-05-20,Gabon,Libreville,Instagram,Grande entreprise,Mode,Montre connectée,13,45388,0,590044,379118,210926,Espèces,Promo rentrée,4.9
CMD-104243,2023-08-14,Congo,Brazzaville,Site web,Particulier,Informatique,Clé USB 64GB,13,10074,15,111318,84487,26831,Virement bancaire,Black Friday,3.8
CMD-104244,2023-07-10,RDC,Kinshasa,WhatsApp Business,PME,Informatique,Imprimante Canon,9,128796,5,1101206,656849,444357,Mobile Money,Black Friday,4.7
CMD-104245,2024-09-29,Guinée équatoriale,Bata,Instagram,Grande entreprise,Téléphones,Tecno Spark 20,4,82519,0,330076,245138,84938,Virement bancaire,Fête de fin d'année,5.0
CMD-104246,2023-10-19,RDC,Goma,Instagram,Particulier,Informatique,Clé USB 64GB,12,8809,15,89852,55555,34297,Carte bancaire,Promo rentrée,3.2
CMD-104247,2024-07-26,Guinée équatoriale,Malabo,Facebook,Particulier,Informatique,Imprimante Canon,9,124299,5,1062757,859524,203233,Carte bancaire,Campagne Facebook Ads,4.6
CMD-104248,2026-01-22,Congo,Dolisie,Instagram,PME,Téléphones,Tecno Spark 20,5,92738,5,440506,286691,153815,Virement bancaire,Aucune campagne,4.4
CMD-104249,2023-06-10,Tchad,Moundou,Boutique physique,Particulier,Électroménager,Ventilateur Binatone,13,27065,5,334253,263671,70582,Espèces,Soldes Ramadan,3.5
CMD-104250,2023-10-05,Cameroun,Yaoundé,Revendeur,Grande entreprise,Informatique,HP EliteBook,1,382273,5,363160,280828,82332,Virement bancaire,Promo WhatsApp,4.2
CMD-104251,2025-05-12,Guinée équatoriale,Bata,Revendeur,Particulier,Informatique,Clé USB 64GB,13,8453,15,93406,70876,22530,Carte bancaire,Aucune campagne,4.6
CMD-104252,2023-07-14,Cameroun,Yaoundé,Revendeur,Grande entreprise,Mode,Montre connectée,14,51361,5,683102,422907,260195,Espèces,Black Friday,3.1
CMD-104253,2023-01-26,Tchad,Moundou,Facebook,Particulier,Téléphones,Samsung Galaxy A15,9,89917,15,687866,388535,299331,Carte bancaire,Fête de fin d'année,3.4
CMD-104254,2023-10-04,RCA,Bangui,Boutique physique,Particulier,Mode,Chaussures Nike,15,61638,0,924570,680132,244438,Mobile Money,Soldes Ramadan,4.6
CMD-104255,2025-10-24,Congo,Nkayi,Instagram,Grande entreprise,Mode,Montre connectée,5,54013,15,229556,148546,81010,Virement bancaire,Soldes Ramadan,4.9
CMD-104256,2025-10-03,RCA,Berbérati,Facebook,PME,Alimentation,Boisson gazeuse,6,3896,15,19870,14708,5162,Virement bancaire,Promo rentrée,4.2
CMD-104257,2025-05-03,Congo,Dolisie,Site web,Particulier,Alimentation,Riz 25kg,8,27104,10,195149,151729,43420,Virement bancaire,Aucune campagne,3.1
CMD-104258,2024-02-23,RCA,Bangui,Instagram,Grande entreprise,Électroménager,Télévision Hisense 43,2,208193,15,353929,286661,67268,Virement bancaire,Promo WhatsApp,4.9
CMD-104259,2025-02-28,Tchad,Moundou,Facebook,Particulier,Alimentation,Boisson gazeuse,3,3165,0,9495,5702,3793,Carte bancaire,Promo rentrée,4.9
CMD-104260,2025-06-26,Gabon,Libreville,Facebook,Particulier,Informatique,HP EliteBook,2,367895,0,735790,412499,323291,Carte bancaire,Black Friday,5.0
CMD-104261,2026-03-12,Gabon,Libreville,Revendeur,Particulier,Alimentation,Boisson gazeuse,10,3476,5,33022,18635,14387,Mobile Money,Aucune campagne,3.8
CMD-104262,2024-10-11,Gabon,Franceville,Instagram,Grande entreprise,Alimentation,Huile 5L,13,10256,5,126662,71501,55161,Virement bancaire,Promo WhatsApp,3.4
CMD-104263,2024-02-06,Congo,Brazzaville,Revendeur,PME,Alimentation,Lait en poudre,7,6647,0,46529,27017,19512,Virement bancaire,Campagne Facebook Ads,3.7
CMD-104264,2024-01-27,Congo,Dolisie,Facebook,Grande entreprise,Électroménager,Réfrigérateur LG,6,455808,15,2324621,1853549,471072,Espèces,Black Friday,4.4
CMD-104265,2024-09-30,Congo,Brazzaville,Boutique physique,Particulier,Téléphones,Samsung Galaxy A15,9,103691,10,839898,671169,168729,Espèces,Promo rentrée,3.1
CMD-104266,2025-10-02,RCA,Berbérati,WhatsApp Business,Particulier,Téléphones,Tecno Spark 20,7,91723,0,642061,506459,135602,Carte bancaire,Fête de fin d'année,4.4
CMD-104267,2025-11-15,Guinée équatoriale,Malabo,Instagram,PME,Informatique,HP EliteBook,5,426021,5,2023600,1180684,842916,Carte bancaire,Campagne Facebook Ads,4.1
CMD-104268,2023-07-21,Congo,Nkayi,Boutique physique,PME,Mode,Chemise homme,12,16834,15,171707,122705,49002,Carte bancaire,Promo WhatsApp,3.1
CMD-104269,2024-11-21,Gabon,Franceville,Revendeur,PME,Électroménager,Réfrigérateur LG,12,413768,0,4965216,3941329,1023887,Virement bancaire,Black Friday,5.0
CMD-104270,2026-04-16,Congo,Brazzaville,Boutique physique,Grande entreprise,Électroménager,Télévision Hisense 43,11,210471,15,1967904,1578499,389405,Virement bancaire,Soldes Ramadan,3.8
CMD-104271,2025-09-18,RCA,Berbérati,Instagram,PME,Téléphones,Redmi Note 13,7,132009,0,924063,577183,346880,Virement bancaire,Campagne Facebook Ads,3.1
CMD-104272,2025-08-05,Tchad,Moundou,Instagram,Particulier,Électroménager,Mixeur Moulinex,8,35975,15,244630,184135,60495,Carte bancaire,Promo rentrée,3.2
CMD-104273,2025-10-05,Tchad,Sarh,Revendeur,PME,Alimentation,Huile 5L,14,10198,10,128495,98001,30494,Mobile Money,Soldes Ramadan,3.8
CMD-104274,2025-05-18,Guinée équatoriale,Bata,Revendeur,PME,Téléphones,Samsung Galaxy A15,3,89567,5,255266,180193,75073,Espèces,Fête de fin d'année,4.5
CMD-104275,2026-01-21,Cameroun,Bafoussam,Revendeur,Particulier,Alimentation,Boisson gazeuse,4,3150,0,12600,7676,4924,Virement bancaire,Campagne Facebook Ads,4.0
CMD-104276,2026-01-11,Gabon,Port-Gentil,Revendeur,Grande entreprise,Informatique,Imprimante Canon,12,125904,15,1284221,970813,313408,Espèces,Aucune campagne,3.8
CMD-104277,2023-10-17,RCA,Berbérati,Site web,PME,Informatique,Dell Latitude,12,396733,0,4760796,3546119,1214677,Virement bancaire,Promo rentrée,3.3
CMD-104278,2025-12-24,RCA,Bangui,Facebook,PME,Mode,Chemise homme,6,20565,15,104882,80128,24754,Virement bancaire,Soldes Ramadan,3.7
CMD-104279,2025-05-07,RCA,Berbérati,Boutique physique,Grande entreprise,Informatique,Dell Latitude,1,438898,0,438898,329944,108954,Mobile Money,Black Friday,3.6
CMD-104280,2023-12-02,Cameroun,Yaoundé,Facebook,Particulier,Électroménager,Télévision Hisense 43,8,228311,0,1826488,1042060,784428,Espèces,Soldes Ramadan,3.8
CMD-104281,2025-06-27,Guinée équatoriale,Malabo,Facebook,Grande entreprise,Alimentation,Boisson gazeuse,14,3942,0,55188,44772,10416,Carte bancaire,Soldes Ramadan,3.5
CMD-104282,2023-01-05,RDC,Matadi,Site web,Particulier,Électroménager,Mixeur Moulinex,13,37254,5,460087,307506,152581,Mobile Money,Promo WhatsApp,3.4
CMD-104283,2025-05-27,Congo,Pointe-Noire,Revendeur,PME,Téléphones,Tecno Spark 20,5,83217,15,353673,244956,108717,Carte bancaire,Aucune campagne,3.5
CMD-104284,2024-02-20,Tchad,Moundou,WhatsApp Business,Grande entreprise,Alimentation,Lait en poudre,10,6247,15,53100,32414,20686,Carte bancaire,Aucune campagne,3.5
CMD-104285,2025-12-20,RDC,Matadi,Site web,Particulier,Alimentation,Huile 5L,9,10259,5,87715,60605,27110,Virement bancaire,Black Friday,3.3
CMD-104286,2023-10-18,Tchad,Sarh,Boutique physique,PME,Mode,Chaussures Nike,15,63220,0,948300,567790,380510,Carte bancaire,Promo WhatsApp,3.5
CMD-104287,2025-02-10,Tchad,Moundou,Facebook,Grande entreprise,Électroménager,Télévision Hisense 43,3,213555,10,576599,398515,178084,Virement bancaire,Promo rentrée,4.9
CMD-104288,2023-04-28,RCA,Bangui,Instagram,Particulier,Électroménager,Télévision Hisense 43,3,241169,10,651157,485547,165610,Carte bancaire,Promo WhatsApp,4.1
CMD-104289,2025-06-28,RCA,Berbérati,Site web,PME,Électroménager,Réfrigérateur LG,15,383940,5,5471145,3659643,1811502,Virement bancaire,Soldes Ramadan,4.6
CMD-104290,2023-04-03,RCA,Bangui,Site web,PME,Alimentation,Lait en poudre,2,6715,0,13430,10952,2478,Espèces,Promo WhatsApp,3.7
CMD-104291,2024-07-28,Tchad,Sarh,Instagram,Particulier,Alimentation,Huile 5L,4,8628,0,34512,25431,9081,Espèces,Black Friday,3.1
CMD-104292,2025-10-17,RDC,Kinshasa,Facebook,Particulier,Téléphones,Tecno Spark 20,4,79717,10,286982,211531,75451,Espèces,Campagne Facebook Ads,3.4
CMD-104293,2024-09-08,Tchad,N'Djamena,WhatsApp Business,PME,Alimentation,Lait en poudre,13,6489,0,84357,49613,34744,Virement bancaire,Black Friday,3.0
CMD-104294,2025-03-23,Gabon,Port-Gentil,Site web,PME,Mode,Sac à main,10,33205,5,315448,238692,76756,Mobile Money,Promo rentrée,4.3
CMD-104295,2024-12-27,RDC,Lubumbashi,Boutique physique,Particulier,Alimentation,Boisson gazeuse,14,3348,15,39842,29572,10270,Virement bancaire,Promo WhatsApp,4.0
CMD-104296,2024-07-01,RCA,Bangui,Facebook,Grande entreprise,Informatique,Imprimante Canon,12,108492,0,1301904,738823,563081,Virement bancaire,Soldes Ramadan,4.2
CMD-104297,2024-10-20,Cameroun,Garoua,Instagram,PME,Alimentation,Lait en poudre,6,6293,0,37758,30465,7293,Virement bancaire,Promo rentrée,3.5
CMD-104298,2025-07-23,RCA,Bangui,WhatsApp Business,Particulier,Mode,Montre connectée,12,54216,10,585533,422592,162941,Virement bancaire,Fête de fin d'année,3.3
CMD-104299,2025-10-14,Guinée équatoriale,Bata,Instagram,PME,Téléphones,iPhone 13,15,499454,0,7491810,4141689,3350121,Mobile Money,Campagne Facebook Ads,3.0
CMD-104300,2024-05-13,Guinée équatoriale,Bata,Revendeur,Particulier,Mode,Montre connectée,13,53914,5,665838,490938,174900,Espèces,Promo rentrée,4.7
CMD-104301,2025-06-09,Gabon,Port-Gentil,Boutique physique,Particulier,Électroménager,Ventilateur Binatone,11,29360,0,322960,187831,135129,Mobile Money,Promo WhatsApp,4.0
CMD-104302,2024-12-13,Gabon,Libreville,Facebook,Grande entreprise,Téléphones,Samsung Galaxy A15,7,100031,10,630196,463005,167191,Carte bancaire,Campagne Facebook Ads,3.7
CMD-104303,2025-06-12,Tchad,Sarh,WhatsApp Business,Particulier,Électroménager,Mixeur Moulinex,14,33760,0,472640,305372,167268,Carte bancaire,Promo rentrée,3.7
CMD-104304,2026-03-17,Gabon,Franceville,Revendeur,Particulier,Alimentation,Boisson gazeuse,5,3820,0,19100,13712,5388,Virement bancaire,Promo WhatsApp,4.1
CMD-104305,2026-04-10,Tchad,Sarh,Boutique physique,PME,Électroménager,Mixeur Moulinex,1,33586,0,33586,21345,12241,Mobile Money,Fête de fin d'année,3.7
CMD-104306,2024-03-03,RCA,Berbérati,Boutique physique,Grande entreprise,Alimentation,Boisson gazeuse,12,3207,5,36560,28224,8336,Mobile Money,Campagne Facebook Ads,3.8
CMD-104307,2025-07-17,Cameroun,Bafoussam,Boutique physique,Grande entreprise,Informatique,HP EliteBook,12,418657,15,4270302,2479037,1791265,Virement bancaire,Aucune campagne,4.7
CMD-104308,2025-11-29,Guinée équatoriale,Malabo,Site web,Grande entreprise,Alimentation,Huile 5L,2,9204,0,18408,12834,5574,Virement bancaire,Black Friday,4.2
CMD-104309,2025-01-08,Tchad,Sarh,Site web,PME,Électroménager,Réfrigérateur LG,13,445384,10,5210993,3269702,1941291,Mobile Money,Fête de fin d'année,3.3
CMD-104310,2025-04-16,RDC,Kinshasa,Revendeur,Grande entreprise,Alimentation,Huile 5L,12,8803,0,105636,62371,43265,Espèces,Soldes Ramadan,3.1
CMD-104311,2024-07-10,Tchad,Sarh,Boutique physique,Grande entreprise,Mode,Chemise homme,5,18959,10,85316,48489,36827,Carte bancaire,Aucune campagne,3.5
CMD-104312,2023-04-16,Guinée équatoriale,Bata,Facebook,PME,Informatique,Imprimante Canon,8,110081,0,880648,699417,181231,Virement bancaire,Fête de fin d'année,4.4
CMD-104313,2023-04-07,Tchad,Moundou,Instagram,Particulier,Téléphones,iPhone 13,7,517473,0,3622311,2019116,1603195,Espèces,Fête de fin d'année,4.7
CMD-104314,2024-03-28,RCA,Berbérati,Boutique physique,PME,Téléphones,iPhone 13,1,579678,0,579678,450302,129376,Virement bancaire,Soldes Ramadan,4.8
CMD-104315,2024-12-15,Gabon,Port-Gentil,Site web,PME,Mode,Chaussures Nike,14,63048,0,882672,492403,390269,Espèces,Soldes Ramadan,4.2
CMD-104316,2025-09-02,RDC,Matadi,WhatsApp Business,Grande entreprise,Informatique,Clé USB 64GB,9,10105,0,90945,70304,20641,Mobile Money,Aucune campagne,4.1
CMD-104317,2023-03-27,Gabon,Port-Gentil,Facebook,Particulier,Informatique,Dell Latitude,8,393956,10,2836484,2205932,630552,Mobile Money,Soldes Ramadan,4.4
CMD-104318,2024-07-11,Guinée équatoriale,Bata,Facebook,Particulier,Téléphones,Samsung Galaxy A15,1,88779,5,84341,67030,17311,Espèces,Soldes Ramadan,4.0
CMD-104319,2023-09-25,RCA,Bangui,Instagram,Grande entreprise,Électroménager,Réfrigérateur LG,2,385798,15,655857,463585,192272,Carte bancaire,Black Friday,3.9
CMD-104320,2026-01-05,RDC,Matadi,Facebook,PME,Électroménager,Réfrigérateur LG,13,401016,0,5213208,2877731,2335477,Carte bancaire,Black Friday,3.5
CMD-104321,2024-01-06,RDC,Kinshasa,Facebook,Grande entreprise,Électroménager,Télévision Hisense 43,7,219469,0,1536283,1150995,385288,Carte bancaire,Campagne Facebook Ads,4.0
CMD-104322,2025-12-24,Gabon,Port-Gentil,Revendeur,PME,Informatique,Clé USB 64GB,15,10141,5,144510,95631,48879,Mobile Money,Promo rentrée,3.1
CMD-104323,2024-11-01,Congo,Dolisie,Facebook,Particulier,Alimentation,Boisson gazeuse,15,3920,0,58800,40984,17816,Mobile Money,Campagne Facebook Ads,3.9
CMD-104324,2025-09-11,Gabon,Port-Gentil,Revendeur,PME,Électroménager,Télévision Hisense 43,8,238076,10,1714148,1236998,477150,Mobile Money,Campagne Facebook Ads,3.9
CMD-104325,2023-08-22,Gabon,Franceville,Facebook,PME,Alimentation,Riz 25kg,6,25618,15,130652,106520,24132,Virement bancaire,Promo rentrée,4.9
CMD-104326,2025-04-12,Tchad,Sarh,Instagram,Particulier,Alimentation,Boisson gazeuse,5,3246,0,16230,9082,7148,Virement bancaire,Promo WhatsApp,4.8
CMD-104327,2024-03-26,RDC,Goma,Instagram,PME,Informatique,Imprimante Canon,11,117975,15,1103067,810693,292374,Virement bancaire,Fête de fin d'année,4.0
CMD-104328,2023-09-29,Tchad,Sarh,Site web,Particulier,Informatique,HP EliteBook,3,404957,0,1214871,760539,454332,Virement bancaire,Black Friday,3.5
CMD-104329,2025-12-14,Cameroun,Bafoussam,Boutique physique,PME,Mode,Chemise homme,9,20008,10,162065,117413,44652,Virement bancaire,Black Friday,4.3
CMD-104330,2025-02-05,Tchad,Sarh,WhatsApp Business,Particulier,Électroménager,Ventilateur Binatone,4,30186,10,108670,87362,21308,Espèces,Promo rentrée,4.5
CMD-104331,2023-01-10,RCA,Bangui,Site web,PME,Téléphones,Tecno Spark 20,6,85658,0,513948,413977,99971,Virement bancaire,Black Friday,3.3
CMD-104332,2023-08-14,Gabon,Port-Gentil,Instagram,Particulier,Mode,Sac à main,8,30166,0,241328,147499,93829,Virement bancaire,Aucune campagne,4.0
CMD-104333,2023-09-04,Cameroun,Yaoundé,Revendeur,PME,Informatique,Imprimante Canon,11,136410,0,1500510,1093290,407220,Virement bancaire,Fête de fin d'année,3.4
CMD-104334,2025-09-03,Congo,Nkayi,Revendeur,PME,Informatique,Clé USB 64GB,5,8162,5,38770,23367,15403,Mobile Money,Soldes Ramadan,3.3
CMD-104335,2023-04-24,RDC,Goma,Site web,Particulier,Mode,Chemise homme,8,18382,10,132351,101738,30613,Espèces,Fête de fin d'année,3.8
CMD-104336,2024-10-03,Cameroun,Garoua,Revendeur,Particulier,Téléphones,Samsung Galaxy A15,9,86392,0,777528,482370,295158,Espèces,Promo rentrée,3.2
CMD-104337,2025-05-22,Gabon,Libreville,Boutique physique,Grande entreprise,Alimentation,Lait en poudre,4,6355,0,25420,14022,11398,Virement bancaire,Promo rentrée,4.7
CMD-104338,2025-10-05,Guinée équatoriale,Bata,Facebook,Particulier,Informatique,HP EliteBook,5,371064,0,1855320,1521027,334293,Mobile Money,Promo rentrée,4.4
CMD-104339,2024-09-03,Guinée équatoriale,Bata,Facebook,PME,Mode,Chaussures Nike,5,55486,15,235816,136650,99166,Carte bancaire,Black Friday,5.0
CMD-104340,2023-05-27,RDC,Matadi,Site web,Particulier,Alimentation,Boisson gazeuse,1,3783,0,3783,2286,1497,Mobile Money,Aucune campagne,4.3
CMD-104341,2024-12-07,Congo,Nkayi,Site web,PME,Téléphones,iPhone 13,8,551505,15,3750234,3031707,718527,Mobile Money,Fête de fin d'année,3.2
CMD-104342,2024-03-11,Tchad,Sarh,Boutique physique,PME,Informatique,Imprimante Canon,9,131244,10,1063077,724285,338792,Carte bancaire,Aucune campagne,3.8
CMD-104343,2023-05-21,RDC,Matadi,Site web,PME,Téléphones,Samsung Galaxy A15,9,91609,10,742033,512015,230018,Carte bancaire,Campagne Facebook Ads,3.8
CMD-104344,2023-02-05,RDC,Lubumbashi,Revendeur,PME,Électroménager,Réfrigérateur LG,14,440423,0,6165922,4149864,2016058,Espèces,Fête de fin d'année,4.6
CMD-104345,2025-01-02,Gabon,Libreville,Boutique physique,Grande entreprise,Électroménager,Réfrigérateur LG,11,378719,15,3541023,1950029,1590994,Mobile Money,Aucune campagne,4.4
CMD-104346,2025-02-12,Congo,Nkayi,WhatsApp Business,PME,Électroménager,Mixeur Moulinex,1,31749,5,30162,21786,8376,Carte bancaire,Black Friday,3.5
CMD-104347,2024-03-01,Cameroun,Bafoussam,Revendeur,PME,Électroménager,Ventilateur Binatone,10,31199,0,311990,193641,118349,Mobile Money,Fête de fin d'année,3.3
CMD-104348,2023-12-03,Tchad,N'Djamena,Revendeur,PME,Informatique,Clé USB 64GB,4,8902,0,35608,27692,7916,Espèces,Aucune campagne,3.8
CMD-104349,2025-01-26,Cameroun,Douala,Revendeur,Grande entreprise,Informatique,Dell Latitude,10,427164,0,4271640,3236169,1035471,Espèces,Campagne Facebook Ads,3.2
CMD-104350,2023-05-07,Tchad,Sarh,Site web,Grande entreprise,Mode,Chemise homme,3,18093,15,46138,30107,16031,Virement bancaire,Black Friday,4.4
CMD-104351,2025-03-03,RDC,Goma,Boutique physique,Grande entreprise,Téléphones,iPhone 13,2,501587,15,852698,524781,327917,Mobile Money,Soldes Ramadan,3.6
CMD-104352,2023-11-17,Cameroun,Bafoussam,Facebook,Particulier,Informatique,Clé USB 64GB,5,9713,15,41281,33605,7676,Virement bancaire,Promo rentrée,4.4
CMD-104353,2025-08-05,Congo,Nkayi,Site web,Particulier,Électroménager,Mixeur Moulinex,3,33156,0,99468,60176,39292,Espèces,Aucune campagne,4.2
CMD-104354,2025-09-22,Gabon,Port-Gentil,Site web,PME,Alimentation,Huile 5L,3,9324,15,23777,16175,7602,Virement bancaire,Promo WhatsApp,3.6
CMD-104355,2024-11-13,Gabon,Port-Gentil,WhatsApp Business,Grande entreprise,Informatique,Imprimante Canon,2,112871,10,203168,148670,54498,Carte bancaire,Promo WhatsApp,5.0
CMD-104356,2023-01-07,RDC,Matadi,WhatsApp Business,Grande entreprise,Mode,Chemise homme,13,18243,0,237159,135578,101581,Mobile Money,Black Friday,3.2
CMD-104357,2024-09-09,Cameroun,Bafoussam,Site web,Particulier,Informatique,Dell Latitude,11,459588,0,5055468,3024229,2031239,Espèces,Fête de fin d'année,3.6
CMD-104358,2025-05-20,RCA,Berbérati,WhatsApp Business,Grande entreprise,Mode,Chemise homme,10,18479,15,157072,113052,44020,Carte bancaire,Fête de fin d'année,4.8
CMD-104359,2024-05-24,Cameroun,Garoua,Facebook,Particulier,Informatique,Dell Latitude,1,443441,0,443441,356226,87215,Mobile Money,Fête de fin d'année,4.9
CMD-104360,2025-06-04,Congo,Nkayi,Revendeur,Grande entreprise,Électroménager,Télévision Hisense 43,13,228837,0,2974881,2391471,583410,Carte bancaire,Soldes Ramadan,4.9
CMD-104361,2023-02-05,Gabon,Port-Gentil,Revendeur,Particulier,Téléphones,iPhone 13,8,569337,5,4326962,3421307,905655,Mobile Money,Campagne Facebook Ads,4.1
CMD-104362,2024-11-23,Cameroun,Douala,Boutique physique,Particulier,Électroménager,Mixeur Moulinex,15,32397,0,485955,294782,191173,Mobile Money,Campagne Facebook Ads,4.9
CMD-104363,2024-06-15,Guinée équatoriale,Bata,WhatsApp Business,Particulier,Alimentation,Huile 5L,3,9003,10,24309,15700,8609,Virement bancaire,Campagne Facebook Ads,3.2
CMD-104364,2025-08-30,Cameroun,Yaoundé,Revendeur,Particulier,Mode,Sac à main,2,31159,0,62318,37689,24629,Espèces,Fête de fin d'année,3.2
CMD-104365,2023-06-10,Congo,Nkayi,Revendeur,PME,Mode,Montre connectée,8,49805,0,398440,301523,96917,Mobile Money,Black Friday,4.4
CMD-104366,2025-03-16,Cameroun,Bafoussam,Facebook,PME,Alimentation,Boisson gazeuse,3,3321,0,9963,7379,2584,Virement bancaire,Aucune campagne,3.4
CMD-104367,2024-01-21,RCA,Bangui,Facebook,PME,Électroménager,Mixeur Moulinex,12,34885,15,355827,249758,106069,Mobile Money,Aucune campagne,3.2
CMD-104368,2024-11-24,RDC,Lubumbashi,Site web,Grande entreprise,Électroménager,Mixeur Moulinex,12,36296,0,435552,274043,161509,Virement bancaire,Promo WhatsApp,3.3
CMD-104369,2024-08-05,RCA,Bangui,Revendeur,Grande entreprise,Mode,Chaussures Nike,15,52004,0,780060,498479,281581,Carte bancaire,Promo rentrée,3.0
CMD-104370,2025-02-03,Tchad,Sarh,Revendeur,Grande entreprise,Alimentation,Lait en poudre,9,6836,0,61524,43800,17724,Virement bancaire,Promo WhatsApp,3.0
CMD-104371,2023-09-10,Tchad,Moundou,Revendeur,Grande entreprise,Alimentation,Huile 5L,11,9795,0,107745,88309,19436,Espèces,Aucune campagne,4.8
CMD-104372,2023-01-18,Guinée équatoriale,Bata,Facebook,Particulier,Informatique,Clé USB 64GB,2,8489,15,14432,8262,6170,Espèces,Fête de fin d'année,3.1
CMD-104373,2024-02-23,Congo,Nkayi,Instagram,Particulier,Informatique,Clé USB 64GB,15,8589,5,122394,74280,48114,Carte bancaire,Aucune campagne,3.4
CMD-104374,2026-01-09,Guinée équatoriale,Bata,Facebook,Particulier,Mode,Montre connectée,9,48393,10,391984,254642,137342,Mobile Money,Promo rentrée,4.7
CMD-104375,2023-06-22,RDC,Lubumbashi,Site web,PME,Téléphones,Samsung Galaxy A15,12,101442,5,1156439,746739,409700,Virement bancaire,Black Friday,3.6
CMD-104376,2025-06-17,Guinée équatoriale,Bata,Revendeur,Particulier,Informatique,Imprimante Canon,12,114028,0,1368336,878165,490171,Carte bancaire,Soldes Ramadan,4.0
CMD-104377,2026-01-22,Congo,Brazzaville,Facebook,Grande entreprise,Mode,Chemise homme,10,18064,10,162576,129830,32746,Virement bancaire,Aucune campagne,5.0
CMD-104378,2024-06-20,RDC,Lubumbashi,Facebook,Particulier,Informatique,Imprimante Canon,4,115675,0,462700,278014,184686,Mobile Money,Black Friday,4.1
CMD-104379,2023-01-11,Gabon,Franceville,Site web,Particulier,Alimentation,Lait en poudre,1,6539,15,5559,4511,1048,Mobile Money,Soldes Ramadan,4.5
CMD-104380,2024-08-20,Gabon,Libreville,Boutique physique,Grande entreprise,Alimentation,Riz 25kg,6,22344,0,134064,100707,33357,Espèces,Promo rentrée,3.0
CMD-104381,2025-04-02,RCA,Bangui,Instagram,PME,Électroménager,Télévision Hisense 43,8,243181,15,1653631,981624,672007,Mobile Money,Black Friday,4.8
CMD-104382,2026-03-23,Cameroun,Bafoussam,WhatsApp Business,PME,Informatique,Clé USB 64GB,3,8820,0,26460,19477,6983,Espèces,Black Friday,4.5
CMD-104383,2023-06-21,Tchad,Sarh,Revendeur,Grande entreprise,Mode,Chaussures Nike,14,53476,0,748664,417054,331610,Espèces,Black Friday,3.9
CMD-104384,2025-06-04,Gabon,Franceville,WhatsApp Business,Particulier,Électroménager,Ventilateur Binatone,9,29759,15,227657,136628,91029,Mobile Money,Aucune campagne,4.0
CMD-104385,2024-06-15,RCA,Bangui,Site web,Particulier,Électroménager,Mixeur Moulinex,5,38354,5,182182,119374,62808,Virement bancaire,Promo rentrée,4.8
CMD-104386,2024-05-20,Cameroun,Douala,Boutique physique,Grande entreprise,Alimentation,Lait en poudre,10,6997,10,62973,42036,20937,Espèces,Aucune campagne,3.7
CMD-104387,2023-10-05,Congo,Pointe-Noire,Facebook,Particulier,Mode,Chemise homme,11,17159,0,188749,126228,62521,Carte bancaire,Promo WhatsApp,4.3
CMD-104388,2025-09-07,Tchad,Moundou,Site web,PME,Téléphones,Redmi Note 13,1,136793,15,116275,71349,44926,Carte bancaire,Campagne Facebook Ads,4.8
CMD-104389,2024-04-16,Gabon,Libreville,Boutique physique,Particulier,Mode,Chaussures Nike,8,51402,15,349534,203083,146451,Carte bancaire,Campagne Facebook Ads,3.5
CMD-104390,2023-05-18,Cameroun,Garoua,WhatsApp Business,Particulier,Mode,Montre connectée,5,48540,0,242700,193522,49178,Mobile Money,Fête de fin d'année,3.4
CMD-104391,2024-09-08,Congo,Nkayi,Instagram,Grande entreprise,Alimentation,Huile 5L,10,9240,10,83160,62590,20570,Virement bancaire,Black Friday,3.3
CMD-104392,2024-02-27,Congo,Dolisie,Revendeur,PME,Informatique,Dell Latitude,1,440265,10,396239,221071,175168,Mobile Money,Black Friday,4.3
CMD-104393,2025-10-13,Congo,Dolisie,Instagram,PME,Mode,Chemise homme,4,20064,15,68218,44503,23715,Virement bancaire,Soldes Ramadan,3.2
CMD-104394,2023-10-05,Cameroun,Garoua,Facebook,Grande entreprise,Téléphones,iPhone 13,6,489939,10,2645671,1994343,651328,Carte bancaire,Campagne Facebook Ads,3.4
CMD-104395,2026-03-09,Gabon,Franceville,Facebook,Grande entreprise,Informatique,Dell Latitude,14,453252,5,6028252,4556195,1472057,Virement bancaire,Fête de fin d'année,3.4
CMD-104396,2025-10-13,RDC,Matadi,Revendeur,PME,Informatique,Dell Latitude,11,401226,0,4413486,2569562,1843924,Espèces,Promo rentrée,3.0
CMD-104397,2024-10-24,RDC,Goma,WhatsApp Business,PME,Téléphones,Tecno Spark 20,4,96254,15,327264,236604,90660,Espèces,Promo WhatsApp,3.6
CMD-104398,2023-10-18,Tchad,N'Djamena,Boutique physique,Particulier,Téléphones,Redmi Note 13,15,137690,0,2065350,1358933,706417,Espèces,Aucune campagne,4.0
CMD-104399,2025-03-23,Congo,Dolisie,Instagram,PME,Téléphones,Samsung Galaxy A15,11,93723,5,979406,789506,189900,Carte bancaire,Promo WhatsApp,3.4
CMD-104400,2025-09-23,Cameroun,Douala,Revendeur,PME,Électroménager,Ventilateur Binatone,5,29989,0,149945,90676,59269,Virement bancaire,Promo WhatsApp,3.8
CMD-104401,2025-11-18,RCA,Berbérati,WhatsApp Business,Particulier,Mode,Montre connectée,11,53466,0,588126,384827,203299,Mobile Money,Soldes Ramadan,3.8
CMD-104402,2026-01-31,Cameroun,Yaoundé,Boutique physique,PME,Électroménager,Mixeur Moulinex,8,36881,10,265544,198864,66680,Mobile Money,Black Friday,4.9
CMD-104403,2024-08-02,RCA,Berbérati,Site web,PME,Mode,Chaussures Nike,10,57291,0,572910,360981,211929,Mobile Money,Fête de fin d'année,4.2
CMD-104404,2024-03-03,RCA,Berbérati,Site web,PME,Informatique,Clé USB 64GB,2,10293,15,17499,9821,7678,Carte bancaire,Promo WhatsApp,4.1
CMD-104405,2024-10-03,Congo,Nkayi,Boutique physique,PME,Alimentation,Huile 5L,14,8924,10,112443,75761,36682,Mobile Money,Campagne Facebook Ads,4.4
CMD-104406,2024-01-25,Congo,Nkayi,Facebook,PME,Mode,Chaussures Nike,11,62364,10,617404,367864,249540,Mobile Money,Aucune campagne,3.3
CMD-104407,2024-03-31,Tchad,Moundou,Revendeur,PME,Téléphones,Redmi Note 13,10,126522,0,1265220,973925,291295,Mobile Money,Promo rentrée,3.6
CMD-104408,2024-04-24,Cameroun,Douala,Revendeur,PME,Électroménager,Ventilateur Binatone,4,25371,15,86262,50680,35582,Espèces,Soldes Ramadan,4.7
CMD-104409,2024-02-24,Guinée équatoriale,Malabo,Revendeur,Grande entreprise,Électroménager,Mixeur Moulinex,1,35566,0,35566,21453,14113,Carte bancaire,Black Friday,3.5
CMD-104410,2026-04-08,Cameroun,Garoua,Revendeur,PME,Téléphones,Samsung Galaxy A15,12,88349,0,1060188,762432,297756,Carte bancaire,Aucune campagne,4.0
CMD-104411,2025-06-15,Guinée équatoriale,Bata,WhatsApp Business,Particulier,Alimentation,Huile 5L,8,9859,5,74929,49101,25828,Virement bancaire,Promo rentrée,4.9
CMD-104412,2024-09-15,RCA,Berbérati,Facebook,Grande entreprise,Électroménager,Mixeur Moulinex,10,38240,5,363280,232077,131203,Virement bancaire,Fête de fin d'année,3.5
CMD-104413,2023-05-13,RDC,Goma,Revendeur,Grande entreprise,Électroménager,Réfrigérateur LG,15,420307,0,6304605,4118000,2186605,Espèces,Campagne Facebook Ads,3.6
CMD-104414,2023-05-09,Tchad,Sarh,Boutique physique,Grande entreprise,Téléphones,Redmi Note 13,3,127762,10,344958,237593,107365,Espèces,Black Friday,3.4
CMD-104415,2023-08-26,RCA,Bangui,Boutique physique,Grande entreprise,Alimentation,Riz 25kg,5,26990,10,121455,89934,31521,Virement bancaire,Aucune campagne,4.5
CMD-104416,2024-07-26,RDC,Lubumbashi,Facebook,Particulier,Électroménager,Réfrigérateur LG,11,413448,0,4547928,3727681,820247,Espèces,Fête de fin d'année,4.1
CMD-104417,2023-01-13,Cameroun,Yaoundé,Site web,PME,Mode,Chaussures Nike,14,61056,0,854784,601770,253014,Espèces,Campagne Facebook Ads,3.3
CMD-104418,2024-01-02,Congo,Nkayi,Boutique physique,Grande entreprise,Téléphones,Redmi Note 13,10,133458,15,1134393,918429,215964,Espèces,Campagne Facebook Ads,3.5
CMD-104419,2024-10-17,Congo,Nkayi,Revendeur,PME,Électroménager,Mixeur Moulinex,4,35926,0,143704,98049,45655,Mobile Money,Promo rentrée,4.0
CMD-104420,2024-07-02,Cameroun,Bafoussam,Facebook,Particulier,Mode,Sac à main,3,32115,15,81894,52440,29454,Espèces,Campagne Facebook Ads,3.2
CMD-104421,2025-11-24,Tchad,N'Djamena,Boutique physique,PME,Alimentation,Boisson gazeuse,2,3852,0,7704,4892,2812,Espèces,Campagne Facebook Ads,3.1
CMD-104422,2024-01-25,Guinée équatoriale,Bata,Site web,Particulier,Mode,Montre connectée,14,49205,5,654427,378733,275694,Mobile Money,Campagne Facebook Ads,3.3
CMD-104423,2023-09-05,Congo,Brazzaville,Site web,PME,Alimentation,Riz 25kg,6,24728,15,126113,98715,27398,Mobile Money,Promo rentrée,4.7
CMD-104424,2025-01-29,Guinée équatoriale,Malabo,Facebook,Grande entreprise,Téléphones,iPhone 13,7,473933,0,3317531,2510687,806844,Virement bancaire,Aucune campagne,3.5
CMD-104425,2024-11-20,Cameroun,Douala,Boutique physique,PME,Téléphones,iPhone 13,1,537920,0,537920,396542,141378,Virement bancaire,Campagne Facebook Ads,3.9
CMD-104426,2025-08-06,RDC,Matadi,Revendeur,Grande entreprise,Téléphones,Tecno Spark 20,8,78520,10,565344,399931,165413,Espèces,Campagne Facebook Ads,4.1
CMD-104427,2025-10-18,RDC,Matadi,Instagram,Grande entreprise,Téléphones,Samsung Galaxy A15,14,100122,10,1261538,772033,489505,Mobile Money,Fête de fin d'année,4.3
CMD-104428,2024-01-14,Congo,Pointe-Noire,WhatsApp Business,Particulier,Informatique,Clé USB 64GB,4,10330,15,35122,24577,10545,Carte bancaire,Promo rentrée,5.0
CMD-104429,2024-09-08,RCA,Bangui,Boutique physique,PME,Informatique,Dell Latitude,5,444052,0,2220260,1719307,500953,Espèces,Fête de fin d'année,4.5
CMD-104430,2024-09-07,RDC,Matadi,Boutique physique,Particulier,Alimentation,Boisson gazeuse,3,3846,10,10385,6868,3517,Mobile Money,Aucune campagne,4.2
CMD-104431,2023-08-01,RDC,Matadi,Boutique physique,Grande entreprise,Alimentation,Huile 5L,4,9207,0,36828,20863,15965,Mobile Money,Black Friday,4.2
CMD-104432,2023-01-09,RCA,Bangui,Boutique physique,PME,Électroménager,Réfrigérateur LG,8,459486,5,3492094,1987156,1504938,Virement bancaire,Aucune campagne,3.8
CMD-104433,2023-03-05,RCA,Berbérati,Site web,PME,Mode,Chemise homme,13,19305,15,213321,169835,43486,Carte bancaire,Aucune campagne,4.9
CMD-104434,2024-04-08,Gabon,Franceville,Facebook,PME,Téléphones,Samsung Galaxy A15,9,94744,5,810062,577719,232343,Mobile Money,Fête de fin d'année,4.6
CMD-104435,2024-03-31,Gabon,Port-Gentil,Instagram,Particulier,Électroménager,Télévision Hisense 43,8,250472,0,2003776,1146949,856827,Virement bancaire,Black Friday,4.6
CMD-104436,2024-08-26,Congo,Pointe-Noire,Instagram,Grande entreprise,Mode,Chaussures Nike,11,62817,10,621889,455718,166171,Carte bancaire,Campagne Facebook Ads,4.9
CMD-104437,2025-05-17,Cameroun,Douala,Site web,PME,Alimentation,Riz 25kg,2,24233,15,41197,31577,9620,Carte bancaire,Campagne Facebook Ads,5.0
CMD-104438,2025-11-17,RDC,Lubumbashi,Revendeur,Grande entreprise,Téléphones,iPhone 13,13,540120,0,7021560,5458717,1562843,Mobile Money,Campagne Facebook Ads,4.9
CMD-104439,2023-06-30,Guinée équatoriale,Bata,WhatsApp Business,PME,Mode,Chaussures Nike,13,61385,0,798005,588397,209608,Espèces,Promo WhatsApp,4.7
CMD-104440,2025-07-26,Gabon,Port-Gentil,Instagram,Particulier,Informatique,HP EliteBook,11,382696,5,3999174,2620395,1378779,Mobile Money,Campagne Facebook Ads,3.2
CMD-104441,2024-11-22,Congo,Brazzaville,Site web,Particulier,Téléphones,Redmi Note 13,1,129659,15,110211,80170,30041,Espèces,Aucune campagne,4.3
CMD-104442,2024-11-25,RDC,Matadi,Instagram,PME,Alimentation,Huile 5L,13,10801,5,133393,79936,53457,Mobile Money,Fête de fin d'année,3.3
CMD-104443,2024-06-12,Congo,Brazzaville,Site web,PME,Électroménager,Télévision Hisense 43,14,254428,15,3027694,2084813,942881,Mobile Money,Aucune campagne,4.1
CMD-104444,2025-10-12,RDC,Lubumbashi,WhatsApp Business,Particulier,Téléphones,iPhone 13,4,504433,0,2017732,1197491,820241,Mobile Money,Soldes Ramadan,4.1
CMD-104445,2024-03-20,RCA,Bangui,Boutique physique,PME,Téléphones,Tecno Spark 20,4,95646,10,344326,241928,102398,Mobile Money,Promo rentrée,3.0
CMD-104446,2026-03-07,Cameroun,Bafoussam,Boutique physique,Particulier,Mode,Chemise homme,9,17591,15,134572,107437,27135,Espèces,Promo rentrée,4.3
CMD-104447,2023-03-18,Gabon,Port-Gentil,Site web,Particulier,Informatique,HP EliteBook,3,421238,5,1200529,838007,362522,Espèces,Aucune campagne,4.3
CMD-104448,2023-05-20,Congo,Brazzaville,Site web,Particulier,Mode,Chaussures Nike,5,54875,5,260657,185913,74744,Carte bancaire,Campagne Facebook Ads,4.6
CMD-104449,2025-04-29,Tchad,Moundou,Revendeur,Particulier,Informatique,Dell Latitude,7,391973,10,2469430,1964517,504913,Virement bancaire,Promo WhatsApp,3.2
CMD-104450,2025-04-21,RCA,Berbérati,Revendeur,Grande entreprise,Téléphones,Redmi Note 13,15,150827,0,2262405,1357461,904944,Espèces,Soldes Ramadan,4.4
CMD-104451,2025-08-04,Guinée équatoriale,Malabo,Site web,Grande entreprise,Mode,Chaussures Nike,6,61250,15,312375,217372,95003,Mobile Money,Soldes Ramadan,4.9
CMD-104452,2025-08-25,RCA,Berbérati,Boutique physique,Grande entreprise,Téléphones,Tecno Spark 20,5,83467,0,417335,319106,98229,Virement bancaire,Fête de fin d'année,3.1
CMD-104453,2026-01-04,Gabon,Libreville,Instagram,PME,Informatique,Clé USB 64GB,3,8697,10,23482,13424,10058,Espèces,Campagne Facebook Ads,4.1
CMD-104454,2025-06-16,Congo,Pointe-Noire,Revendeur,Particulier,Électroménager,Réfrigérateur LG,15,438584,10,5920884,3993939,1926945,Espèces,Black Friday,4.8
CMD-104455,2024-09-26,Congo,Pointe-Noire,Revendeur,Particulier,Électroménager,Télévision Hisense 43,14,242846,15,2889868,2205632,684236,Mobile Money,Fête de fin d'année,3.4
CMD-104456,2024-02-06,Congo,Dolisie,Instagram,Particulier,Mode,Sac à main,5,32598,5,154841,113897,40944,Carte bancaire,Promo WhatsApp,4.6
CMD-104457,2024-05-10,RCA,Bangui,Facebook,PME,Mode,Sac à main,4,29179,15,99209,69845,29364,Virement bancaire,Soldes Ramadan,3.6
CMD-104458,2023-03-28,Tchad,Moundou,Site web,PME,Électroménager,Mixeur Moulinex,14,32049,15,381384,306726,74658,Espèces,Aucune campagne,4.7
CMD-104459,2025-08-25,RDC,Matadi,Boutique physique,Grande entreprise,Téléphones,Redmi Note 13,8,154076,15,1047717,629480,418237,Mobile Money,Soldes Ramadan,4.1
CMD-104460,2025-02-01,Guinée équatoriale,Bata,Boutique physique,Particulier,Mode,Montre connectée,7,44017,0,308119,219105,89014,Espèces,Promo WhatsApp,3.2
CMD-104461,2023-03-10,RCA,Bangui,Boutique physique,PME,Informatique,Clé USB 64GB,12,8995,0,107940,61020,46920,Virement bancaire,Campagne Facebook Ads,3.3
CMD-104462,2023-05-31,Guinée équatoriale,Bata,Instagram,Grande entreprise,Informatique,HP EliteBook,1,418394,0,418394,263759,154635,Carte bancaire,Promo rentrée,3.7
CMD-104463,2024-01-19,Gabon,Franceville,Boutique physique,PME,Mode,Sac à main,8,31783,0,254264,194899,59365,Espèces,Aucune campagne,3.0
CMD-104464,2023-03-01,Tchad,N'Djamena,WhatsApp Business,Grande entreprise,Alimentation,Huile 5L,10,10213,0,102130,61517,40613,Virement bancaire,Soldes Ramadan,3.2
CMD-104465,2024-07-25,RDC,Kinshasa,Site web,Particulier,Mode,Sac à main,1,34174,0,34174,20204,13970,Carte bancaire,Black Friday,4.0
CMD-104466,2025-02-08,RCA,Berbérati,Site web,PME,Mode,Chemise homme,7,18411,10,115990,92731,23259,Carte bancaire,Campagne Facebook Ads,3.8
CMD-104467,2026-02-24,Cameroun,Garoua,Site web,Grande entreprise,Téléphones,iPhone 13,9,504779,5,4315861,3130617,1185244,Mobile Money,Promo WhatsApp,4.2
CMD-104468,2025-06-18,RDC,Goma,Instagram,PME,Mode,Chemise homme,7,19769,10,124545,79891,44654,Espèces,Promo rentrée,4.1
CMD-104469,2023-09-18,Guinée équatoriale,Malabo,Site web,Grande entreprise,Informatique,Dell Latitude,8,437621,0,3500968,2290326,1210642,Espèces,Promo rentrée,4.7
CMD-104470,2023-06-27,RDC,Goma,Instagram,Grande entreprise,Électroménager,Mixeur Moulinex,11,36062,0,396682,253116,143566,Virement bancaire,Black Friday,4.1
CMD-104471,2025-06-22,Gabon,Franceville,Instagram,Particulier,Téléphones,iPhone 13,5,540772,5,2568667,1874067,694600,Virement bancaire,Soldes Ramadan,3.6
CMD-104472,2024-01-02,RCA,Bangui,Site web,PME,Téléphones,Tecno Spark 20,2,87632,5,166501,129902,36599,Mobile Money,Campagne Facebook Ads,4.0
CMD-104473,2023-03-04,RDC,Matadi,Facebook,PME,Mode,Chemise homme,12,20337,0,244044,156002,88042,Espèces,Promo WhatsApp,4.3
CMD-104474,2025-12-24,Cameroun,Yaoundé,Facebook,Particulier,Téléphones,Redmi Note 13,4,135165,5,513627,328322,185305,Espèces,Black Friday,4.4
CMD-104475,2023-09-14,Congo,Brazzaville,Site web,Grande entreprise,Téléphones,iPhone 13,15,477326,0,7159890,5314922,1844968,Virement bancaire,Aucune campagne,4.3
CMD-104476,2025-04-19,Congo,Nkayi,Boutique physique,PME,Alimentation,Lait en poudre,6,7130,15,36363,22488,13875,Mobile Money,Campagne Facebook Ads,4.6
CMD-104477,2024-11-16,Guinée équatoriale,Bata,WhatsApp Business,Particulier,Alimentation,Huile 5L,10,9535,0,95350,55197,40153,Virement bancaire,Fête de fin d'année,3.7
CMD-104478,2025-01-09,Congo,Brazzaville,Site web,PME,Informatique,Clé USB 64GB,15,8941,0,134115,98686,35429,Carte bancaire,Fête de fin d'année,4.4
CMD-104479,2025-08-06,Congo,Nkayi,Boutique physique,Particulier,Alimentation,Huile 5L,3,8563,0,25689,15232,10457,Mobile Money,Aucune campagne,4.4
CMD-104480,2025-12-28,Congo,Pointe-Noire,Revendeur,PME,Électroménager,Réfrigérateur LG,12,407192,10,4397674,2479864,1917810,Espèces,Fête de fin d'année,3.5
CMD-104481,2024-04-13,RDC,Matadi,Boutique physique,Particulier,Électroménager,Télévision Hisense 43,11,244098,0,2685078,1883067,802011,Carte bancaire,Soldes Ramadan,4.8
CMD-104482,2025-11-25,RCA,Bangui,Site web,Grande entreprise,Alimentation,Huile 5L,7,9476,15,56383,46118,10265,Mobile Money,Aucune campagne,3.5
CMD-104483,2025-11-11,Gabon,Port-Gentil,Facebook,PME,Alimentation,Lait en poudre,4,6074,5,23082,18257,4825,Carte bancaire,Promo WhatsApp,3.5
CMD-104484,2025-12-11,Congo,Brazzaville,Site web,Grande entreprise,Mode,Chaussures Nike,11,51474,0,566214,371402,194812,Mobile Money,Aucune campagne,3.6
CMD-104485,2023-04-22,Congo,Nkayi,WhatsApp Business,PME,Mode,Chaussures Nike,10,53582,10,482238,291068,191170,Espèces,Promo WhatsApp,4.6
CMD-104486,2025-03-07,RCA,Berbérati,WhatsApp Business,Particulier,Alimentation,Lait en poudre,3,7452,0,22356,16878,5478,Carte bancaire,Soldes Ramadan,4.8
CMD-104487,2025-07-28,Tchad,Sarh,WhatsApp Business,Grande entreprise,Informatique,Dell Latitude,11,475532,10,4707767,3792807,914960,Mobile Money,Aucune campagne,3.6
CMD-104488,2023-07-17,Tchad,N'Djamena,Revendeur,Grande entreprise,Téléphones,Tecno Spark 20,3,77308,0,231924,148926,82998,Espèces,Promo rentrée,5.0
CMD-104489,2024-11-10,Cameroun,Bafoussam,WhatsApp Business,PME,Alimentation,Boisson gazeuse,1,3434,0,3434,2551,883,Mobile Money,Promo rentrée,3.3
CMD-104490,2024-02-26,Guinée équatoriale,Bata,Revendeur,PME,Mode,Montre connectée,6,44127,0,264762,199297,65465,Mobile Money,Promo WhatsApp,3.4
CMD-104491,2025-12-25,Cameroun,Garoua,Facebook,Grande entreprise,Mode,Chemise homme,4,16923,5,64308,51953,12355,Carte bancaire,Promo rentrée,3.6
CMD-104492,2024-12-25,Guinée équatoriale,Malabo,WhatsApp Business,PME,Électroménager,Mixeur Moulinex,4,40113,10,144407,115750,28657,Virement bancaire,Promo WhatsApp,4.6
CMD-104493,2024-07-22,Cameroun,Douala,Site web,Grande entreprise,Informatique,Imprimante Canon,9,113220,10,917082,609092,307990,Virement bancaire,Aucune campagne,4.5
CMD-104494,2023-06-13,Cameroun,Yaoundé,Facebook,Grande entreprise,Informatique,Dell Latitude,2,473710,15,805307,587577,217730,Carte bancaire,Soldes Ramadan,3.3
CMD-104495,2024-11-06,Tchad,N'Djamena,Revendeur,PME,Électroménager,Réfrigérateur LG,8,435062,0,3480496,2018646,1461850,Virement bancaire,Promo rentrée,3.9
CMD-104496,2024-12-04,RDC,Matadi,Instagram,PME,Alimentation,Huile 5L,14,10549,0,147686,117021,30665,Virement bancaire,Promo rentrée,3.6
CMD-104497,2025-09-23,Congo,Brazzaville,Revendeur,Particulier,Téléphones,iPhone 13,13,566115,5,6991521,5356287,1635234,Carte bancaire,Fête de fin d'année,3.4
CMD-104498,2026-03-17,Cameroun,Bafoussam,Instagram,Grande entreprise,Informatique,Imprimante Canon,10,129756,5,1232682,972869,259813,Espèces,Fête de fin d'année,4.9
CMD-104499,2026-02-10,Tchad,N'Djamena,Site web,Grande entreprise,Téléphones,Samsung Galaxy A15,13,99097,0,1288261,1006596,281665,Virement bancaire,Black Friday,4.4
CMD-104500,2023-05-26,RDC,Lubumbashi,Instagram,PME,Électroménager,Ventilateur Binatone,6,25441,0,152646,104186,48460,Carte bancaire,Promo rentrée,4.2
CMD-104501,2025-11-23,RCA,Bangui,Site web,Particulier,Électroménager,Mixeur Moulinex,9,38335,0,345015,276330,68685,Virement bancaire,Black Friday,4.9
CMD-104502,2026-03-31,RDC,Matadi,Boutique physique,Grande entreprise,Informatique,Clé USB 64GB,1,8952,10,8057,6224,1833,Mobile Money,Aucune campagne,4.4
CMD-104503,2025-04-27,Guinée équatoriale,Bata,Site web,PME,Informatique,Dell Latitude,12,447519,15,4564694,2805982,1758712,Mobile Money,Black Friday,3.3
CMD-104504,2023-10-14,Congo,Pointe-Noire,Boutique physique,PME,Téléphones,Redmi Note 13,1,150026,0,150026,84138,65888,Carte bancaire,Black Friday,3.4
CMD-104505,2023-04-11,RCA,Bangui,Site web,Particulier,Téléphones,Tecno Spark 20,10,91768,5,871796,711551,160245,Espèces,Promo WhatsApp,4.1
CMD-104506,2026-01-03,RDC,Kinshasa,Instagram,PME,Mode,Chaussures Nike,14,61176,0,856464,537193,319271,Mobile Money,Campagne Facebook Ads,3.4
CMD-104507,2025-04-05,Congo,Nkayi,Revendeur,Grande entreprise,Électroménager,Réfrigérateur LG,13,419177,0,5449301,3082875,2366426,Espèces,Promo WhatsApp,4.0
CMD-104508,2023-02-10,RCA,Berbérati,Facebook,Particulier,Téléphones,Tecno Spark 20,8,96648,0,773184,450536,322648,Carte bancaire,Soldes Ramadan,3.5
CMD-104509,2025-08-06,Gabon,Port-Gentil,Boutique physique,Grande entreprise,Téléphones,Redmi Note 13,14,159854,0,2237956,1307400,930556,Espèces,Black Friday,4.6
CMD-104510,2025-06-02,Guinée équatoriale,Bata,Instagram,Grande entreprise,Téléphones,Redmi Note 13,10,154477,15,1313055,985655,327400,Virement bancaire,Promo WhatsApp,4.8
CMD-104511,2025-10-31,RDC,Matadi,Boutique physique,Particulier,Informatique,Clé USB 64GB,10,10028,0,100280,62682,37598,Mobile Money,Campagne Facebook Ads,3.6
CMD-104512,2023-07-19,RCA,Bangui,Instagram,Particulier,Électroménager,Ventilateur Binatone,5,26539,10,119426,74429,44997,Carte bancaire,Black Friday,3.0
CMD-104513,2023-10-17,Cameroun,Yaoundé,WhatsApp Business,Grande entreprise,Informatique,Dell Latitude,4,428492,0,1713968,1239873,474095,Carte bancaire,Fête de fin d'année,4.7
CMD-104514,2025-08-03,Gabon,Libreville,Instagram,PME,Téléphones,iPhone 13,5,483419,5,2296241,1513945,782296,Mobile Money,Promo rentrée,4.1
CMD-104515,2023-09-09,RCA,Bangui,Instagram,Particulier,Téléphones,Samsung Galaxy A15,15,93848,0,1407720,1098249,309471,Espèces,Promo WhatsApp,4.1
CMD-104516,2026-03-29,Tchad,N'Djamena,Boutique physique,Particulier,Alimentation,Huile 5L,11,10817,0,118987,81769,37218,Virement bancaire,Aucune campagne,3.2
CMD-104517,2025-12-12,RCA,Berbérati,Boutique physique,Grande entreprise,Électroménager,Réfrigérateur LG,6,479864,0,2879184,2075911,803273,Virement bancaire,Fête de fin d'année,3.1
CMD-104518,2024-04-02,RDC,Goma,Site web,Particulier,Mode,Chemise homme,2,20461,0,40922,23718,17204,Carte bancaire,Promo WhatsApp,4.5
CMD-104519,2023-08-04,Congo,Dolisie,Revendeur,Grande entreprise,Informatique,Imprimante Canon,7,124079,15,738271,469772,268499,Mobile Money,Black Friday,4.3
CMD-104520,2023-11-26,Tchad,Moundou,Revendeur,PME,Informatique,HP EliteBook,9,431394,0,3882546,2781290,1101256,Espèces,Promo WhatsApp,4.9
CMD-104521,2023-05-17,Congo,Pointe-Noire,Facebook,Particulier,Mode,Montre connectée,4,45942,5,174580,127181,47399,Virement bancaire,Promo rentrée,3.1
CMD-104522,2023-03-19,Gabon,Port-Gentil,Instagram,Particulier,Alimentation,Lait en poudre,2,6148,10,11067,6782,4285,Virement bancaire,Promo WhatsApp,4.1
CMD-104523,2025-06-07,Gabon,Port-Gentil,Instagram,Particulier,Alimentation,Riz 25kg,7,25771,0,180397,104860,75537,Espèces,Promo WhatsApp,4.2
CMD-104524,2025-09-11,RDC,Kinshasa,Instagram,PME,Téléphones,Tecno Spark 20,9,88765,0,798885,591701,207184,Carte bancaire,Fête de fin d'année,3.6
CMD-104525,2024-02-10,Tchad,N'Djamena,Facebook,Grande entreprise,Téléphones,Redmi Note 13,6,133812,0,802872,591386,211486,Carte bancaire,Aucune campagne,3.2
CMD-104526,2024-10-16,RCA,Berbérati,Site web,PME,Alimentation,Riz 25kg,9,25716,0,231444,168491,62953,Carte bancaire,Fête de fin d'année,4.3
CMD-104527,2023-02-28,Gabon,Franceville,Site web,Grande entreprise,Informatique,Clé USB 64GB,15,8729,15,111295,66308,44987,Carte bancaire,Fête de fin d'année,3.8
CMD-104528,2026-02-04,Guinée équatoriale,Bata,Facebook,PME,Alimentation,Huile 5L,1,8575,0,8575,5954,2621,Carte bancaire,Fête de fin d'année,4.6
CMD-104529,2024-12-13,RCA,Berbérati,Facebook,Grande entreprise,Alimentation,Riz 25kg,12,26740,0,320880,220405,100475,Carte bancaire,Promo rentrée,4.7
CMD-104530,2024-03-05,Tchad,N'Djamena,Instagram,Grande entreprise,Mode,Sac à main,15,32422,5,462014,317237,144777,Carte bancaire,Black Friday,3.6
CMD-104531,2025-10-02,Tchad,N'Djamena,Boutique physique,Particulier,Alimentation,Riz 25kg,7,25572,0,179004,141882,37122,Mobile Money,Black Friday,3.9
CMD-104532,2025-10-17,Gabon,Libreville,Instagram,PME,Électroménager,Réfrigérateur LG,15,429601,0,6444015,4304109,2139906,Mobile Money,Promo WhatsApp,3.6
CMD-104533,2023-02-27,RCA,Bangui,Boutique physique,Particulier,Alimentation,Boisson gazeuse,11,3612,0,39732,30353,9379,Carte bancaire,Promo rentrée,4.5
CMD-104534,2023-01-17,Guinée équatoriale,Malabo,Revendeur,Particulier,Téléphones,iPhone 13,14,539182,0,7548548,4671960,2876588,Carte bancaire,Promo rentrée,3.2
CMD-104535,2024-06-29,Gabon,Franceville,Revendeur,PME,Alimentation,Riz 25kg,10,22499,5,213741,171749,41992,Virement bancaire,Fête de fin d'année,3.6
CMD-104536,2026-01-21,Gabon,Port-Gentil,WhatsApp Business,Particulier,Téléphones,iPhone 13,7,540913,0,3786391,2464153,1322238,Virement bancaire,Fête de fin d'année,4.5
CMD-104537,2023-08-02,Tchad,Moundou,Instagram,Grande entreprise,Informatique,Clé USB 64GB,15,8200,15,104550,84678,19872,Mobile Money,Aucune campagne,3.6
CMD-104538,2025-02-08,Cameroun,Douala,Boutique physique,Grande entreprise,Alimentation,Huile 5L,4,10789,0,43156,33556,9600,Virement bancaire,Aucune campagne,3.7
CMD-104539,2026-04-03,RCA,Berbérati,Revendeur,Grande entreprise,Alimentation,Riz 25kg,3,23861,5,68004,49952,18052,Carte bancaire,Soldes Ramadan,3.2
CMD-104540,2025-02-10,RCA,Berbérati,Facebook,Grande entreprise,Mode,Chaussures Nike,11,61031,15,570640,379229,191411,Virement bancaire,Fête de fin d'année,3.7
CMD-104541,2025-09-14,Guinée équatoriale,Bata,Revendeur,Grande entreprise,Mode,Chemise homme,10,20288,5,192736,131526,61210,Mobile Money,Promo rentrée,3.4
CMD-104542,2025-08-30,RDC,Goma,WhatsApp Business,Grande entreprise,Téléphones,Redmi Note 13,9,130658,15,999534,747021,252513,Carte bancaire,Fête de fin d'année,3.5
CMD-104543,2024-11-22,RDC,Goma,Instagram,Particulier,Téléphones,Tecno Spark 20,7,87098,10,548718,361699,187019,Espèces,Fête de fin d'année,3.9
CMD-104544,2024-03-06,Guinée équatoriale,Bata,WhatsApp Business,Particulier,Téléphones,iPhone 13,3,478576,5,1363942,1116587,247355,Mobile Money,Soldes Ramadan,3.3
CMD-104545,2023-12-03,Gabon,Franceville,Revendeur,Particulier,Mode,Sac à main,13,33828,10,395788,312498,83290,Espèces,Fête de fin d'année,5.0
CMD-104546,2023-03-07,Guinée équatoriale,Bata,Revendeur,Grande entreprise,Mode,Sac à main,1,32896,10,29607,18004,11603,Mobile Money,Campagne Facebook Ads,3.9
CMD-104547,2024-07-31,RCA,Bangui,Facebook,PME,Mode,Sac à main,4,34279,15,116549,66717,49832,Mobile Money,Aucune campagne,3.4
CMD-104548,2025-03-24,Guinée équatoriale,Bata,Boutique physique,Grande entreprise,Informatique,Clé USB 64GB,1,9535,0,9535,6637,2898,Virement bancaire,Campagne Facebook Ads,4.0
CMD-104549,2025-05-15,Guinée équatoriale,Malabo,Revendeur,Particulier,Informatique,Imprimante Canon,14,125572,0,1758008,1088465,669543,Espèces,Promo rentrée,3.7
CMD-104550,2023-12-02,RDC,Lubumbashi,Instagram,Particulier,Mode,Montre connectée,3,46391,10,125256,89414,35842,Mobile Money,Soldes Ramadan,4.1
CMD-104551,2023-05-10,Cameroun,Yaoundé,Site web,Particulier,Téléphones,iPhone 13,14,578895,5,7699304,5167632,2531672,Virement bancaire,Promo rentrée,4.4
CMD-104552,2023-11-22,RDC,Kinshasa,Boutique physique,PME,Téléphones,iPhone 13,13,511369,10,5983018,4215111,1767907,Mobile Money,Aucune campagne,4.4
CMD-104553,2025-03-25,Guinée équatoriale,Malabo,Boutique physique,Particulier,Électroménager,Mixeur Moulinex,2,33620,10,60516,42803,17713,Espèces,Promo WhatsApp,3.1
CMD-104554,2024-06-09,Congo,Pointe-Noire,Facebook,PME,Mode,Sac à main,5,29519,5,140216,111158,29058,Espèces,Fête de fin d'année,4.8
CMD-104555,2023-06-03,Gabon,Port-Gentil,Facebook,Grande entreprise,Téléphones,Tecno Spark 20,4,94761,0,379044,245744,133300,Mobile Money,Fête de fin d'année,3.8
CMD-104556,2025-11-15,RCA,Berbérati,Facebook,Grande entreprise,Mode,Sac à main,1,34322,5,32606,19692,12914,Virement bancaire,Fête de fin d'année,3.8
CMD-104557,2024-10-11,Congo,Pointe-Noire,Boutique physique,Particulier,Mode,Chemise homme,5,17139,0,85695,67940,17755,Mobile Money,Promo WhatsApp,4.7
CMD-104558,2025-05-24,Gabon,Libreville,Revendeur,Grande entreprise,Mode,Chemise homme,8,16288,5,123789,89851,33938,Virement bancaire,Promo WhatsApp,4.7
CMD-104559,2024-07-18,Tchad,Sarh,Instagram,PME,Téléphones,Tecno Spark 20,5,77870,0,389350,229880,159470,Mobile Money,Soldes Ramadan,4.1
CMD-104560,2024-02-07,Guinée équatoriale,Bata,Revendeur,Particulier,Électroménager,Télévision Hisense 43,15,208409,0,3126135,2283755,842380,Espèces,Promo rentrée,4.9
CMD-104561,2025-01-15,RDC,Lubumbashi,WhatsApp Business,Particulier,Alimentation,Huile 5L,10,10238,15,87023,65057,21966,Virement bancaire,Promo rentrée,3.2
CMD-104562,2024-04-27,Congo,Pointe-Noire,Facebook,PME,Informatique,HP EliteBook,14,358432,0,5018048,4086684,931364,Mobile Money,Soldes Ramadan,4.9
CMD-104563,2023-07-14,Tchad,Sarh,WhatsApp Business,Particulier,Téléphones,Tecno Spark 20,11,76865,0,845515,677300,168215,Carte bancaire,Soldes Ramadan,5.0
CMD-104564,2025-05-27,Cameroun,Bafoussam,Revendeur,Particulier,Électroménager,Télévision Hisense 43,10,264312,0,2643120,2075431,567689,Mobile Money,Soldes Ramadan,3.7
CMD-104565,2024-03-09,Guinée équatoriale,Malabo,Boutique physique,PME,Informatique,HP EliteBook,3,390531,15,995855,792432,203423,Carte bancaire,Campagne Facebook Ads,3.0
CMD-104566,2024-07-03,Cameroun,Douala,Instagram,PME,Alimentation,Huile 5L,15,10743,15,136974,98361,38613,Mobile Money,Promo WhatsApp,3.7
CMD-104567,2023-10-16,RDC,Matadi,WhatsApp Business,Particulier,Téléphones,Redmi Note 13,1,143200,0,143200,82428,60772,Carte bancaire,Soldes Ramadan,4.2
CMD-104568,2025-02-03,Gabon,Franceville,Instagram,Particulier,Téléphones,Tecno Spark 20,12,80953,0,971436,555880,415556,Virement bancaire,Soldes Ramadan,3.5
CMD-104569,2024-06-03,Cameroun,Garoua,Instagram,Grande entreprise,Informatique,HP EliteBook,13,367902,15,4065318,2266705,1798613,Virement bancaire,Promo rentrée,3.2
CMD-104570,2026-01-03,Guinée équatoriale,Bata,Facebook,PME,Alimentation,Huile 5L,9,10132,10,82070,48976,33094,Virement bancaire,Aucune campagne,4.3
CMD-104571,2025-12-07,Cameroun,Douala,Revendeur,PME,Mode,Sac à main,7,29841,5,198443,109353,89090,Virement bancaire,Black Friday,3.9
CMD-104572,2026-02-13,Cameroun,Yaoundé,Instagram,Grande entreprise,Électroménager,Mixeur Moulinex,3,33706,5,96063,58020,38043,Mobile Money,Black Friday,4.5
CMD-104573,2026-01-13,Gabon,Port-Gentil,Facebook,Grande entreprise,Téléphones,iPhone 13,6,597897,10,3228644,2453836,774808,Mobile Money,Fête de fin d'année,3.6
CMD-104574,2023-06-09,Gabon,Port-Gentil,Instagram,Grande entreprise,Informatique,HP EliteBook,8,382304,0,3058432,1907647,1150785,Espèces,Soldes Ramadan,3.0
CMD-104575,2024-05-20,RCA,Bangui,Facebook,PME,Mode,Chemise homme,3,19600,0,58800,35143,23657,Espèces,Soldes Ramadan,4.3
CMD-104576,2023-01-11,Tchad,N'Djamena,Revendeur,Grande entreprise,Informatique,Imprimante Canon,2,125302,10,225544,146522,79022,Virement bancaire,Promo WhatsApp,4.5
CMD-104577,2025-07-11,Gabon,Port-Gentil,Instagram,PME,Mode,Sac à main,12,33149,0,397788,298679,99109,Carte bancaire,Fête de fin d'année,3.1
CMD-104578,2025-07-07,Guinée équatoriale,Malabo,Boutique physique,PME,Téléphones,Redmi Note 13,3,132551,0,397653,239665,157988,Espèces,Aucune campagne,3.9
CMD-104579,2023-12-19,RDC,Lubumbashi,Revendeur,Grande entreprise,Informatique,Imprimante Canon,10,136998,5,1301481,756981,544500,Carte bancaire,Promo rentrée,4.9
CMD-104580,2025-11-07,Gabon,Port-Gentil,Revendeur,PME,Alimentation,Huile 5L,12,8671,10,93647,73132,20515,Mobile Money,Aucune campagne,3.4
CMD-104581,2023-08-24,Tchad,Sarh,Revendeur,Grande entreprise,Électroménager,Mixeur Moulinex,1,36577,0,36577,23637,12940,Espèces,Campagne Facebook Ads,3.0
CMD-104582,2023-11-18,Cameroun,Yaoundé,Site web,Particulier,Informatique,Imprimante Canon,8,124947,0,999576,563163,436413,Mobile Money,Black Friday,4.0
CMD-104583,2026-02-23,Gabon,Libreville,WhatsApp Business,PME,Téléphones,Samsung Galaxy A15,13,101473,0,1319149,785858,533291,Virement bancaire,Aucune campagne,4.8
CMD-104584,2024-04-20,Guinée équatoriale,Malabo,WhatsApp Business,PME,Informatique,Imprimante Canon,15,114350,5,1629488,1243732,385756,Mobile Money,Aucune campagne,3.4
CMD-104585,2023-08-05,Congo,Nkayi,Boutique physique,PME,Mode,Chaussures Nike,1,52703,10,47433,27421,20012,Espèces,Black Friday,4.6
CMD-104586,2024-10-30,Gabon,Port-Gentil,Facebook,Particulier,Téléphones,iPhone 13,14,542867,15,6460118,3640249,2819869,Carte bancaire,Black Friday,3.2
CMD-104587,2025-07-24,RCA,Berbérati,Facebook,Grande entreprise,Mode,Chaussures Nike,1,62751,10,56476,40564,15912,Espèces,Promo rentrée,4.9
CMD-104588,2025-10-22,Congo,Nkayi,WhatsApp Business,PME,Téléphones,iPhone 13,10,584748,0,5847480,3856728,1990752,Carte bancaire,Soldes Ramadan,4.4
CMD-104589,2024-07-25,Gabon,Franceville,WhatsApp Business,PME,Téléphones,Samsung Galaxy A15,3,93007,10,251119,167004,84115,Carte bancaire,Soldes Ramadan,4.0
CMD-104590,2024-01-13,Cameroun,Bafoussam,Revendeur,Grande entreprise,Alimentation,Lait en poudre,11,6646,0,73106,46371,26735,Espèces,Soldes Ramadan,4.6
CMD-104591,2025-10-14,Tchad,Sarh,Instagram,Particulier,Informatique,Clé USB 64GB,2,9872,0,19744,13201,6543,Mobile Money,Soldes Ramadan,3.1
CMD-104592,2023-11-01,RCA,Bangui,Instagram,Particulier,Électroménager,Télévision Hisense 43,4,219589,0,878356,697185,181171,Carte bancaire,Fête de fin d'année,3.2
CMD-104593,2025-06-07,Congo,Dolisie,Boutique physique,Grande entreprise,Téléphones,iPhone 13,6,537300,15,2740230,2195888,544342,Espèces,Soldes Ramadan,3.8
CMD-104594,2023-08-26,Cameroun,Bafoussam,Revendeur,Grande entreprise,Téléphones,Redmi Note 13,2,128250,0,256500,151170,105330,Espèces,Aucune campagne,3.2
CMD-104595,2024-11-18,Gabon,Franceville,WhatsApp Business,Particulier,Téléphones,Tecno Spark 20,12,91586,0,1099032,803702,295330,Virement bancaire,Soldes Ramadan,3.2
CMD-104596,2024-06-24,RDC,Matadi,Revendeur,Particulier,Informatique,HP EliteBook,5,363187,0,1815935,1385622,430313,Mobile Money,Aucune campagne,3.0
CMD-104597,2024-01-07,Tchad,N'Djamena,Facebook,Particulier,Téléphones,Samsung Galaxy A15,1,106806,0,106806,74754,32052,Carte bancaire,Promo WhatsApp,3.5
CMD-104598,2025-10-23,Gabon,Port-Gentil,Site web,PME,Alimentation,Boisson gazeuse,2,3732,10,6718,4829,1889,Espèces,Campagne Facebook Ads,3.2
CMD-104599,2026-02-16,Gabon,Libreville,Boutique physique,Grande entreprise,Mode,Chaussures Nike,6,53418,0,320508,210955,109553,Carte bancaire,Fête de fin d'année,4.8
CMD-104600,2023-04-12,Gabon,Franceville,Site web,Particulier,Informatique,Dell Latitude,1,480340,0,480340,344209,136131,Mobile Money,Promo rentrée,4.0
CMD-104601,2024-01-26,RDC,Goma,Instagram,Grande entreprise,Mode,Chaussures Nike,10,56867,0,568670,341665,227005,Carte bancaire,Promo WhatsApp,3.2
CMD-104602,2023-04-09,Guinée équatoriale,Bata,Boutique physique,PME,Informatique,HP EliteBook,13,428973,15,4740152,2911242,1828910,Mobile Money,Soldes Ramadan,3.9
CMD-104603,2023-08-03,RDC,Goma,Instagram,PME,Téléphones,Samsung Galaxy A15,1,94418,0,94418,53392,41026,Mobile Money,Promo rentrée,3.9
CMD-104604,2024-03-16,Guinée équatoriale,Bata,Facebook,Grande entreprise,Alimentation,Huile 5L,14,10542,10,132830,86774,46056,Espèces,Fête de fin d'année,4.4
CMD-104605,2025-06-09,RCA,Berbérati,Revendeur,PME,Alimentation,Huile 5L,10,8997,10,80973,52500,28473,Espèces,Aucune campagne,3.8
CMD-104606,2025-11-18,Cameroun,Garoua,Boutique physique,PME,Mode,Chaussures Nike,13,51531,5,636408,438896,197512,Virement bancaire,Soldes Ramadan,4.5
CMD-104607,2024-03-22,RCA,Bangui,Revendeur,Grande entreprise,Électroménager,Réfrigérateur LG,2,440813,0,881626,634425,247201,Mobile Money,Promo WhatsApp,3.0
CMD-104608,2026-01-19,RCA,Berbérati,Revendeur,Grande entreprise,Électroménager,Mixeur Moulinex,12,33012,0,396144,316040,80104,Mobile Money,Black Friday,3.2
CMD-104609,2025-07-10,RCA,Berbérati,Facebook,PME,Mode,Montre connectée,2,53792,0,107584,75017,32567,Carte bancaire,Fête de fin d'année,5.0
CMD-104610,2024-12-07,RDC,Matadi,Instagram,PME,Mode,Chaussures Nike,1,52991,15,45043,36239,8804,Virement bancaire,Promo rentrée,4.2
CMD-104611,2025-06-21,Cameroun,Garoua,Facebook,Particulier,Informatique,Imprimante Canon,14,118501,0,1659014,1269651,389363,Virement bancaire,Promo rentrée,4.1
CMD-104612,2023-02-27,Gabon,Franceville,Site web,Particulier,Alimentation,Riz 25kg,14,22000,15,261800,193729,68071,Espèces,Fête de fin d'année,4.4
CMD-104613,2023-08-13,RCA,Berbérati,WhatsApp Business,Grande entreprise,Informatique,Clé USB 64GB,3,9560,0,28680,16894,11786,Virement bancaire,Campagne Facebook Ads,3.8
CMD-104614,2025-09-22,Guinée équatoriale,Malabo,WhatsApp Business,PME,Alimentation,Riz 25kg,8,27004,5,205231,154050,51181,Espèces,Black Friday,3.7
CMD-104615,2024-12-11,Congo,Brazzaville,Boutique physique,Particulier,Téléphones,iPhone 13,8,544599,5,4138953,2286543,1852410,Carte bancaire,Fête de fin d'année,4.6
CMD-104616,2025-05-13,Gabon,Libreville,Boutique physique,Particulier,Mode,Montre connectée,9,46005,0,414045,264313,149732,Carte bancaire,Black Friday,4.5
CMD-104617,2025-01-03,RDC,Kinshasa,Instagram,Particulier,Mode,Montre connectée,3,45675,10,123323,89342,33981,Mobile Money,Promo WhatsApp,3.4
CMD-104618,2024-02-22,RCA,Berbérati,Instagram,Particulier,Électroménager,Ventilateur Binatone,6,27550,0,165300,128309,36991,Carte bancaire,Fête de fin d'année,3.3
CMD-104619,2026-02-02,RCA,Berbérati,WhatsApp Business,Grande entreprise,Électroménager,Ventilateur Binatone,15,31116,0,466740,267069,199671,Carte bancaire,Soldes Ramadan,3.3
CMD-104620,2024-07-18,RCA,Bangui,Revendeur,PME,Téléphones,Tecno Spark 20,6,94822,15,483593,295061,188532,Virement bancaire,Soldes Ramadan,4.7
CMD-104621,2024-03-26,Gabon,Libreville,Boutique physique,PME,Mode,Chaussures Nike,9,62206,15,475876,364052,111824,Virement bancaire,Fête de fin d'année,3.5
CMD-104622,2025-08-01,RCA,Bangui,Revendeur,Particulier,Informatique,Clé USB 64GB,3,10239,15,26110,18276,7834,Espèces,Aucune campagne,3.7
CMD-104623,2026-04-17,Guinée équatoriale,Malabo,Facebook,Grande entreprise,Électroménager,Ventilateur Binatone,5,29138,0,145690,93685,52005,Virement bancaire,Campagne Facebook Ads,3.8
CMD-104624,2023-09-29,Congo,Nkayi,Instagram,Grande entreprise,Mode,Sac à main,11,33692,15,315021,177271,137750,Mobile Money,Promo WhatsApp,3.3
CMD-104625,2024-11-15,Congo,Pointe-Noire,Facebook,Grande entreprise,Alimentation,Huile 5L,14,10909,15,129818,100269,29549,Mobile Money,Black Friday,3.7
CMD-104626,2024-02-04,Guinée équatoriale,Bata,Revendeur,Particulier,Téléphones,Tecno Spark 20,2,88075,0,176150,142667,33483,Virement bancaire,Aucune campagne,3.6
CMD-104627,2025-01-18,RCA,Bangui,Instagram,Grande entreprise,Alimentation,Boisson gazeuse,5,4019,15,17081,10971,6110,Virement bancaire,Aucune campagne,4.8
CMD-104628,2023-09-09,Guinée équatoriale,Bata,Boutique physique,Particulier,Électroménager,Télévision Hisense 43,4,230631,0,922524,532898,389626,Espèces,Fête de fin d'année,4.5
CMD-104629,2024-12-06,RCA,Berbérati,Site web,Grande entreprise,Informatique,HP EliteBook,11,435053,5,4546304,2918781,1627523,Carte bancaire,Black Friday,5.0
CMD-104630,2025-07-10,Congo,Pointe-Noire,Instagram,PME,Électroménager,Mixeur Moulinex,5,40057,0,200285,122646,77639,Carte bancaire,Black Friday,3.2
CMD-104631,2023-11-24,RCA,Bangui,Boutique physique,Particulier,Informatique,HP EliteBook,13,398937,10,4667563,3136359,1531204,Espèces,Black Friday,4.8
CMD-104632,2026-03-30,Tchad,N'Djamena,Boutique physique,PME,Mode,Chaussures Nike,14,60411,10,761179,610016,151163,Virement bancaire,Promo WhatsApp,3.4
CMD-104633,2023-07-11,RCA,Berbérati,Revendeur,Particulier,Électroménager,Réfrigérateur LG,11,477875,15,4468132,3409013,1059119,Mobile Money,Promo rentrée,4.0
CMD-104634,2023-04-09,Congo,Pointe-Noire,WhatsApp Business,Grande entreprise,Alimentation,Riz 25kg,1,27334,0,27334,17929,9405,Mobile Money,Fête de fin d'année,4.6
CMD-104635,2023-02-12,Tchad,Moundou,Site web,PME,Mode,Montre connectée,9,52929,15,404907,260568,144339,Carte bancaire,Promo WhatsApp,3.4
CMD-104636,2026-03-20,RCA,Bangui,Revendeur,Grande entreprise,Électroménager,Ventilateur Binatone,13,30142,10,352662,215873,136789,Mobile Money,Black Friday,4.8
CMD-104637,2023-02-15,Gabon,Libreville,Instagram,Grande entreprise,Électroménager,Télévision Hisense 43,5,237406,10,1068327,837628,230699,Virement bancaire,Fête de fin d'année,4.0
CMD-104638,2023-12-03,RDC,Matadi,Boutique physique,PME,Mode,Chemise homme,5,17160,0,85800,69489,16311,Virement bancaire,Black Friday,4.1
CMD-104639,2026-04-06,Guinée équatoriale,Malabo,Boutique physique,Particulier,Électroménager,Télévision Hisense 43,6,246314,0,1477884,993826,484058,Virement bancaire,Promo rentrée,4.4
CMD-104640,2024-06-29,RCA,Berbérati,Revendeur,Grande entreprise,Mode,Chaussures Nike,9,51674,0,465066,282592,182474,Espèces,Fête de fin d'année,4.4
CMD-104641,2024-09-27,RDC,Goma,Facebook,Particulier,Alimentation,Boisson gazeuse,9,3460,15,26469,17381,9088,Espèces,Black Friday,3.6
CMD-104642,2025-02-16,Congo,Dolisie,Instagram,Particulier,Mode,Sac à main,10,34743,0,347430,215168,132262,Carte bancaire,Black Friday,4.4
CMD-104643,2024-07-30,Guinée équatoriale,Malabo,Boutique physique,Particulier,Informatique,Dell Latitude,15,434182,5,6187094,4076487,2110607,Carte bancaire,Soldes Ramadan,4.3
CMD-104644,2024-11-17,Tchad,Moundou,Boutique physique,Particulier,Informatique,Imprimante Canon,6,130193,15,663985,530221,133764,Virement bancaire,Black Friday,4.4
CMD-104645,2025-08-01,Guinée équatoriale,Malabo,WhatsApp Business,Grande entreprise,Mode,Montre connectée,8,50862,15,345862,210557,135305,Carte bancaire,Fête de fin d'année,4.1
CMD-104646,2023-06-28,RDC,Matadi,Revendeur,Grande entreprise,Électroménager,Réfrigérateur LG,12,428282,0,5139384,3608128,1531256,Carte bancaire,Aucune campagne,4.5
CMD-104647,2024-04-28,Cameroun,Douala,Facebook,Grande entreprise,Alimentation,Huile 5L,15,10730,0,160950,89094,71856,Espèces,Fête de fin d'année,4.2
CMD-104648,2024-06-26,Congo,Dolisie,Instagram,Grande entreprise,Téléphones,Redmi Note 13,9,130163,0,1171467,860870,310597,Espèces,Promo WhatsApp,3.8
CMD-104649,2023-11-28,Guinée équatoriale,Bata,Revendeur,Particulier,Électroménager,Réfrigérateur LG,8,476148,15,3237807,2439543,798264,Espèces,Black Friday,4.3
CMD-104650,2024-07-03,Guinée équatoriale,Malabo,Instagram,PME,Informatique,Imprimante Canon,14,118878,0,1664292,952784,711508,Carte bancaire,Soldes Ramadan,4.2
CMD-104651,2024-10-20,Congo,Pointe-Noire,Facebook,Particulier,Informatique,Imprimante Canon,7,130487,0,913409,636559,276850,Mobile Money,Black Friday,3.6
CMD-104652,2025-10-26,RCA,Bangui,Boutique physique,Particulier,Électroménager,Réfrigérateur LG,15,442792,15,5645598,4324173,1321425,Mobile Money,Black Friday,3.6
CMD-104653,2024-04-24,Congo,Dolisie,Site web,Grande entreprise,Alimentation,Huile 5L,1,9864,10,8878,6363,2515,Carte bancaire,Soldes Ramadan,3.0
CMD-104654,2025-10-20,Cameroun,Yaoundé,Site web,PME,Téléphones,Tecno Spark 20,12,96783,0,1161396,913765,247631,Mobile Money,Campagne Facebook Ads,3.9
CMD-104655,2025-04-17,Guinée équatoriale,Bata,Boutique physique,Grande entreprise,Alimentation,Huile 5L,12,9850,10,106380,63237,43143,Mobile Money,Soldes Ramadan,3.9
CMD-104656,2025-04-18,Congo,Nkayi,Revendeur,Grande entreprise,Mode,Sac à main,6,34326,0,205956,145547,60409,Espèces,Aucune campagne,3.4
CMD-104657,2023-11-28,Congo,Pointe-Noire,Facebook,Grande entreprise,Électroménager,Réfrigérateur LG,4,416245,0,1664980,939023,725957,Carte bancaire,Promo WhatsApp,3.7
CMD-104658,2024-11-03,RCA,Berbérati,Facebook,PME,Mode,Montre connectée,10,45871,0,458710,305074,153636,Mobile Money,Black Friday,4.8
CMD-104659,2024-11-07,RCA,Bangui,Revendeur,PME,Informatique,Dell Latitude,3,390549,10,1054483,786988,267495,Carte bancaire,Promo rentrée,4.9
CMD-104660,2026-02-03,Guinée équatoriale,Bata,Facebook,PME,Informatique,Imprimante Canon,4,112881,5,428948,329786,99162,Mobile Money,Black Friday,4.7
CMD-104661,2023-04-21,RDC,Goma,WhatsApp Business,Grande entreprise,Informatique,HP EliteBook,6,433864,0,2603184,1942918,660266,Espèces,Campagne Facebook Ads,3.9
CMD-104662,2026-02-18,Tchad,Sarh,Revendeur,PME,Électroménager,Mixeur Moulinex,13,37877,10,443161,319630,123531,Virement bancaire,Aucune campagne,4.5
CMD-104663,2024-01-04,Tchad,Sarh,Facebook,PME,Téléphones,Samsung Galaxy A15,1,94998,15,80749,51835,28914,Carte bancaire,Promo rentrée,4.1
CMD-104664,2024-04-23,Gabon,Libreville,Boutique physique,PME,Électroménager,Ventilateur Binatone,2,31839,0,63678,42453,21225,Carte bancaire,Promo WhatsApp,4.3
CMD-104665,2024-12-16,Gabon,Franceville,Revendeur,Grande entreprise,Électroménager,Réfrigérateur LG,1,469869,15,399389,315264,84125,Espèces,Campagne Facebook Ads,3.1
CMD-104666,2025-11-15,Guinée équatoriale,Malabo,Boutique physique,PME,Mode,Sac à main,10,36077,5,342732,256442,86290,Espèces,Aucune campagne,4.7
CMD-104667,2024-08-29,Congo,Dolisie,Instagram,Grande entreprise,Alimentation,Riz 25kg,12,23752,0,285024,169896,115128,Espèces,Soldes Ramadan,4.1
CMD-104668,2025-11-15,Congo,Dolisie,Site web,PME,Téléphones,iPhone 13,8,593818,0,4750544,2620940,2129604,Virement bancaire,Campagne Facebook Ads,4.7
CMD-104669,2023-11-25,Tchad,Moundou,Boutique physique,Grande entreprise,Téléphones,iPhone 13,12,590355,10,6375834,4520285,1855549,Carte bancaire,Promo WhatsApp,3.3
CMD-104670,2025-09-05,RCA,Bangui,Revendeur,Particulier,Téléphones,Redmi Note 13,9,144322,15,1104064,611346,492718,Carte bancaire,Promo rentrée,4.7
CMD-104671,2026-03-26,Guinée équatoriale,Bata,Site web,PME,Mode,Chaussures Nike,5,50909,0,254545,184979,69566,Carte bancaire,Promo WhatsApp,3.4
CMD-104672,2024-07-27,RDC,Matadi,Revendeur,PME,Mode,Chemise homme,2,18150,0,36300,27596,8704,Virement bancaire,Aucune campagne,4.8
CMD-104673,2023-08-21,Gabon,Port-Gentil,Instagram,Grande entreprise,Électroménager,Ventilateur Binatone,2,27845,0,55690,36599,19091,Espèces,Aucune campagne,3.2
CMD-104674,2025-10-08,Guinée équatoriale,Bata,Site web,Particulier,Électroménager,Télévision Hisense 43,2,259069,0,518138,345170,172968,Espèces,Promo WhatsApp,3.6
CMD-104675,2023-06-17,RCA,Bangui,Revendeur,Grande entreprise,Informatique,Dell Latitude,3,412087,0,1236261,720852,515409,Carte bancaire,Soldes Ramadan,3.1
CMD-104676,2023-09-22,Congo,Dolisie,Boutique physique,Grande entreprise,Alimentation,Riz 25kg,5,22059,0,110295,63334,46961,Virement bancaire,Campagne Facebook Ads,3.1
CMD-104677,2026-04-19,Gabon,Port-Gentil,Facebook,Particulier,Informatique,HP EliteBook,6,407221,10,2198994,1468426,730568,Carte bancaire,Campagne Facebook Ads,4.7
CMD-104678,2024-06-21,Tchad,N'Djamena,Instagram,Grande entreprise,Électroménager,Réfrigérateur LG,3,405043,15,1032860,718391,314469,Mobile Money,Aucune campagne,4.7
CMD-104679,2024-01-31,Congo,Nkayi,Facebook,Particulier,Téléphones,Tecno Spark 20,8,87494,0,699952,469755,230197,Espèces,Fête de fin d'année,3.8
CMD-104680,2024-08-21,Cameroun,Garoua,Instagram,Grande entreprise,Mode,Chaussures Nike,3,54809,0,164427,118372,46055,Carte bancaire,Campagne Facebook Ads,3.8
CMD-104681,2025-12-07,Congo,Nkayi,Boutique physique,Grande entreprise,Électroménager,Ventilateur Binatone,3,26120,0,78360,57924,20436,Virement bancaire,Soldes Ramadan,4.3
CMD-104682,2023-04-06,Cameroun,Yaoundé,Site web,Grande entreprise,Informatique,Imprimante Canon,6,114917,5,655027,527569,127458,Mobile Money,Soldes Ramadan,4.1
CMD-104683,2023-11-11,Cameroun,Garoua,WhatsApp Business,PME,Mode,Chaussures Nike,3,57160,0,171480,94403,77077,Carte bancaire,Soldes Ramadan,3.9
CMD-104684,2025-07-26,RDC,Goma,Facebook,PME,Alimentation,Boisson gazeuse,2,3749,15,6374,5023,1351,Virement bancaire,Fête de fin d'année,4.2
CMD-104685,2023-02-06,Congo,Dolisie,Instagram,Particulier,Électroménager,Ventilateur Binatone,11,29439,5,307638,243454,64184,Carte bancaire,Black Friday,4.7
CMD-104686,2026-01-03,RCA,Bangui,Revendeur,PME,Téléphones,Samsung Galaxy A15,1,101695,0,101695,72244,29451,Carte bancaire,Soldes Ramadan,3.0
CMD-104687,2023-12-15,Gabon,Port-Gentil,Site web,Grande entreprise,Informatique,Imprimante Canon,4,108142,0,432568,255342,177226,Mobile Money,Promo WhatsApp,3.2
CMD-104688,2023-12-24,Tchad,N'Djamena,WhatsApp Business,Particulier,Électroménager,Télévision Hisense 43,14,237850,0,3329900,2526955,802945,Carte bancaire,Promo WhatsApp,4.4
CMD-104689,2025-11-22,Cameroun,Yaoundé,Site web,Grande entreprise,Informatique,Imprimante Canon,3,116037,5,330706,257754,72952,Mobile Money,Fête de fin d'année,3.4
CMD-104690,2023-09-17,Guinée équatoriale,Bata,Revendeur,PME,Alimentation,Huile 5L,11,8939,15,83580,67532,16048,Virement bancaire,Campagne Facebook Ads,3.4
CMD-104691,2025-11-08,Guinée équatoriale,Bata,WhatsApp Business,Particulier,Téléphones,Redmi Note 13,2,127588,15,216900,124788,92112,Carte bancaire,Soldes Ramadan,3.8
CMD-104692,2024-09-10,Cameroun,Bafoussam,WhatsApp Business,Particulier,Informatique,Dell Latitude,2,459809,0,919618,670165,249453,Virement bancaire,Promo rentrée,3.5
CMD-104693,2023-12-25,RCA,Bangui,Site web,Grande entreprise,Informatique,Clé USB 64GB,13,8692,0,112996,67190,45806,Virement bancaire,Black Friday,4.3
CMD-104694,2025-12-10,Congo,Brazzaville,Instagram,PME,Mode,Chemise homme,9,20068,0,180612,130924,49688,Carte bancaire,Black Friday,3.4
CMD-104695,2024-05-19,RCA,Bangui,Instagram,PME,Téléphones,Redmi Note 13,11,126155,15,1179550,897747,281803,Carte bancaire,Promo WhatsApp,3.0
CMD-104696,2025-09-23,RCA,Berbérati,Revendeur,Grande entreprise,Mode,Chemise homme,9,17800,10,144180,96496,47684,Espèces,Promo WhatsApp,4.9
CMD-104697,2026-04-22,Guinée équatoriale,Malabo,WhatsApp Business,Particulier,Électroménager,Mixeur Moulinex,6,40213,10,217151,131855,85296,Espèces,Campagne Facebook Ads,4.9
CMD-104698,2025-02-16,RCA,Bangui,Site web,Particulier,Informatique,Clé USB 64GB,10,9745,15,82833,64155,18678,Virement bancaire,Soldes Ramadan,4.5
CMD-104699,2026-01-12,Tchad,N'Djamena,Site web,Grande entreprise,Électroménager,Réfrigérateur LG,8,441588,5,3356069,1986058,1370011,Espèces,Black Friday,3.1
CMD-104700,2025-07-03,Cameroun,Garoua,Boutique physique,PME,Électroménager,Ventilateur Binatone,6,28186,5,160661,119449,41212,Mobile Money,Promo rentrée,3.3
CMD-104701,2024-08-25,Congo,Nkayi,Facebook,Particulier,Informatique,Imprimante Canon,6,128806,5,734195,494919,239276,Mobile Money,Promo WhatsApp,4.0
CMD-104702,2026-02-28,RDC,Goma,Revendeur,PME,Informatique,Imprimante Canon,12,126145,10,1362366,1039964,322402,Mobile Money,Soldes Ramadan,5.0
CMD-104703,2026-03-24,RDC,Matadi,WhatsApp Business,Grande entreprise,Mode,Chaussures Nike,4,49749,0,198996,161945,37051,Mobile Money,Promo rentrée,4.7
CMD-104704,2023-09-04,Tchad,N'Djamena,Revendeur,PME,Électroménager,Télévision Hisense 43,2,258652,5,491439,377155,114284,Mobile Money,Campagne Facebook Ads,4.6
CMD-104705,2025-01-26,Cameroun,Yaoundé,Boutique physique,Particulier,Téléphones,Tecno Spark 20,9,96542,0,868878,522544,346334,Virement bancaire,Soldes Ramadan,3.5
CMD-104706,2025-11-20,Cameroun,Douala,Revendeur,Grande entreprise,Électroménager,Télévision Hisense 43,13,246925,0,3210025,2242922,967103,Mobile Money,Campagne Facebook Ads,4.3
CMD-104707,2023-10-10,Tchad,Sarh,Revendeur,Grande entreprise,Mode,Chemise homme,10,20014,10,180126,121560,58566,Carte bancaire,Campagne Facebook Ads,4.4
CMD-104708,2026-03-23,Guinée équatoriale,Bata,Instagram,Particulier,Alimentation,Riz 25kg,10,25142,10,226278,138827,87451,Mobile Money,Soldes Ramadan,4.7
CMD-104709,2024-02-07,Congo,Nkayi,WhatsApp Business,Grande entreprise,Électroménager,Réfrigérateur LG,5,477881,5,2269935,1592777,677158,Mobile Money,Campagne Facebook Ads,4.8
CMD-104710,2025-02-16,RDC,Kinshasa,Site web,Grande entreprise,Alimentation,Boisson gazeuse,9,3493,0,31437,21260,10177,Virement bancaire,Campagne Facebook Ads,4.4
CMD-104711,2023-03-28,Guinée équatoriale,Bata,Facebook,Grande entreprise,Informatique,Imprimante Canon,10,109927,10,989343,637915,351428,Carte bancaire,Promo WhatsApp,3.2
CMD-104712,2025-10-29,Guinée équatoriale,Malabo,Site web,PME,Informatique,Imprimante Canon,15,121781,0,1826715,1367965,458750,Carte bancaire,Fête de fin d'année,4.5
CMD-104713,2024-01-04,Tchad,Moundou,Facebook,Particulier,Électroménager,Mixeur Moulinex,1,32648,15,27751,20745,7006,Mobile Money,Soldes Ramadan,4.0
CMD-104714,2024-03-29,Gabon,Libreville,Revendeur,PME,Mode,Sac à main,4,29352,0,117408,86798,30610,Virement bancaire,Campagne Facebook Ads,3.6
CMD-104715,2025-08-10,Cameroun,Yaoundé,Boutique physique,Grande entreprise,Mode,Montre connectée,8,52285,10,376452,251686,124766,Espèces,Promo WhatsApp,3.9
CMD-104716,2025-06-20,Congo,Dolisie,Boutique physique,Grande entreprise,Électroménager,Télévision Hisense 43,7,259816,0,1818712,1313787,504925,Virement bancaire,Campagne Facebook Ads,3.6
CMD-104717,2025-05-24,Tchad,N'Djamena,Instagram,Particulier,Informatique,Clé USB 64GB,13,9507,10,111232,75885,35347,Carte bancaire,Aucune campagne,4.4
CMD-104718,2023-01-05,Congo,Nkayi,Site web,Particulier,Mode,Sac à main,7,34948,0,244636,150496,94140,Mobile Money,Campagne Facebook Ads,4.8
CMD-104719,2023-08-28,Congo,Pointe-Noire,Site web,Particulier,Téléphones,Redmi Note 13,14,150601,10,1897573,1164811,732762,Virement bancaire,Black Friday,5.0
CMD-104720,2024-01-16,RDC,Goma,Revendeur,Grande entreprise,Téléphones,Redmi Note 13,11,152078,0,1672858,1331794,341064,Mobile Money,Aucune campagne,3.6
CMD-104721,2025-01-26,Cameroun,Yaoundé,Revendeur,PME,Alimentation,Huile 5L,3,9677,0,29031,21049,7982,Espèces,Campagne Facebook Ads,3.5
CMD-104722,2023-12-24,Gabon,Port-Gentil,Instagram,Grande entreprise,Électroménager,Ventilateur Binatone,9,31595,15,241702,172072,69630,Virement bancaire,Campagne Facebook Ads,3.6
CMD-104723,2026-03-10,Congo,Nkayi,Revendeur,PME,Informatique,HP EliteBook,7,429913,10,2708452,1773009,935443,Carte bancaire,Campagne Facebook Ads,4.5
CMD-104724,2024-01-27,Congo,Nkayi,Boutique physique,Grande entreprise,Téléphones,Tecno Spark 20,8,85617,10,616443,483608,132835,Carte bancaire,Fête de fin d'année,3.9
CMD-104725,2023-05-24,RCA,Bangui,Boutique physique,Particulier,Téléphones,Redmi Note 13,9,156084,5,1334519,937106,397413,Mobile Money,Black Friday,3.4
CMD-104726,2025-03-07,RDC,Lubumbashi,Revendeur,PME,Informatique,HP EliteBook,6,383261,0,2299566,1285624,1013942,Mobile Money,Aucune campagne,3.3
CMD-104727,2024-08-18,Cameroun,Yaoundé,Revendeur,Particulier,Informatique,Clé USB 64GB,3,9893,10,26712,20931,5781,Carte bancaire,Aucune campagne,3.5
CMD-104728,2024-06-27,Gabon,Libreville,Boutique physique,Grande entreprise,Téléphones,Tecno Spark 20,6,95322,0,571932,323576,248356,Mobile Money,Aucune campagne,3.5
CMD-104729,2025-06-01,Cameroun,Douala,Revendeur,PME,Électroménager,Télévision Hisense 43,8,259570,5,1972732,1435754,536978,Carte bancaire,Promo rentrée,4.8
CMD-104730,2024-03-18,Cameroun,Douala,Instagram,PME,Mode,Sac à main,10,34765,0,347650,248937,98713,Mobile Money,Black Friday,4.8
CMD-104731,2025-02-18,RDC,Matadi,Site web,Particulier,Alimentation,Boisson gazeuse,9,3248,15,24848,18047,6801,Espèces,Campagne Facebook Ads,4.0
CMD-104732,2025-05-23,Gabon,Libreville,Site web,PME,Alimentation,Huile 5L,1,9758,0,9758,7980,1778,Mobile Money,Aucune campagne,3.7
CMD-104733,2026-04-06,Gabon,Libreville,Revendeur,PME,Informatique,Clé USB 64GB,9,8752,15,66953,43096,23857,Mobile Money,Promo rentrée,4.7
CMD-104734,2023-12-04,Congo,Nkayi,Facebook,PME,Informatique,Dell Latitude,9,425543,10,3446899,2470195,976704,Espèces,Promo rentrée,3.3
CMD-104735,2024-01-14,Cameroun,Yaoundé,WhatsApp Business,PME,Informatique,Dell Latitude,15,453376,0,6800640,4956062,1844578,Espèces,Fête de fin d'année,4.9
CMD-104736,2026-01-22,RCA,Berbérati,Facebook,PME,Informatique,HP EliteBook,4,406690,5,1545422,1090564,454858,Virement bancaire,Promo WhatsApp,3.3
CMD-104737,2023-01-23,Cameroun,Yaoundé,Facebook,Particulier,Alimentation,Lait en poudre,8,6933,10,49918,30032,19886,Virement bancaire,Black Friday,4.9
CMD-104738,2024-09-04,Tchad,N'Djamena,Revendeur,Grande entreprise,Mode,Montre connectée,3,48052,5,136949,98303,38646,Mobile Money,Promo WhatsApp,3.0
CMD-104739,2024-07-15,Cameroun,Bafoussam,WhatsApp Business,PME,Électroménager,Mixeur Moulinex,10,39924,0,399240,273429,125811,Mobile Money,Fête de fin d'année,4.1
CMD-104740,2025-01-11,RCA,Berbérati,Boutique physique,Grande entreprise,Informatique,Imprimante Canon,1,128364,0,128364,91225,37139,Espèces,Soldes Ramadan,3.8
CMD-104741,2023-09-17,Tchad,Moundou,Facebook,Grande entreprise,Alimentation,Boisson gazeuse,2,4008,0,8016,5643,2373,Virement bancaire,Promo rentrée,4.1
CMD-104742,2024-09-06,RCA,Bangui,Site web,Grande entreprise,Électroménager,Mixeur Moulinex,6,39398,0,236388,172340,64048,Virement bancaire,Black Friday,4.8
CMD-104743,2025-08-29,RDC,Lubumbashi,Facebook,Particulier,Alimentation,Riz 25kg,6,24833,5,141549,114678,26871,Espèces,Soldes Ramadan,3.0
CMD-104744,2023-05-15,RCA,Bangui,Boutique physique,Grande entreprise,Mode,Chemise homme,10,17061,5,162080,96167,65913,Espèces,Fête de fin d'année,4.8
CMD-104745,2024-01-03,RDC,Lubumbashi,Boutique physique,Grande entreprise,Téléphones,iPhone 13,8,556682,5,4230784,2445718,1785066,Virement bancaire,Fête de fin d'année,3.8
CMD-104746,2026-01-08,Gabon,Franceville,Boutique physique,PME,Informatique,Dell Latitude,15,427638,10,5773113,4214367,1558746,Virement bancaire,Aucune campagne,4.9
CMD-104747,2025-11-05,RCA,Bangui,Facebook,Grande entreprise,Alimentation,Lait en poudre,6,5976,10,32271,22534,9737,Espèces,Soldes Ramadan,4.1
CMD-104748,2024-08-23,RDC,Lubumbashi,Facebook,PME,Électroménager,Réfrigérateur LG,8,445247,10,3205779,2425081,780698,Virement bancaire,Promo rentrée,3.6
CMD-104749,2024-01-26,RDC,Kinshasa,Facebook,PME,Alimentation,Boisson gazeuse,12,3446,15,35150,24149,11001,Espèces,Campagne Facebook Ads,3.6
CMD-104750,2023-05-26,RCA,Bangui,Facebook,PME,Électroménager,Ventilateur Binatone,12,27756,0,333072,270791,62281,Espèces,Black Friday,4.5
CMD-104751,2025-04-01,RDC,Matadi,Site web,Grande entreprise,Téléphones,Samsung Galaxy A15,15,100757,5,1435788,852428,583360,Mobile Money,Aucune campagne,4.8
CMD-104752,2024-10-29,Congo,Dolisie,WhatsApp Business,Particulier,Électroménager,Ventilateur Binatone,13,29315,0,381095,214241,166854,Virement bancaire,Soldes Ramadan,3.5
CMD-104753,2026-03-01,Guinée équatoriale,Bata,WhatsApp Business,Particulier,Mode,Chaussures Nike,7,62912,5,418365,301782,116583,Virement bancaire,Fête de fin d'année,4.6
CMD-104754,2024-04-09,Gabon,Franceville,Facebook,Grande entreprise,Alimentation,Huile 5L,9,9786,15,74863,57386,17477,Carte bancaire,Soldes Ramadan,4.3
CMD-104755,2023-12-23,Cameroun,Garoua,Instagram,PME,Informatique,Imprimante Canon,15,125338,0,1880070,1288710,591360,Virement bancaire,Fête de fin d'année,4.5
CMD-104756,2023-02-13,Cameroun,Garoua,Site web,Particulier,Mode,Montre connectée,15,51574,0,773610,432788,340822,Mobile Money,Promo rentrée,3.0
CMD-104757,2023-01-27,Congo,Brazzaville,Site web,PME,Électroménager,Ventilateur Binatone,7,28065,0,196455,132794,63661,Espèces,Fête de fin d'année,4.0
CMD-104758,2023-10-30,RCA,Bangui,Site web,PME,Mode,Sac à main,8,34358,5,261121,167988,93133,Carte bancaire,Fête de fin d'année,4.7
CMD-104759,2024-02-17,Congo,Pointe-Noire,Instagram,PME,Électroménager,Mixeur Moulinex,14,39170,0,548380,355141,193239,Carte bancaire,Promo WhatsApp,3.7
CMD-104760,2024-01-24,Congo,Nkayi,Boutique physique,Particulier,Mode,Montre connectée,15,44594,0,668910,420028,248882,Mobile Money,Campagne Facebook Ads,3.4
CMD-104761,2023-02-10,Guinée équatoriale,Bata,Facebook,Grande entreprise,Téléphones,Samsung Galaxy A15,8,96447,0,771576,488636,282940,Virement bancaire,Fête de fin d'année,4.1
CMD-104762,2023-09-28,Tchad,N'Djamena,WhatsApp Business,Particulier,Mode,Chemise homme,1,18250,0,18250,10506,7744,Espèces,Campagne Facebook Ads,4.9
CMD-104763,2023-03-03,RCA,Bangui,Revendeur,Particulier,Informatique,Clé USB 64GB,7,8489,5,56452,35418,21034,Virement bancaire,Fête de fin d'année,4.7
CMD-104764,2025-02-26,Congo,Dolisie,Site web,Grande entreprise,Téléphones,Redmi Note 13,5,145639,15,618966,408675,210291,Carte bancaire,Black Friday,4.1
CMD-104765,2023-11-23,Tchad,Sarh,Facebook,Grande entreprise,Mode,Sac à main,11,29845,10,295466,193868,101598,Virement bancaire,Black Friday,4.6
CMD-104766,2026-03-06,Gabon,Port-Gentil,Facebook,Grande entreprise,Informatique,HP EliteBook,2,355410,15,604197,430226,173971,Espèces,Black Friday,4.6
CMD-104767,2025-03-04,Gabon,Libreville,Site web,Grande entreprise,Informatique,Imprimante Canon,4,136312,0,545248,413793,131455,Virement bancaire,Promo rentrée,3.7
CMD-104768,2024-06-16,Gabon,Franceville,Boutique physique,Particulier,Informatique,Imprimante Canon,6,128339,10,693031,487375,205656,Carte bancaire,Promo rentrée,3.6
CMD-104769,2025-05-29,RCA,Bangui,Facebook,Particulier,Alimentation,Lait en poudre,1,6876,0,6876,4240,2636,Mobile Money,Black Friday,3.0
CMD-104770,2023-10-23,Congo,Pointe-Noire,Boutique physique,Grande entreprise,Téléphones,iPhone 13,7,538373,10,3391750,2297274,1094476,Espèces,Aucune campagne,3.2
CMD-104771,2025-11-25,RDC,Goma,WhatsApp Business,Particulier,Informatique,Dell Latitude,6,449159,0,2694954,1997107,697847,Carte bancaire,Aucune campagne,3.8
CMD-104772,2025-02-22,Congo,Dolisie,Site web,Grande entreprise,Informatique,Imprimante Canon,13,110838,0,1440894,799372,641522,Carte bancaire,Aucune campagne,4.0
CMD-104773,2025-11-23,Cameroun,Bafoussam,WhatsApp Business,Grande entreprise,Alimentation,Riz 25kg,8,27536,5,209274,129293,79981,Carte bancaire,Fête de fin d'année,4.3
CMD-104774,2023-04-22,Guinée équatoriale,Malabo,Instagram,Particulier,Alimentation,Boisson gazeuse,2,3554,0,7108,5129,1979,Mobile Money,Fête de fin d'année,3.6
CMD-104775,2025-01-11,Tchad,N'Djamena,Site web,Particulier,Téléphones,Redmi Note 13,7,130541,0,913787,719121,194666,Virement bancaire,Campagne Facebook Ads,3.7
CMD-104776,2023-11-27,RCA,Berbérati,Facebook,Particulier,Électroménager,Mixeur Moulinex,3,37596,5,107149,80994,26155,Virement bancaire,Campagne Facebook Ads,4.7
CMD-104777,2023-10-08,Guinée équatoriale,Malabo,WhatsApp Business,Particulier,Informatique,Dell Latitude,8,402741,15,2738639,2009177,729462,Mobile Money,Fête de fin d'année,4.8
CMD-104778,2023-04-26,RDC,Goma,Facebook,Grande entreprise,Mode,Montre connectée,6,54329,0,325974,201197,124777,Espèces,Promo rentrée,4.6
CMD-104779,2023-09-05,Tchad,Moundou,Boutique physique,PME,Électroménager,Réfrigérateur LG,4,439406,0,1757624,1367590,390034,Espèces,Black Friday,4.4
CMD-104780,2024-05-09,Cameroun,Douala,Boutique physique,Grande entreprise,Informatique,HP EliteBook,10,393243,10,3539187,2507915,1031272,Virement bancaire,Soldes Ramadan,4.6
CMD-104781,2025-12-14,Congo,Pointe-Noire,Facebook,Grande entreprise,Alimentation,Lait en poudre,15,7404,10,99954,62847,37107,Espèces,Black Friday,3.8
CMD-104782,2025-01-20,Cameroun,Garoua,Facebook,PME,Électroménager,Ventilateur Binatone,8,27931,0,223448,151104,72344,Carte bancaire,Aucune campagne,4.4
CMD-104783,2025-01-06,Cameroun,Bafoussam,Instagram,PME,Mode,Chemise homme,1,16588,0,16588,9779,6809,Espèces,Aucune campagne,3.3
CMD-104784,2024-12-28,Gabon,Libreville,Site web,Particulier,Électroménager,Mixeur Moulinex,2,35213,0,70426,50392,20034,Espèces,Aucune campagne,3.3
CMD-104785,2024-03-31,Tchad,Moundou,Instagram,PME,Téléphones,iPhone 13,3,565073,15,1440937,1148722,292215,Virement bancaire,Aucune campagne,4.3
CMD-104786,2024-03-12,Cameroun,Douala,WhatsApp Business,Particulier,Électroménager,Télévision Hisense 43,1,223668,0,223668,154259,69409,Virement bancaire,Fête de fin d'année,3.8
CMD-104787,2025-09-16,RCA,Berbérati,Revendeur,PME,Électroménager,Mixeur Moulinex,12,35585,15,362967,228792,134175,Carte bancaire,Promo rentrée,5.0
CMD-104788,2024-09-06,Guinée équatoriale,Bata,Revendeur,PME,Informatique,Imprimante Canon,9,112285,5,960037,784968,175069,Mobile Money,Fête de fin d'année,4.8
CMD-104789,2024-10-18,RCA,Berbérati,Boutique physique,PME,Électroménager,Réfrigérateur LG,11,403708,5,4218749,3178255,1040494,Espèces,Soldes Ramadan,5.0
CMD-104790,2023-02-13,Guinée équatoriale,Malabo,Boutique physique,PME,Alimentation,Huile 5L,7,9813,5,65257,37908,27349,Virement bancaire,Promo rentrée,3.9
CMD-104791,2026-01-21,Congo,Dolisie,Site web,PME,Informatique,Imprimante Canon,13,110906,5,1369690,1097568,272122,Virement bancaire,Promo rentrée,3.2
CMD-104792,2023-09-16,Congo,Dolisie,Boutique physique,Particulier,Alimentation,Riz 25kg,2,24527,15,41696,28593,13103,Carte bancaire,Promo WhatsApp,4.2
CMD-104793,2024-01-17,Tchad,N'Djamena,Boutique physique,PME,Téléphones,iPhone 13,13,520774,15,5754553,4521702,1232851,Mobile Money,Campagne Facebook Ads,3.1
CMD-104794,2024-11-14,Congo,Nkayi,Instagram,Grande entreprise,Alimentation,Lait en poudre,7,6841,0,47887,29772,18115,Carte bancaire,Soldes Ramadan,4.5
CMD-104795,2023-09-26,Guinée équatoriale,Malabo,WhatsApp Business,PME,Alimentation,Boisson gazeuse,12,3541,10,38243,28615,9628,Mobile Money,Promo rentrée,4.3
CMD-104796,2023-10-14,Guinée équatoriale,Bata,WhatsApp Business,Particulier,Électroménager,Mixeur Moulinex,6,39813,0,238878,171593,67285,Mobile Money,Campagne Facebook Ads,3.2
CMD-104797,2024-02-23,Cameroun,Garoua,Boutique physique,PME,Alimentation,Riz 25kg,6,24058,0,144348,116617,27731,Carte bancaire,Campagne Facebook Ads,5.0
CMD-104798,2025-12-11,Congo,Pointe-Noire,Revendeur,PME,Informatique,Clé USB 64GB,4,9834,0,39336,30029,9307,Mobile Money,Soldes Ramadan,4.4
CMD-104799,2024-08-27,Congo,Nkayi,WhatsApp Business,Particulier,Alimentation,Huile 5L,6,8597,0,51582,32560,19022,Mobile Money,Black Friday,3.7
CMD-104800,2024-01-31,Congo,Brazzaville,Boutique physique,Particulier,Informatique,Imprimante Canon,15,121297,10,1637510,1157139,480371,Espèces,Soldes Ramadan,3.5
CMD-104801,2025-09-15,Guinée équatoriale,Malabo,Site web,Grande entreprise,Informatique,Imprimante Canon,12,108189,5,1233355,762979,470376,Virement bancaire,Soldes Ramadan,3.2
CMD-104802,2024-11-13,Cameroun,Garoua,WhatsApp Business,Grande entreprise,Électroménager,Ventilateur Binatone,9,30029,0,270261,155075,115186,Espèces,Aucune campagne,4.8
CMD-104803,2024-05-27,RCA,Bangui,Facebook,Grande entreprise,Mode,Sac à main,13,28980,5,357903,270723,87180,Espèces,Fête de fin d'année,4.5
CMD-104804,2025-02-14,Tchad,Moundou,WhatsApp Business,Particulier,Téléphones,Tecno Spark 20,3,79934,15,203832,138715,65117,Mobile Money,Promo WhatsApp,4.4
CMD-104805,2024-08-04,Guinée équatoriale,Bata,Facebook,PME,Mode,Sac à main,6,30214,10,163156,98191,64965,Mobile Money,Soldes Ramadan,3.5
CMD-104806,2023-01-16,Guinée équatoriale,Malabo,Site web,Particulier,Mode,Montre connectée,8,46765,0,374120,212366,161754,Mobile Money,Promo WhatsApp,4.7
CMD-104807,2025-11-28,Cameroun,Garoua,Facebook,PME,Informatique,Dell Latitude,14,454254,0,6359556,3531051,2828505,Espèces,Fête de fin d'année,3.5
CMD-104808,2025-07-23,Cameroun,Yaoundé,Facebook,Grande entreprise,Mode,Sac à main,6,30486,0,182916,128533,54383,Virement bancaire,Aucune campagne,3.3
CMD-104809,2024-01-13,Tchad,Sarh,WhatsApp Business,PME,Électroménager,Mixeur Moulinex,3,39355,0,118065,75667,42398,Virement bancaire,Fête de fin d'année,4.9
CMD-104810,2023-08-15,RCA,Berbérati,Instagram,Particulier,Alimentation,Riz 25kg,4,22980,0,91920,62770,29150,Espèces,Aucune campagne,3.4
CMD-104811,2023-11-25,RDC,Matadi,Boutique physique,Particulier,Informatique,Dell Latitude,3,397154,0,1191462,928514,262948,Espèces,Promo rentrée,5.0
CMD-104812,2026-01-21,RCA,Bangui,WhatsApp Business,Grande entreprise,Électroménager,Télévision Hisense 43,3,262520,0,787560,473079,314481,Espèces,Fête de fin d'année,4.0
CMD-104813,2025-04-22,Guinée équatoriale,Malabo,WhatsApp Business,PME,Informatique,HP EliteBook,13,347161,0,4513093,2864665,1648428,Virement bancaire,Promo WhatsApp,3.5
CMD-104814,2024-09-14,Tchad,Moundou,Site web,Grande entreprise,Électroménager,Ventilateur Binatone,14,27571,5,366695,274031,92664,Virement bancaire,Aucune campagne,4.2
CMD-104815,2024-10-07,RCA,Berbérati,WhatsApp Business,Grande entreprise,Téléphones,Tecno Spark 20,12,90169,0,1082028,680935,401093,Carte bancaire,Aucune campagne,4.5
CMD-104816,2023-11-16,RDC,Matadi,Boutique physique,Grande entreprise,Mode,Sac à main,8,35627,10,256515,162665,93850,Virement bancaire,Promo rentrée,4.1
CMD-104817,2023-03-13,RDC,Matadi,Boutique physique,PME,Mode,Sac à main,4,35308,0,141232,107914,33318,Espèces,Soldes Ramadan,4.2
CMD-104818,2024-12-30,Congo,Nkayi,Facebook,Grande entreprise,Alimentation,Huile 5L,5,9988,5,47443,31938,15505,Mobile Money,Promo rentrée,4.4
CMD-104819,2023-07-15,RCA,Berbérati,Instagram,PME,Téléphones,Redmi Note 13,6,148504,5,846473,556234,290239,Espèces,Aucune campagne,5.0
CMD-104820,2025-01-18,Congo,Nkayi,Site web,Particulier,Informatique,Dell Latitude,6,388643,10,2098673,1294950,803723,Carte bancaire,Fête de fin d'année,3.8
CMD-104821,2024-03-13,RCA,Berbérati,Site web,PME,Mode,Chemise homme,2,17705,10,31869,18848,13021,Virement bancaire,Promo WhatsApp,4.7
CMD-104822,2025-06-05,Congo,Dolisie,Facebook,Grande entreprise,Alimentation,Lait en poudre,8,6513,15,44289,34153,10136,Carte bancaire,Black Friday,3.2
CMD-104823,2026-04-05,Guinée équatoriale,Bata,WhatsApp Business,Grande entreprise,Informatique,HP EliteBook,5,378279,10,1702256,1323839,378417,Carte bancaire,Fête de fin d'année,4.5
CMD-104824,2025-08-27,RCA,Bangui,Facebook,Grande entreprise,Alimentation,Riz 25kg,13,23317,10,272809,166524,106285,Carte bancaire,Aucune campagne,4.9
CMD-104825,2025-07-05,Congo,Brazzaville,Facebook,PME,Téléphones,Samsung Galaxy A15,12,94781,15,966767,666067,300700,Virement bancaire,Campagne Facebook Ads,4.4
CMD-104826,2023-07-18,Tchad,Moundou,Facebook,PME,Électroménager,Mixeur Moulinex,1,35503,10,31953,18321,13632,Mobile Money,Soldes Ramadan,3.8
CMD-104827,2023-04-27,Tchad,N'Djamena,Facebook,Particulier,Mode,Montre connectée,11,44185,15,413130,312281,100849,Virement bancaire,Fête de fin d'année,4.4
CMD-104828,2026-04-14,Guinée équatoriale,Malabo,Revendeur,Grande entreprise,Informatique,Imprimante Canon,2,125329,10,225593,173170,52423,Espèces,Soldes Ramadan,4.2
CMD-104829,2023-10-18,Guinée équatoriale,Malabo,Facebook,Particulier,Téléphones,Redmi Note 13,5,131903,0,659515,418202,241313,Espèces,Fête de fin d'année,4.8
CMD-104830,2024-03-23,Congo,Brazzaville,Boutique physique,Grande entreprise,Électroménager,Télévision Hisense 43,14,255445,10,3218607,2261850,956757,Mobile Money,Promo rentrée,4.3
CMD-104831,2023-08-27,RCA,Bangui,Facebook,Grande entreprise,Informatique,Clé USB 64GB,11,8721,0,95931,67177,28754,Carte bancaire,Fête de fin d'année,3.1
CMD-104832,2026-03-12,RDC,Kinshasa,Revendeur,PME,Téléphones,Tecno Spark 20,9,89817,0,808353,590284,218069,Carte bancaire,Promo WhatsApp,4.1
CMD-104833,2025-06-14,Guinée équatoriale,Malabo,Boutique physique,PME,Téléphones,iPhone 13,1,534558,0,534558,373909,160649,Carte bancaire,Soldes Ramadan,3.9
CMD-104834,2025-03-04,Tchad,Moundou,Revendeur,Grande entreprise,Mode,Chaussures Nike,4,53930,15,183362,103129,80233,Carte bancaire,Black Friday,3.5
CMD-104835,2023-06-11,Guinée équatoriale,Bata,Instagram,PME,Alimentation,Boisson gazeuse,13,3616,5,44658,29365,15293,Espèces,Promo rentrée,4.1
CMD-104836,2024-02-23,Cameroun,Douala,Boutique physique,Grande entreprise,Électroménager,Mixeur Moulinex,5,36483,0,182415,117574,64841,Virement bancaire,Black Friday,4.5
CMD-104837,2024-03-05,RDC,Lubumbashi,Boutique physique,Particulier,Électroménager,Télévision Hisense 43,3,229503,15,585233,474157,111076,Virement bancaire,Promo rentrée,3.8
CMD-104838,2025-11-04,RCA,Berbérati,Revendeur,PME,Mode,Chaussures Nike,15,61110,0,916650,711414,205236,Espèces,Aucune campagne,3.6
CMD-104839,2024-07-26,RDC,Kinshasa,Site web,Grande entreprise,Téléphones,Redmi Note 13,5,140415,0,702075,457291,244784,Espèces,Promo WhatsApp,4.0
CMD-104840,2025-04-27,RCA,Bangui,Instagram,Grande entreprise,Téléphones,Redmi Note 13,13,140795,0,1830335,1280415,549920,Espèces,Black Friday,3.9
CMD-104841,2023-03-26,RCA,Bangui,Instagram,Particulier,Informatique,Clé USB 64GB,13,8856,0,115128,82380,32748,Carte bancaire,Black Friday,3.5
CMD-104842,2024-08-07,RDC,Kinshasa,Revendeur,Particulier,Électroménager,Ventilateur Binatone,2,29626,15,50365,33662,16703,Virement bancaire,Aucune campagne,5.0
CMD-104843,2026-01-31,Cameroun,Bafoussam,Site web,Grande entreprise,Alimentation,Riz 25kg,11,22911,0,252021,170409,81612,Mobile Money,Promo WhatsApp,3.9
CMD-104844,2024-10-30,Gabon,Port-Gentil,Instagram,PME,Téléphones,Tecno Spark 20,1,81840,5,77748,49853,27895,Carte bancaire,Soldes Ramadan,3.8
CMD-104845,2023-10-20,RDC,Lubumbashi,WhatsApp Business,Particulier,Mode,Sac à main,12,33215,0,398580,241695,156885,Carte bancaire,Campagne Facebook Ads,4.6
CMD-104846,2026-03-14,Congo,Dolisie,WhatsApp Business,Particulier,Électroménager,Réfrigérateur LG,1,402245,10,362021,272377,89644,Espèces,Soldes Ramadan,4.1
CMD-104847,2024-02-16,Tchad,Moundou,Instagram,Grande entreprise,Alimentation,Huile 5L,8,10267,0,82136,49043,33093,Carte bancaire,Soldes Ramadan,3.7
CMD-104848,2023-09-23,RDC,Matadi,Boutique physique,Particulier,Informatique,HP EliteBook,2,358979,0,717958,509180,208778,Carte bancaire,Black Friday,4.2
CMD-104849,2026-02-05,RDC,Kinshasa,Boutique physique,Grande entreprise,Informatique,Imprimante Canon,15,122228,0,1833420,1361564,471856,Virement bancaire,Soldes Ramadan,4.8
CMD-104850,2025-04-22,Gabon,Franceville,Revendeur,PME,Téléphones,Samsung Galaxy A15,4,99844,10,359439,210744,148695,Carte bancaire,Aucune campagne,4.2
CMD-104851,2024-03-22,Guinée équatoriale,Malabo,Site web,Particulier,Mode,Sac à main,2,30708,0,61416,45182,16234,Carte bancaire,Promo WhatsApp,4.9
CMD-104852,2025-04-27,RCA,Berbérati,Facebook,PME,Électroménager,Ventilateur Binatone,2,27294,0,54588,34207,20381,Virement bancaire,Promo rentrée,3.2
CMD-104853,2024-08-13,RCA,Berbérati,WhatsApp Business,Grande entreprise,Alimentation,Riz 25kg,9,22267,0,200403,110854,89549,Carte bancaire,Black Friday,4.3
CMD-104854,2024-12-03,Cameroun,Douala,Site web,Grande entreprise,Alimentation,Lait en poudre,12,6669,15,68024,54154,13870,Carte bancaire,Soldes Ramadan,4.4
CMD-104855,2025-11-26,RCA,Bangui,Boutique physique,PME,Téléphones,Samsung Galaxy A15,15,104370,15,1330718,932935,397783,Carte bancaire,Black Friday,4.4
CMD-104856,2023-07-05,Cameroun,Yaoundé,Facebook,PME,Mode,Chemise homme,12,18179,0,218148,167155,50993,Mobile Money,Promo rentrée,4.2
CMD-104857,2024-05-23,Tchad,Sarh,WhatsApp Business,PME,Électroménager,Télévision Hisense 43,13,261065,0,3393845,2005413,1388432,Espèces,Promo rentrée,4.0
CMD-104858,2023-11-15,Guinée équatoriale,Bata,WhatsApp Business,Grande entreprise,Alimentation,Boisson gazeuse,9,3380,15,25857,17707,8150,Carte bancaire,Promo rentrée,3.4
CMD-104859,2024-05-06,Congo,Pointe-Noire,Instagram,Grande entreprise,Informatique,Clé USB 64GB,15,8254,0,123810,68449,55361,Carte bancaire,Black Friday,4.5
CMD-104860,2025-03-09,Gabon,Libreville,Boutique physique,PME,Téléphones,Tecno Spark 20,14,82892,0,1160488,652702,507786,Carte bancaire,Promo WhatsApp,3.4
CMD-104861,2026-01-10,Guinée équatoriale,Bata,Boutique physique,Grande entreprise,Informatique,HP EliteBook,9,386512,5,3304678,2520287,784391,Virement bancaire,Promo WhatsApp,4.2
CMD-104862,2026-04-16,RCA,Berbérati,Revendeur,Grande entreprise,Électroménager,Ventilateur Binatone,3,30267,0,90801,57329,33472,Mobile Money,Promo rentrée,4.0
CMD-104863,2024-12-05,Congo,Dolisie,Revendeur,Particulier,Téléphones,Samsung Galaxy A15,12,86190,15,879138,708525,170613,Carte bancaire,Promo rentrée,4.8
CMD-104864,2024-10-27,RDC,Goma,Facebook,Particulier,Téléphones,Samsung Galaxy A15,8,95322,0,762576,593391,169185,Mobile Money,Promo rentrée,4.8
CMD-104865,2025-02-03,Gabon,Franceville,Site web,PME,Mode,Chaussures Nike,14,54514,5,725037,509160,215877,Espèces,Soldes Ramadan,4.7
CMD-104866,2023-02-14,Congo,Nkayi,Instagram,Grande entreprise,Téléphones,iPhone 13,3,572948,0,1718844,1167833,551011,Virement bancaire,Fête de fin d'année,4.8
CMD-104867,2024-08-28,Cameroun,Bafoussam,WhatsApp Business,Grande entreprise,Électroménager,Mixeur Moulinex,3,39127,10,105643,82995,22648,Carte bancaire,Fête de fin d'année,3.2
CMD-104868,2025-09-03,Tchad,Sarh,WhatsApp Business,Particulier,Téléphones,Tecno Spark 20,11,96100,0,1057100,642999,414101,Carte bancaire,Fête de fin d'année,3.0
CMD-104869,2025-08-17,Tchad,N'Djamena,Boutique physique,Grande entreprise,Électroménager,Télévision Hisense 43,13,256374,0,3332862,2225995,1106867,Espèces,Promo WhatsApp,3.6
CMD-104870,2024-09-30,Congo,Brazzaville,Facebook,Particulier,Électroménager,Ventilateur Binatone,14,25450,0,356300,232573,123727,Espèces,Aucune campagne,3.4
CMD-104871,2025-05-11,Congo,Brazzaville,Revendeur,Particulier,Informatique,Imprimante Canon,11,117461,15,1098261,688955,409306,Carte bancaire,Black Friday,4.3
CMD-104872,2024-11-25,Congo,Dolisie,Boutique physique,Grande entreprise,Téléphones,Tecno Spark 20,15,95197,15,1213762,885522,328240,Mobile Money,Fête de fin d'année,4.1
CMD-104873,2023-11-08,RCA,Berbérati,Site web,Grande entreprise,Électroménager,Télévision Hisense 43,1,256141,5,243334,142074,101260,Mobile Money,Soldes Ramadan,3.7
CMD-104874,2025-06-26,RCA,Berbérati,WhatsApp Business,Particulier,Alimentation,Riz 25kg,10,25528,0,255280,193726,61554,Mobile Money,Black Friday,4.9
CMD-104875,2026-02-03,Guinée équatoriale,Malabo,Revendeur,Particulier,Alimentation,Lait en poudre,12,7247,0,86964,55725,31239,Carte bancaire,Black Friday,3.7
CMD-104876,2026-03-26,Congo,Pointe-Noire,WhatsApp Business,PME,Informatique,Dell Latitude,9,452202,5,3866328,3121985,744343,Espèces,Promo rentrée,4.8
CMD-104877,2026-05-01,Cameroun,Yaoundé,Instagram,Particulier,Informatique,Clé USB 64GB,6,8271,0,49626,36449,13177,Carte bancaire,Promo rentrée,3.2
CMD-104878,2023-01-12,Congo,Dolisie,Instagram,Particulier,Téléphones,Redmi Note 13,10,157660,0,1576600,983998,592602,Virement bancaire,Soldes Ramadan,3.9
CMD-104879,2024-09-24,Congo,Pointe-Noire,Revendeur,Grande entreprise,Téléphones,Tecno Spark 20,13,78832,5,973576,747111,226465,Virement bancaire,Black Friday,4.7
CMD-104880,2025-08-08,Cameroun,Douala,Facebook,Particulier,Informatique,Imprimante Canon,4,127515,0,510060,397562,112498,Mobile Money,Promo WhatsApp,4.7
CMD-104881,2023-02-17,Gabon,Libreville,Revendeur,Grande entreprise,Alimentation,Lait en poudre,2,7143,15,12144,7199,4945,Mobile Money,Promo rentrée,4.8
CMD-104882,2023-06-21,Cameroun,Garoua,Facebook,Particulier,Alimentation,Huile 5L,8,10543,0,84344,65895,18449,Mobile Money,Black Friday,4.1
CMD-104883,2025-09-26,Cameroun,Bafoussam,Site web,Grande entreprise,Informatique,HP EliteBook,11,392399,5,4100570,2667147,1433423,Espèces,Campagne Facebook Ads,5.0
CMD-104884,2023-11-24,Cameroun,Yaoundé,Facebook,Particulier,Informatique,HP EliteBook,11,395316,15,3696205,2070873,1625332,Mobile Money,Soldes Ramadan,4.6
CMD-104885,2024-07-24,Gabon,Franceville,Instagram,PME,Électroménager,Télévision Hisense 43,2,229290,0,458580,368610,89970,Carte bancaire,Promo WhatsApp,4.8
CMD-104886,2025-01-25,RCA,Berbérati,Facebook,Grande entreprise,Alimentation,Huile 5L,10,10145,0,101450,55954,45496,Virement bancaire,Promo rentrée,4.7
CMD-104887,2024-05-27,Guinée équatoriale,Bata,Site web,Particulier,Informatique,Dell Latitude,12,455673,0,5468076,3434780,2033296,Espèces,Aucune campagne,4.2
CMD-104888,2025-10-05,Tchad,Sarh,WhatsApp Business,Particulier,Électroménager,Ventilateur Binatone,9,28493,0,256437,156306,100131,Espèces,Soldes Ramadan,4.8
CMD-104889,2023-01-16,Congo,Brazzaville,Boutique physique,Particulier,Alimentation,Riz 25kg,4,27481,0,109924,76632,33292,Mobile Money,Soldes Ramadan,3.4
CMD-104890,2025-06-13,Gabon,Libreville,Instagram,Particulier,Mode,Chemise homme,6,20584,5,117329,81561,35768,Espèces,Aucune campagne,3.3
CMD-104891,2025-09-07,Gabon,Franceville,Facebook,Particulier,Informatique,Dell Latitude,1,413026,0,413026,330492,82534,Carte bancaire,Black Friday,4.9
CMD-104892,2023-06-24,Tchad,N'Djamena,Facebook,Grande entreprise,Alimentation,Riz 25kg,15,23964,0,359460,289665,69795,Mobile Money,Promo WhatsApp,4.2
CMD-104893,2023-10-19,Cameroun,Yaoundé,Instagram,Grande entreprise,Mode,Chaussures Nike,5,54736,0,273680,175886,97794,Virement bancaire,Black Friday,4.1
CMD-104894,2024-04-01,Guinée équatoriale,Bata,WhatsApp Business,PME,Électroménager,Réfrigérateur LG,4,478517,0,1914068,1155790,758278,Mobile Money,Fête de fin d'année,4.5
CMD-104895,2025-02-16,Tchad,Moundou,Site web,PME,Électroménager,Mixeur Moulinex,8,39961,0,319688,178280,141408,Carte bancaire,Fête de fin d'année,3.7
CMD-104896,2025-11-05,Gabon,Franceville,Facebook,Grande entreprise,Téléphones,Tecno Spark 20,4,91824,0,367296,213981,153315,Espèces,Soldes Ramadan,3.2
CMD-104897,2025-11-23,Tchad,Sarh,WhatsApp Business,PME,Téléphones,iPhone 13,12,556621,0,6679452,4130256,2549196,Carte bancaire,Promo WhatsApp,4.0
CMD-104898,2023-07-06,RCA,Berbérati,Revendeur,Particulier,Alimentation,Riz 25kg,10,25039,15,212832,133152,79680,Carte bancaire,Campagne Facebook Ads,4.1
CMD-104899,2025-04-17,Guinée équatoriale,Malabo,WhatsApp Business,PME,Informatique,HP EliteBook,7,356229,0,2493603,1857765,635838,Espèces,Promo WhatsApp,3.2
CMD-104900,2025-03-11,Cameroun,Yaoundé,Revendeur,Grande entreprise,Mode,Chaussures Nike,3,61358,0,184074,117247,66827,Mobile Money,Fête de fin d'année,3.4
CMD-104901,2025-07-10,Congo,Dolisie,Site web,Particulier,Mode,Montre connectée,11,44529,10,440838,249187,191651,Carte bancaire,Campagne Facebook Ads,4.8
CMD-104902,2023-08-04,RCA,Bangui,Boutique physique,Grande entreprise,Alimentation,Lait en poudre,7,6436,10,40547,29244,11303,Mobile Money,Aucune campagne,4.3
CMD-104903,2024-12-15,Guinée équatoriale,Malabo,Site web,Grande entreprise,Mode,Chemise homme,6,19159,0,114954,74806,40148,Carte bancaire,Fête de fin d'année,4.7
CMD-104904,2025-04-30,Congo,Nkayi,WhatsApp Business,PME,Mode,Sac à main,4,32600,15,110840,84842,25998,Carte bancaire,Promo WhatsApp,3.6
CMD-104905,2023-04-29,Congo,Brazzaville,Facebook,Grande entreprise,Téléphones,iPhone 13,7,499715,5,3323105,1881583,1441522,Carte bancaire,Campagne Facebook Ads,4.2
CMD-104906,2025-04-06,Congo,Dolisie,Facebook,PME,Électroménager,Ventilateur Binatone,4,26244,0,104976,59145,45831,Espèces,Promo WhatsApp,3.7
CMD-104907,2023-10-22,Gabon,Franceville,Boutique physique,Grande entreprise,Informatique,Dell Latitude,7,419313,0,2935191,1872502,1062689,Carte bancaire,Fête de fin d'année,3.2
CMD-104908,2026-04-13,Congo,Brazzaville,Site web,Grande entreprise,Alimentation,Lait en poudre,13,6303,0,81939,58731,23208,Virement bancaire,Fête de fin d'année,3.4
CMD-104909,2023-12-02,RDC,Lubumbashi,Revendeur,PME,Informatique,Dell Latitude,10,452625,0,4526250,3550023,976227,Espèces,Black Friday,4.6
CMD-104910,2023-11-20,RCA,Berbérati,Revendeur,PME,Électroménager,Ventilateur Binatone,8,31116,10,224036,155798,68238,Mobile Money,Promo rentrée,4.9
CMD-104911,2023-10-19,Cameroun,Bafoussam,Revendeur,Grande entreprise,Téléphones,Samsung Galaxy A15,7,94701,0,662907,397957,264950,Virement bancaire,Soldes Ramadan,3.2
CMD-104912,2024-01-01,Guinée équatoriale,Bata,Facebook,PME,Informatique,Imprimante Canon,13,110010,0,1430130,974441,455689,Carte bancaire,Black Friday,3.0
CMD-104913,2025-03-27,RDC,Matadi,Facebook,Particulier,Alimentation,Lait en poudre,10,6014,5,57133,33546,23587,Virement bancaire,Soldes Ramadan,3.3
CMD-104914,2023-12-21,Congo,Nkayi,WhatsApp Business,Grande entreprise,Électroménager,Réfrigérateur LG,1,481684,10,433516,300545,132971,Mobile Money,Promo WhatsApp,3.4
CMD-104915,2023-08-11,Tchad,Moundou,Instagram,Grande entreprise,Électroménager,Télévision Hisense 43,14,231077,10,2911571,1746881,1164690,Mobile Money,Soldes Ramadan,4.0
CMD-104916,2023-04-09,RDC,Lubumbashi,Revendeur,Grande entreprise,Mode,Montre connectée,8,45838,15,311699,228006,83693,Virement bancaire,Black Friday,3.7
CMD-104917,2025-07-07,Gabon,Port-Gentil,Facebook,PME,Mode,Chemise homme,13,20666,0,268658,192750,75908,Carte bancaire,Aucune campagne,4.2
CMD-104918,2023-03-25,Cameroun,Bafoussam,Site web,Particulier,Téléphones,Redmi Note 13,14,140405,0,1965670,1562873,402797,Virement bancaire,Aucune campagne,4.1
CMD-104919,2025-02-28,RDC,Lubumbashi,Facebook,Particulier,Mode,Montre connectée,8,53132,0,425056,305337,119719,Virement bancaire,Black Friday,3.5
CMD-104920,2026-02-18,RDC,Kinshasa,Revendeur,Particulier,Téléphones,Redmi Note 13,6,138872,0,833232,460313,372919,Carte bancaire,Campagne Facebook Ads,3.6
CMD-104921,2023-09-26,Tchad,Sarh,Revendeur,PME,Téléphones,Samsung Galaxy A15,2,96411,0,192822,147380,45442,Mobile Money,Promo WhatsApp,3.0
CMD-104922,2024-06-18,RDC,Matadi,WhatsApp Business,Grande entreprise,Téléphones,Tecno Spark 20,6,85302,0,511812,338735,173077,Mobile Money,Black Friday,3.1
CMD-104923,2025-03-05,Tchad,N'Djamena,Revendeur,PME,Électroménager,Mixeur Moulinex,15,39935,15,509172,321410,187762,Espèces,Promo rentrée,3.9
CMD-104924,2024-12-27,RDC,Goma,Boutique physique,PME,Alimentation,Lait en poudre,7,6515,0,45605,35540,10065,Carte bancaire,Aucune campagne,4.9
CMD-104925,2024-06-26,Guinée équatoriale,Malabo,Site web,Grande entreprise,Électroménager,Mixeur Moulinex,4,40124,15,136422,101922,34500,Mobile Money,Black Friday,3.1
CMD-104926,2025-01-18,Guinée équatoriale,Bata,Facebook,Particulier,Alimentation,Riz 25kg,8,24031,0,192248,135635,56613,Virement bancaire,Black Friday,3.9
CMD-104927,2025-07-24,Guinée équatoriale,Bata,Facebook,PME,Alimentation,Boisson gazeuse,1,3744,15,3183,2515,668,Virement bancaire,Black Friday,3.1
CMD-104928,2023-10-18,Congo,Brazzaville,Instagram,PME,Mode,Chemise homme,14,20135,15,239607,152963,86644,Espèces,Promo WhatsApp,4.2
CMD-104929,2023-08-23,Congo,Pointe-Noire,Boutique physique,Particulier,Mode,Montre connectée,9,43722,0,393498,309886,83612,Mobile Money,Promo WhatsApp,4.5
CMD-104930,2023-11-24,Tchad,Moundou,Revendeur,Particulier,Mode,Montre connectée,7,54497,0,381479,215208,166271,Virement bancaire,Fête de fin d'année,3.0
CMD-104931,2023-03-02,Guinée équatoriale,Malabo,Boutique physique,Particulier,Électroménager,Mixeur Moulinex,3,33672,0,101016,60486,40530,Espèces,Fête de fin d'année,4.2
CMD-104932,2024-06-12,RCA,Berbérati,Revendeur,Particulier,Électroménager,Réfrigérateur LG,3,455784,0,1367352,814566,552786,Espèces,Promo rentrée,5.0
CMD-104933,2024-10-03,Congo,Brazzaville,Instagram,PME,Alimentation,Lait en poudre,6,6274,0,37644,24051,13593,Virement bancaire,Soldes Ramadan,3.2
CMD-104934,2023-12-28,Tchad,Sarh,Site web,Grande entreprise,Électroménager,Ventilateur Binatone,5,31136,0,155680,86721,68959,Virement bancaire,Fête de fin d'année,3.8
CMD-104935,2023-07-23,RCA,Berbérati,WhatsApp Business,Particulier,Électroménager,Réfrigérateur LG,12,447677,0,5372124,3986895,1385229,Virement bancaire,Promo rentrée,3.6
CMD-104936,2026-04-08,Gabon,Libreville,Boutique physique,PME,Électroménager,Télévision Hisense 43,9,240206,0,2161854,1453319,708535,Mobile Money,Aucune campagne,4.6
CMD-104937,2025-10-10,Tchad,N'Djamena,Boutique physique,Particulier,Électroménager,Ventilateur Binatone,2,25619,0,51238,36183,15055,Virement bancaire,Fête de fin d'année,3.2
CMD-104938,2023-07-25,RDC,Kinshasa,Instagram,PME,Mode,Montre connectée,9,46969,0,422721,254111,168610,Mobile Money,Fête de fin d'année,3.3
CMD-104939,2024-11-29,Cameroun,Bafoussam,Facebook,Particulier,Informatique,HP EliteBook,12,407798,15,4159540,3222304,937236,Virement bancaire,Soldes Ramadan,3.4
CMD-104940,2025-11-18,Congo,Brazzaville,Boutique physique,PME,Alimentation,Lait en poudre,12,7087,5,80792,48865,31927,Mobile Money,Fête de fin d'année,3.0
CMD-104941,2024-09-08,RCA,Bangui,Boutique physique,PME,Électroménager,Ventilateur Binatone,12,30000,10,324000,255779,68221,Carte bancaire,Black Friday,3.2
CMD-104942,2025-03-03,Guinée équatoriale,Malabo,Instagram,Particulier,Téléphones,Samsung Galaxy A15,15,108519,15,1383618,967051,416567,Carte bancaire,Black Friday,3.7
CMD-104943,2023-05-11,Gabon,Franceville,Instagram,Grande entreprise,Mode,Chaussures Nike,10,52649,0,526490,417114,109376,Espèces,Promo WhatsApp,4.8
CMD-104944,2024-05-27,RDC,Goma,Instagram,Particulier,Mode,Sac à main,3,34414,0,103242,76526,26716,Virement bancaire,Black Friday,3.2
CMD-104945,2026-03-18,Guinée équatoriale,Malabo,Facebook,PME,Électroménager,Télévision Hisense 43,4,215604,15,733054,518212,214842,Virement bancaire,Promo rentrée,4.9
CMD-104946,2023-03-22,RDC,Goma,Instagram,Grande entreprise,Téléphones,Tecno Spark 20,6,90028,0,540168,400318,139850,Espèces,Promo rentrée,4.5
CMD-104947,2025-10-01,Guinée équatoriale,Bata,Facebook,Particulier,Électroménager,Ventilateur Binatone,4,27097,5,102969,72339,30630,Carte bancaire,Campagne Facebook Ads,4.6
CMD-104948,2024-10-17,Cameroun,Bafoussam,Site web,Grande entreprise,Électroménager,Réfrigérateur LG,15,467656,15,5962614,4784226,1178388,Carte bancaire,Black Friday,4.9
CMD-104949,2024-02-28,Tchad,Sarh,Boutique physique,PME,Électroménager,Réfrigérateur LG,10,393924,0,3939240,2979949,959291,Espèces,Campagne Facebook Ads,4.8
CMD-104950,2023-03-13,RCA,Bangui,Site web,PME,Électroménager,Ventilateur Binatone,1,28673,10,25806,16274,9532,Carte bancaire,Campagne Facebook Ads,3.8
CMD-104951,2023-10-26,Gabon,Port-Gentil,Facebook,PME,Téléphones,Tecno Spark 20,10,84344,0,843440,603896,239544,Virement bancaire,Promo WhatsApp,4.1
CMD-104952,2023-11-13,Tchad,Sarh,Instagram,Particulier,Électroménager,Réfrigérateur LG,7,472937,0,3310559,2397670,912889,Espèces,Aucune campagne,3.9
CMD-104953,2023-04-24,RDC,Matadi,Instagram,Grande entreprise,Informatique,Clé USB 64GB,15,9777,0,146655,101642,45013,Espèces,Fête de fin d'année,5.0
CMD-104954,2024-03-10,Guinée équatoriale,Malabo,Boutique physique,PME,Téléphones,Samsung Galaxy A15,1,102044,10,91840,69349,22491,Virement bancaire,Campagne Facebook Ads,3.2
CMD-104955,2023-05-29,RDC,Matadi,WhatsApp Business,Grande entreprise,Alimentation,Boisson gazeuse,10,3538,0,35380,21474,13906,Carte bancaire,Soldes Ramadan,3.2
CMD-104956,2024-10-26,Tchad,Sarh,Facebook,PME,Alimentation,Riz 25kg,1,23220,0,23220,16225,6995,Virement bancaire,Fête de fin d'année,4.3
CMD-104957,2026-01-12,RCA,Berbérati,Facebook,Grande entreprise,Informatique,Imprimante Canon,1,132181,0,132181,84230,47951,Mobile Money,Promo WhatsApp,4.0
CMD-104958,2026-01-10,Tchad,N'Djamena,Site web,Grande entreprise,Informatique,Dell Latitude,10,460345,5,4373278,3013457,1359821,Espèces,Aucune campagne,4.9
CMD-104959,2023-03-13,RCA,Berbérati,Facebook,Grande entreprise,Informatique,HP EliteBook,7,345683,5,2298792,1624192,674600,Espèces,Promo rentrée,4.1
CMD-104960,2023-01-02,Gabon,Franceville,Instagram,PME,Électroménager,Réfrigérateur LG,10,433269,10,3899421,2164133,1735288,Virement bancaire,Black Friday,4.6
CMD-104961,2024-02-20,Congo,Pointe-Noire,Instagram,PME,Informatique,Dell Latitude,1,395093,10,355584,216732,138852,Mobile Money,Fête de fin d'année,4.9
CMD-104962,2023-10-23,Cameroun,Bafoussam,Revendeur,PME,Alimentation,Huile 5L,6,9105,0,54630,31538,23092,Mobile Money,Campagne Facebook Ads,4.9
CMD-104963,2026-02-22,Cameroun,Yaoundé,Facebook,Grande entreprise,Informatique,Dell Latitude,15,404101,15,5152288,3331067,1821221,Mobile Money,Fête de fin d'année,4.0
CMD-104964,2023-08-18,Guinée équatoriale,Malabo,Facebook,PME,Mode,Sac à main,8,31002,0,248016,142916,105100,Espèces,Fête de fin d'année,3.2
CMD-104965,2023-02-07,RCA,Berbérati,Boutique physique,PME,Téléphones,Tecno Spark 20,11,82846,5,865741,639347,226394,Mobile Money,Promo rentrée,4.4
CMD-104966,2023-01-31,RDC,Kinshasa,Revendeur,Grande entreprise,Électroménager,Ventilateur Binatone,8,29948,15,203647,138933,64714,Espèces,Promo rentrée,4.9
CMD-104967,2024-09-22,RCA,Berbérati,Revendeur,Particulier,Mode,Chaussures Nike,8,52116,5,396082,236232,159850,Espèces,Promo rentrée,3.1
CMD-104968,2025-05-19,Gabon,Port-Gentil,Revendeur,Particulier,Téléphones,Samsung Galaxy A15,3,87288,10,235678,151412,84266,Espèces,Black Friday,4.9
CMD-104969,2023-02-02,RDC,Kinshasa,Boutique physique,Particulier,Informatique,Imprimante Canon,6,132725,0,796350,471614,324736,Virement bancaire,Aucune campagne,3.5
CMD-104970,2025-10-24,Guinée équatoriale,Bata,WhatsApp Business,PME,Mode,Montre connectée,8,47342,0,378736,249144,129592,Carte bancaire,Black Friday,4.5
CMD-104971,2024-12-27,Guinée équatoriale,Malabo,Site web,Grande entreprise,Téléphones,iPhone 13,9,564727,5,4828416,3317119,1511297,Mobile Money,Soldes Ramadan,3.4
CMD-104972,2025-08-19,Tchad,Moundou,Boutique physique,Grande entreprise,Téléphones,Samsung Galaxy A15,13,92727,0,1205451,965048,240403,Carte bancaire,Promo WhatsApp,4.8
CMD-104973,2024-04-18,RCA,Bangui,Revendeur,PME,Alimentation,Huile 5L,5,10448,5,49628,34506,15122,Espèces,Black Friday,3.2
CMD-104974,2025-04-21,Gabon,Libreville,Instagram,Grande entreprise,Alimentation,Huile 5L,4,8885,0,35540,25615,9925,Espèces,Soldes Ramadan,4.7
CMD-104975,2026-04-26,RCA,Berbérati,WhatsApp Business,Grande entreprise,Mode,Sac à main,3,30792,0,92376,57184,35192,Carte bancaire,Soldes Ramadan,4.4
CMD-104976,2025-04-05,Congo,Brazzaville,Revendeur,PME,Électroménager,Mixeur Moulinex,5,39796,5,189031,107637,81394,Virement bancaire,Promo rentrée,4.4
CMD-104977,2025-01-20,Gabon,Port-Gentil,Instagram,Grande entreprise,Alimentation,Huile 5L,15,9613,0,144195,80358,63837,Espèces,Soldes Ramadan,4.4
CMD-104978,2023-07-14,Tchad,N'Djamena,WhatsApp Business,Grande entreprise,Mode,Chaussures Nike,15,61270,5,873098,653880,219218,Mobile Money,Black Friday,3.4
CMD-104979,2025-06-25,Guinée équatoriale,Bata,Instagram,Particulier,Alimentation,Riz 25kg,3,23520,5,67032,39930,27102,Espèces,Soldes Ramadan,3.5
CMD-104980,2025-05-02,Gabon,Libreville,WhatsApp Business,PME,Informatique,Dell Latitude,5,389398,0,1946990,1435107,511883,Mobile Money,Campagne Facebook Ads,3.6
CMD-104981,2023-11-25,RDC,Kinshasa,Instagram,PME,Informatique,Clé USB 64GB,5,8654,15,36780,20497,16283,Mobile Money,Fête de fin d'année,3.6
CMD-104982,2024-08-04,Guinée équatoriale,Malabo,Instagram,Grande entreprise,Téléphones,Tecno Spark 20,10,91441,10,822969,499244,323725,Carte bancaire,Promo WhatsApp,4.0
CMD-104983,2025-11-10,RDC,Matadi,Revendeur,Particulier,Électroménager,Télévision Hisense 43,13,249855,0,3248115,1934564,1313551,Carte bancaire,Campagne Facebook Ads,3.6
CMD-104984,2025-10-30,Tchad,Sarh,Boutique physique,Particulier,Mode,Montre connectée,13,54231,0,705003,413187,291816,Espèces,Campagne Facebook Ads,3.3
CMD-104985,2024-09-30,RCA,Berbérati,Boutique physique,PME,Mode,Chemise homme,11,20657,10,204505,116522,87983,Mobile Money,Black Friday,4.4
CMD-104986,2026-02-18,Guinée équatoriale,Bata,WhatsApp Business,Particulier,Informatique,Clé USB 64GB,2,9727,0,19454,15495,3959,Espèces,Campagne Facebook Ads,3.9
CMD-104987,2024-07-19,Tchad,Moundou,Instagram,PME,Alimentation,Boisson gazeuse,9,3212,5,27463,21413,6050,Virement bancaire,Aucune campagne,3.9
CMD-104988,2024-12-27,Cameroun,Bafoussam,Site web,Particulier,Informatique,HP EliteBook,15,359324,0,5389860,3346917,2042943,Virement bancaire,Aucune campagne,4.6
CMD-104989,2023-10-11,RDC,Goma,Revendeur,Particulier,Mode,Montre connectée,1,44563,10,40107,26123,13984,Carte bancaire,Black Friday,4.8
CMD-104990,2023-05-28,RDC,Lubumbashi,Instagram,Grande entreprise,Mode,Chaussures Nike,7,54603,0,382221,279737,102484,Espèces,Promo WhatsApp,3.4
CMD-104991,2023-05-19,RCA,Bangui,Boutique physique,PME,Électroménager,Télévision Hisense 43,5,256603,0,1283015,930747,352268,Espèces,Aucune campagne,3.3
CMD-104992,2023-04-09,Guinée équatoriale,Bata,Boutique physique,Particulier,Électroménager,Télévision Hisense 43,14,241674,0,3383436,1986908,1396528,Espèces,Campagne Facebook Ads,3.7
CMD-104993,2026-02-13,Gabon,Libreville,Site web,PME,Téléphones,Redmi Note 13,11,139343,5,1456135,805860,650275,Carte bancaire,Soldes Ramadan,4.0
CMD-104994,2023-11-30,Gabon,Libreville,Facebook,PME,Alimentation,Riz 25kg,6,27566,15,140587,96734,43853,Mobile Money,Black Friday,3.3
CMD-104995,2026-01-08,Congo,Pointe-Noire,Revendeur,Particulier,Mode,Montre connectée,7,54850,0,383950,227832,156118,Mobile Money,Fête de fin d'année,4.2
CMD-104996,2026-04-22,Tchad,Sarh,Boutique physique,Grande entreprise,Alimentation,Lait en poudre,15,6418,5,91457,71544,19913,Virement bancaire,Aucune campagne,4.3
CMD-104997,2024-10-09,Congo,Dolisie,WhatsApp Business,Particulier,Informatique,Dell Latitude,7,462332,15,2750876,2093090,657786,Virement bancaire,Promo WhatsApp,3.5
CMD-104998,2024-04-21,Guinée équatoriale,Bata,WhatsApp Business,PME,Informatique,Dell Latitude,5,426964,0,2134820,1305979,828841,Virement bancaire,Aucune campagne,3.6
CMD-104999,2024-11-04,RCA,Berbérati,Instagram,Grande entreprise,Informatique,Clé USB 64GB,7,9746,0,68222,39528,28694,Mobile Money,Promo WhatsApp,4.9
CMD-105000,2025-05-05,Congo,Nkayi,Revendeur,Particulier,Informatique,HP EliteBook,6,383679,5,2186971,1704344,482627,Virement bancaire,Aucune campagne,3.1
